Primary_applicant_age_in_years,Number_of_dependents,Years_at_current_residence,Employment_status,Foreign_worker,Months_loan_taken_for,Principal_loan_amount,EMI_rate_in_percentage_of_disposable_income,Has_coapplicant,Has_guarantor,Number_of_existing_loans_at_this_bank,Loan_history,high_risk_applicant,Savings_account_balance,Property,Purpose,Gender_male,Marital_status_divorced/separated/married,Marital_status_married/widowed,Marital_status_single,Housing_own,Housing_rent,average_employed_years
4.219507705176107,1,4,0,1,6,13.971660095885833,4,0,0,2,0,0,0,0,0,1,0,0,1,1,0,1.6094379124341003
3.1354942159291497,1,2,0,1,48,15.59906999866596,2,0,0,1,1,1,1,0,0,0,1,0,0,1,0,1.252762968495368
3.912023005428146,2,3,1,1,12,14.555541801522192,2,0,0,1,0,0,1,0,1,1,0,0,1,1,0,1.8718021769015913
3.828641396489095,2,4,0,1,42,15.88009236360843,2,0,1,1,1,0,1,1,2,1,0,0,1,0,0,1.8718021769015913
3.9889840465642745,2,4,0,1,24,15.398604700397561,3,0,0,2,2,1,1,2,3,1,0,0,1,0,0,1.252762968495368
3.58351893845611,2,4,1,1,36,16.018827759735867,2,0,0,1,1,0,0,2,1,1,0,0,1,0,0,1.252762968495368
3.9889840465642745,1,4,0,1,24,14.857552847877614,3,0,0,1,1,0,2,1,2,1,0,0,1,1,0,1.6094379124341003
3.58351893845611,1,2,2,1,36,15.753964550269432,2,0,0,1,1,0,1,2,4,1,0,0,1,0,1,1.252762968495368
4.127134385045092,1,4,1,1,12,14.933598950037204,2,0,0,1,1,0,3,0,0,1,0,0,0,1,0,1.8718021769015913
3.367295829986474,1,2,2,1,30,15.470686553130674,4,0,0,2,0,1,1,2,3,1,0,1,0,1,0,0.0
3.258096538021482,1,1,0,1,12,14.07402202531625,3,0,0,1,1,1,1,2,3,0,1,0,0,0,1,0.4054651081081644
3.2188758248682006,1,4,0,1,48,15.275984549384665,3,0,0,1,1,1,1,1,5,0,1,0,0,0,1,0.4054651081081644
3.1354942159291497,1,1,0,1,12,14.264674159500048,1,0,0,1,1,0,1,2,0,0,1,0,0,1,0,1.252762968495368
4.110873864173311,1,4,1,1,24,13.99699926803766,4,0,0,2,0,1,1,2,3,1,0,0,1,1,0,1.6094379124341003
3.367295829986474,1,4,0,1,15,14.15412407184272,2,0,0,1,1,0,1,2,3,0,1,0,0,0,1,1.252762968495368
3.4965075614664802,1,2,1,1,24,14.06393269649365,4,0,0,1,1,1,0,2,0,0,1,0,0,1,0,1.252762968495368
3.9889840465642745,1,4,0,1,24,14.700930038712512,4,0,0,2,0,0,0,1,0,1,0,0,1,1,0,1.6094379124341003
3.258096538021482,1,3,0,1,30,15.903911964900608,2,0,0,3,3,0,0,2,5,1,0,0,1,1,0,0.4054651081081644
3.8066624897703196,1,2,2,1,24,16.34753939431858,4,0,0,1,1,1,1,2,4,0,1,0,0,0,0,1.6094379124341003
3.4657359027997265,2,2,0,1,24,15.04807111068727,3,0,0,1,1,0,2,2,0,1,0,0,1,1,0,1.6094379124341003
3.8918202981106265,1,4,0,1,9,14.573509179447287,4,0,0,3,0,0,1,2,3,1,0,0,1,1,0,1.252762968495368
3.8066624897703196,2,3,0,1,6,14.78893785899534,2,0,0,1,1,0,2,0,0,1,0,0,1,0,1,1.252762968495368
3.8918202981106265,2,3,1,0,10,14.622433199012326,1,0,0,2,0,0,1,0,3,1,0,0,1,0,1,0.4054651081081644
3.8066624897703196,1,4,0,1,12,14.405517533928277,3,0,0,1,0,0,0,1,4,1,0,0,1,1,0,0.4054651081081644
3.295836866004329,1,1,0,0,10,14.54257644005284,2,0,0,2,0,0,0,2,2,1,0,1,0,1,0,1.252762968495368
3.6109179126442243,1,2,1,1,6,14.133237479566205,1,0,0,1,1,0,1,0,2,1,0,0,1,1,0,1.252762968495368
3.6888794541139363,1,4,1,1,6,12.962196972666593,4,0,0,1,3,0,1,2,0,1,0,1,0,1,0,1.6094379124341003
3.7612001156935624,1,3,0,1,12,12.921472880009725,3,0,0,2,4,0,3,0,0,0,1,0,0,0,1,1.252762968495368
3.5553480614894135,1,2,0,1,7,14.697210259147399,3,0,1,1,1,0,1,0,0,1,0,0,1,1,0,1.252762968495368
4.1588830833596715,1,4,0,1,60,15.737713469501985,3,0,0,2,2,1,1,2,5,1,0,0,1,1,0,1.6094379124341003
3.6109179126442243,1,3,0,1,18,14.464183771161407,3,0,0,1,1,0,3,0,5,1,0,1,0,1,0,0.4054651081081644
3.332204510175204,1,2,0,1,24,15.206792709351392,2,0,0,1,1,0,1,2,2,1,0,0,1,1,0,1.252762968495368
3.4339872044851463,1,2,0,1,18,15.584683698993436,2,0,0,2,1,0,0,2,3,1,0,0,1,1,0,1.252762968495368
4.060443010546419,1,4,1,1,12,14.049792644827868,4,0,0,1,0,0,0,2,5,1,0,0,1,0,1,1.6094379124341003
3.5263605246161616,1,1,2,1,12,14.20349103015724,4,0,0,1,1,0,1,1,2,0,1,0,0,1,0,0.4054651081081644
3.258096538021482,1,2,1,1,45,15.372812926681574,4,0,0,2,0,1,1,1,0,1,0,0,1,1,0,0.4054651081081644
3.4657359027997265,1,3,0,1,48,15.625437494813886,1,0,0,1,0,0,1,2,1,1,0,0,1,0,0,1.252762968495368
3.6375861597263857,1,2,0,1,18,14.557448378884015,4,1,0,1,1,1,1,0,0,1,0,0,1,1,0,1.252762968495368
3.6375861597263857,1,2,0,1,10,14.018452218287162,2,0,0,1,1,0,1,2,6,1,0,0,1,1,0,1.252762968495368
3.2188758248682006,1,3,0,1,9,13.034626646500051,4,0,0,1,1,0,1,0,0,1,0,0,1,1,0,1.252762968495368
3.4339872044851463,1,2,2,1,30,14.662665979636136,4,0,0,1,1,0,2,2,0,1,0,0,1,1,0,1.6094379124341003
3.295836866004329,1,1,0,1,12,13.962205800672564,3,0,0,1,1,0,2,2,0,1,0,0,0,1,0,1.252762968495368
3.8066624897703196,2,4,1,1,18,15.640704964464884,2,0,0,1,2,0,1,0,7,1,0,0,1,1,0,1.252762968495368
3.2188758248682006,1,4,0,1,30,15.637961036142336,1,0,0,2,0,0,0,2,4,1,0,1,0,0,1,1.8718021769015913
4.07753744390572,1,4,1,1,48,15.630823942932963,4,0,0,2,0,1,1,2,4,0,1,0,0,0,0,1.6094379124341003
3.58351893845611,1,4,2,1,11,14.146970970636774,4,0,0,2,0,0,1,2,3,0,1,0,0,1,0,0.4054651081081644
3.6888794541139363,1,4,0,1,36,14.64798523871695,4,0,0,1,1,0,2,2,0,1,0,0,1,1,0,1.6094379124341003
3.1780538303479458,1,2,3,1,6,14.117096275229743,1,0,0,1,1,0,2,1,4,0,1,0,0,0,1,0.0
3.6888794541139363,1,4,1,1,11,15.793473069045104,1,0,0,2,0,0,1,1,3,1,0,0,1,1,0,1.252762968495368
3.367295829986474,1,2,0,1,12,14.544507873810469,4,1,0,1,1,0,0,0,0,0,1,0,0,1,0,1.252762968495368
3.4011973816621555,1,2,1,1,24,14.662665979636136,4,0,0,1,2,0,0,1,2,1,0,0,1,1,0,0.4054651081081644
3.4339872044851463,1,2,2,1,27,15.601419781158732,1,0,0,2,2,0,1,2,4,1,0,0,1,1,0,1.6094379124341003
3.258096538021482,1,2,0,1,12,14.048209114476009,3,0,0,1,1,0,1,2,0,1,0,0,1,1,0,1.252762968495368
3.4657359027997265,1,1,0,1,18,15.032794672382995,2,0,0,1,1,0,0,1,4,1,0,0,1,1,0,1.252762968495368
4.060443010546419,1,4,0,1,36,14.615267923020578,4,0,0,2,2,1,1,2,3,1,0,0,1,0,0,1.6094379124341003
3.295836866004329,2,2,1,1,6,13.570889252111332,1,0,1,1,4,0,0,0,3,1,0,0,1,1,0,1.252762968495368
3.970291913552122,1,1,2,1,12,15.68237765428642,2,0,0,1,1,1,0,2,0,1,0,0,1,1,0,0.0
3.4657359027997265,1,2,0,1,36,16.073725807759274,2,0,0,2,0,0,1,2,0,0,1,0,0,1,0,1.252762968495368
3.1780538303479458,1,2,2,1,18,14.48896561512226,3,0,0,1,1,0,1,2,3,0,1,0,0,1,0,1.6094379124341003
3.1780538303479458,1,4,1,1,36,15.644726524775683,4,1,0,2,0,1,1,2,2,0,1,0,0,0,1,0.4054651081081644
3.332204510175204,1,1,0,1,9,14.145534189812583,2,0,0,1,1,0,1,0,5,1,0,1,0,1,0,1.252762968495368
3.9318256327243257,1,4,0,1,15,14.245343673138608,4,0,1,2,0,0,0,0,0,1,0,0,1,1,0,1.6094379124341003
4.127134385045092,1,4,2,1,36,14.484877721891454,4,0,0,1,3,1,1,2,5,1,0,0,1,0,0,1.6094379124341003
3.258096538021482,1,2,0,1,48,16.484196104887523,2,0,0,1,3,1,1,2,5,1,0,0,1,1,0,1.252762968495368
3.295836866004329,1,4,0,1,24,14.972706485097783,4,0,0,1,1,0,1,1,0,0,1,0,0,1,0,0.4054651081081644
3.8918202981106265,2,4,0,1,27,15.46224444782028,4,0,0,4,1,0,0,1,7,1,0,0,1,1,0,1.6094379124341003
3.4011973816621555,1,2,0,1,12,14.59069890947755,2,0,0,1,1,0,1,2,0,0,1,0,0,1,0,0.4054651081081644
3.1354942159291497,1,1,0,1,12,13.822487164748866,4,0,0,1,1,0,3,0,3,1,0,1,0,1,0,1.252762968495368
3.6375861597263857,1,4,0,1,36,14.41379800725272,4,0,0,1,1,1,1,2,1,1,0,0,1,0,0,1.252762968495368
3.258096538021482,1,4,0,1,36,14.688476582810912,4,0,0,1,1,0,0,2,0,0,1,0,0,1,0,1.252762968495368
3.4339872044851463,1,2,0,1,36,15.911440540104763,1,0,0,1,1,0,1,1,4,0,1,0,0,1,0,1.252762968495368
3.8501476017100584,1,2,1,1,7,13.500801182986649,4,0,0,2,0,0,0,1,0,1,0,0,1,0,1,1.6094379124341003
3.9512437185814275,2,4,2,1,8,13.96737376637968,3,0,0,2,0,0,1,2,8,1,0,0,1,0,0,1.6094379124341003
3.7376696182833684,1,1,1,1,42,15.59957398851216,2,0,0,2,0,0,1,0,5,0,1,0,0,1,0,1.8718021769015913
3.713572066704308,1,4,2,1,36,14.497091607969521,4,0,0,1,1,1,0,2,1,1,0,0,1,1,0,1.6094379124341003
4.204692619390966,1,4,2,1,12,14.238161146134319,4,0,0,2,0,0,1,2,4,1,0,0,1,0,0,1.6094379124341003
3.5553480614894135,1,3,0,1,42,15.193016665257863,4,0,0,1,1,1,1,2,0,1,0,0,1,1,0,0.4054651081081644
3.9512437185814275,1,4,0,1,11,15.378066694097887,2,0,0,1,2,0,1,1,0,1,0,0,1,1,0,1.8718021769015913
3.6888794541139363,2,2,1,1,54,16.060042825486807,2,0,0,1,3,0,0,1,4,1,0,0,1,1,0,1.252762968495368
3.1354942159291497,1,1,0,1,30,15.158897679033188,2,0,0,1,1,0,1,1,2,1,0,1,0,1,0,0.4054651081081644
3.8066624897703196,1,1,0,1,24,15.59772478261397,1,0,0,2,1,1,0,2,0,0,1,0,0,1,0,0.4054651081081644
3.871201010907891,1,3,0,1,15,14.008608012328155,4,0,0,1,1,0,2,1,0,1,0,0,1,1,0,1.6094379124341003
3.2188758248682006,1,4,1,1,18,14.265312117647388,3,0,0,1,1,0,0,1,5,0,1,0,0,0,1,1.252762968495368
4.07753744390572,1,4,1,1,24,14.377979984682511,4,0,1,1,1,0,1,0,8,0,1,0,0,1,0,1.6094379124341003
3.970291913552122,1,4,1,1,10,14.654920677467821,3,0,0,1,1,0,1,0,0,1,0,0,1,1,0,1.6094379124341003
3.4011973816621555,1,2,2,1,12,14.160518405250372,4,0,1,2,0,0,1,0,5,0,1,0,0,1,0,1.252762968495368
3.332204510175204,1,1,0,1,18,14.07402202531625,4,0,0,2,0,0,1,1,2,0,1,0,0,1,0,0.4054651081081644
3.871201010907891,2,4,0,1,36,16.350159378936652,1,0,0,1,1,1,0,2,1,1,0,0,1,0,0,1.252762968495368
3.4339872044851463,2,3,2,1,18,14.625996675583417,4,0,0,1,1,0,0,2,3,1,0,0,1,1,0,1.8718021769015913
3.367295829986474,1,3,0,1,12,13.918068048816036,4,0,0,2,3,1,1,0,7,1,0,0,1,1,0,1.8718021769015913
4.04305126783455,1,4,0,1,12,13.334245354561496,4,0,0,1,0,0,1,0,0,1,0,0,1,1,0,1.6094379124341003
4.007333185232471,1,3,0,1,12,14.158391500603773,4,0,0,1,0,0,1,0,4,1,0,0,1,1,0,1.6094379124341003
3.5263605246161616,2,3,1,1,12,13.588611212476708,4,0,0,1,0,1,0,1,0,0,1,0,0,1,0,1.6094379124341003
3.044522437723423,1,4,0,1,24,15.10115578740641,4,1,0,2,0,0,0,2,2,1,0,0,1,0,1,1.6094379124341003
4.007333185232471,1,4,0,1,12,14.091626752769644,4,0,0,1,1,0,3,0,3,1,0,0,1,1,0,1.6094379124341003
4.07753744390572,1,4,0,1,54,16.584655921141877,3,0,0,1,3,1,1,2,5,1,0,0,1,0,1,0.4054651081081644
4.127134385045092,1,2,0,1,12,14.514640307219535,4,0,0,1,0,0,0,2,1,0,1,0,0,1,0,1.8718021769015913
3.5553480614894135,1,4,0,1,18,14.779448324693963,4,0,0,1,1,0,0,2,5,1,0,0,1,1,0,1.252762968495368
3.6109179126442243,1,4,0,1,36,14.664379041419918,4,0,0,1,0,0,1,0,0,1,0,0,1,1,0,1.6094379124341003
3.6109179126442243,2,4,2,1,20,15.769530731686231,3,0,0,2,2,0,0,1,4,1,0,0,1,0,1,1.8718021769015913
3.7376696182833684,1,4,1,1,24,14.200093135890977,4,0,0,1,1,0,0,0,3,1,0,1,0,0,1,1.6094379124341003
3.2188758248682006,1,4,0,1,36,14.658370442230284,4,0,0,1,1,0,1,2,0,1,0,0,1,0,1,1.8718021769015913
3.2188758248682006,1,2,0,1,6,13.745089166628526,3,0,0,1,2,0,1,0,0,0,1,0,0,1,0,1.252762968495368
3.58351893845611,1,3,0,1,9,14.467315296094442,4,0,0,1,0,0,1,2,2,1,0,0,1,0,1,1.8718021769015913
3.295836866004329,1,4,0,1,12,14.70955608988898,2,0,0,1,1,0,0,2,4,1,0,1,0,0,1,0.4054651081081644
3.6888794541139363,2,3,2,1,24,16.295237231476854,2,1,0,2,0,1,1,2,8,1,0,0,1,1,0,1.252762968495368
3.6888794541139363,2,4,2,1,18,15.680830385147047,2,0,0,2,4,1,1,2,3,1,0,0,1,1,0,1.6094379124341003
3.4965075614664802,1,2,0,1,12,15.620186416986668,2,0,0,1,1,0,1,2,3,1,0,0,1,1,0,1.8718021769015913
3.4339872044851463,1,2,0,0,24,15.859454576807847,1,0,0,1,1,0,0,1,2,0,1,0,0,1,0,0.4054651081081644
3.58351893845611,1,2,0,1,14,14.159100971573958,1,0,0,1,1,0,2,0,5,1,0,1,0,1,0,1.6094379124341003
3.4657359027997265,2,2,0,1,6,14.186384911433706,1,0,0,2,2,0,0,2,5,1,0,0,0,1,0,1.6094379124341003
3.1780538303479458,1,4,0,1,15,12.879019669789754,4,0,0,1,1,0,1,1,1,0,1,0,0,0,1,0.4054651081081644
3.367295829986474,1,3,1,1,18,15.649690902820678,3,0,0,1,1,0,1,0,3,1,0,0,1,0,1,1.8718021769015913
3.258096538021482,1,2,0,1,36,15.876660956979299,4,0,0,2,0,1,1,0,3,0,1,0,0,1,0,1.252762968495368
3.58351893845611,1,1,0,1,12,14.33430494661736,3,0,0,1,1,0,2,0,0,1,0,1,0,1,0,1.6094379124341003
3.871201010907891,1,1,0,1,48,15.09031482253651,4,0,0,1,0,0,0,0,0,1,0,0,1,1,0,1.6094379124341003
3.4339872044851463,1,3,2,1,42,15.785974076466605,4,0,0,1,1,1,0,2,0,0,1,0,0,1,0,1.8718021769015913
3.332204510175204,1,3,0,0,10,14.572571533310914,2,1,0,2,0,0,0,0,2,0,1,0,0,0,1,0.4054651081081644
3.1780538303479458,1,4,0,1,33,15.269697418717339,1,0,0,2,0,1,2,2,2,0,1,0,0,1,0,1.252762968495368
3.6109179126442243,1,3,2,1,12,14.676711746174648,3,0,0,1,0,0,2,2,3,1,0,0,0,1,0,1.8718021769015913
3.258096538021482,1,2,0,1,21,14.422555584429787,3,0,0,2,1,1,1,0,0,0,1,0,0,1,0,1.252762968495368
3.7376696182833684,1,2,2,1,24,15.16824839408683,4,0,0,2,0,0,1,2,4,0,1,0,0,0,1,1.6094379124341003
3.2188758248682006,1,2,1,1,12,14.385360087790426,3,0,0,1,1,0,1,0,2,1,0,0,1,0,1,1.252762968495368
4.1588830833596715,1,4,0,1,10,13.568331709230735,4,0,0,2,0,0,1,2,3,1,0,0,1,0,0,1.6094379124341003
3.332204510175204,1,3,0,1,18,14.469917429958173,4,0,0,1,1,1,0,0,2,0,1,0,0,0,1,0.4054651081081644
3.4339872044851463,1,2,0,1,12,14.567398705022427,4,0,0,2,0,0,1,1,3,1,0,0,1,1,0,1.252762968495368
3.713572066704308,1,2,1,1,12,13.460264592549233,4,0,0,1,1,0,1,0,0,1,0,1,0,1,0,1.252762968495368
3.4339872044851463,1,2,0,1,12,13.367661298303675,4,0,0,1,1,1,1,2,7,1,0,0,1,1,0,1.252762968495368
3.5553480614894135,1,2,2,1,12,14.436087583323648,4,0,0,2,0,0,1,2,4,1,0,0,1,1,0,0.0
3.4011973816621555,1,2,0,1,12,15.067988057145726,3,1,0,2,0,1,1,0,3,0,1,0,0,1,0,1.252762968495368
3.2188758248682006,1,2,0,1,48,15.954046256779073,1,0,0,1,1,0,0,2,3,0,1,0,0,1,0,1.8718021769015913
3.4011973816621555,1,3,0,1,36,15.745146279727928,4,0,0,1,2,1,1,1,1,1,0,0,1,1,0,1.252762968495368
3.332204510175204,1,3,1,1,15,14.811721282290453,2,0,0,2,1,0,1,1,2,1,0,0,1,1,0,0.4054651081081644
3.871201010907891,1,4,0,1,18,14.500626070859086,4,0,0,2,1,0,1,2,2,1,0,0,1,0,0,1.252762968495368
3.091042453358316,1,4,0,1,60,16.132393054239582,2,0,0,1,1,0,0,0,0,0,1,0,0,1,0,1.8718021769015913
3.6635616461296463,1,2,0,1,12,14.030622744032508,4,0,0,2,0,0,0,0,0,0,1,0,0,1,0,1.6094379124341003
3.332204510175204,1,2,0,1,27,15.968783363874868,2,0,0,2,2,0,3,2,4,1,0,0,1,1,0,1.252762968495368
4.204692619390966,1,3,1,1,12,13.548938754204904,4,0,0,1,1,1,2,0,0,1,0,0,1,1,0,1.252762968495368
3.58351893845611,1,2,0,1,15,14.819079664514337,4,0,1,3,0,0,0,0,0,1,0,0,1,1,0,1.8718021769015913
3.8066624897703196,1,2,1,1,12,14.447314639915136,2,0,0,1,1,0,1,2,0,0,1,0,0,0,1,1.252762968495368
3.332204510175204,1,2,3,0,6,13.471612215950506,2,0,0,1,1,0,3,0,3,1,0,1,0,1,0,0.4054651081081644
3.4339872044851463,1,1,2,1,36,15.383084474850227,4,0,0,1,1,0,1,2,0,0,1,0,0,1,0,0.4054651081081644
3.332204510175204,1,2,2,1,27,15.043981126630602,3,0,0,1,1,0,1,2,0,1,0,0,1,1,0,1.252762968495368
3.1354942159291497,1,2,0,1,18,14.716484991900296,2,0,0,1,1,1,1,2,2,1,0,0,1,1,0,1.252762968495368
3.1780538303479458,1,4,0,1,21,14.643189068544666,4,0,0,1,0,0,1,1,2,0,1,0,0,1,0,0.4054651081081644
3.4339872044851463,1,2,0,1,48,15.086955357831432,4,0,0,1,4,0,0,2,5,1,0,0,1,1,0,1.8718021769015913
3.6888794541139363,1,4,0,1,6,13.664688831019712,1,0,0,2,0,0,1,2,3,0,1,0,0,1,0,1.6094379124341003
3.9512437185814275,1,3,0,1,12,13.432786403100184,4,0,0,2,0,0,0,2,3,0,1,0,0,1,0,1.8718021769015913
3.367295829986474,1,2,0,1,36,15.496524855072646,3,0,1,2,0,0,1,1,2,1,0,0,1,1,0,1.252762968495368
3.8501476017100584,1,4,0,1,18,14.274201059420788,4,0,0,2,0,0,3,2,0,1,0,0,1,1,0,1.6094379124341003
3.7612001156935624,2,4,0,1,6,14.112648532128585,2,0,0,1,1,0,0,2,0,1,0,0,1,0,0,1.6094379124341003
3.6635616461296463,1,4,0,0,10,14.469917429958173,1,0,0,1,1,0,1,1,0,1,0,0,1,1,0,1.252762968495368
3.2188758248682006,1,1,0,1,36,15.581610451410368,4,0,0,1,1,0,1,2,0,1,0,0,1,1,0,1.252762968495368
3.4011973816621555,1,4,0,1,24,15.864235255881242,2,0,0,1,0,0,3,2,4,0,1,0,0,0,1,1.6094379124341003
3.6109179126442243,1,4,2,1,24,15.756695417546048,4,0,0,1,2,0,0,2,5,1,0,0,1,0,1,1.8718021769015913
3.044522437723423,1,4,0,1,12,14.06393269649365,2,0,0,1,1,1,1,2,2,0,1,0,0,0,1,1.252762968495368
3.8918202981106265,2,4,0,0,9,14.06860196204365,3,0,1,2,0,0,0,0,7,1,0,0,1,1,0,1.6094379124341003
3.828641396489095,1,1,1,1,12,12.733758336210744,4,0,0,1,4,0,1,2,8,1,0,1,0,1,0,1.6094379124341003
3.6635616461296463,1,3,0,1,24,15.071696518475145,2,0,0,2,1,0,0,2,3,1,0,0,1,1,0,1.8718021769015913
3.5553480614894135,2,2,1,1,6,14.456311785022262,1,0,0,2,0,0,0,0,0,1,0,0,1,1,0,1.252762968495368
3.6109179126442243,2,4,0,1,24,14.870519557339605,3,0,0,1,0,0,0,0,0,1,0,0,1,1,0,1.6094379124341003
3.4339872044851463,1,1,0,1,18,13.869052272759154,4,0,0,2,0,0,1,1,3,0,1,0,0,1,0,0.4054651081081644
3.6109179126442243,1,3,0,1,15,14.048209114476009,4,0,0,2,1,0,2,1,6,1,0,0,1,1,0,1.8718021769015913
4.2626798770413155,1,4,2,1,10,15.804480333316368,2,0,0,1,1,0,1,2,3,1,0,0,1,0,0,0.0
3.6109179126442243,1,4,0,1,36,13.720101473269022,4,0,0,1,1,0,2,1,3,1,0,0,1,1,0,1.6094379124341003
3.4965075614664802,1,2,0,1,6,14.90676282802187,1,0,0,1,1,0,2,2,2,1,0,0,1,1,0,1.252762968495368
3.5263605246161616,1,2,0,1,18,13.938613639271164,4,0,0,1,1,1,1,2,2,0,1,0,0,1,0,0.0
3.044522437723423,1,1,0,1,11,14.271035500060384,4,0,0,1,1,0,3,0,2,0,1,0,0,1,0,0.4054651081081644
3.258096538021482,1,4,0,1,24,15.194780555909505,2,0,0,1,1,0,1,1,2,0,1,0,0,0,1,1.8718021769015913
3.4657359027997265,1,4,0,1,24,14.475618401241752,4,0,0,2,0,1,1,0,5,1,0,0,0,1,0,1.6094379124341003
3.5263605246161616,2,3,0,1,15,13.76421831620775,4,0,0,2,3,1,1,2,3,1,0,0,1,0,1,1.6094379124341003
3.295836866004329,1,1,0,1,12,13.545014620881725,4,0,0,1,1,0,1,0,2,0,1,0,0,1,0,1.252762968495368
3.5553480614894135,1,2,2,1,24,14.540156890079597,3,0,0,1,2,1,1,1,2,0,1,0,0,1,0,0.0
3.5263605246161616,1,2,0,0,8,14.161933832651984,4,0,1,1,1,0,1,0,0,1,0,0,1,1,0,1.252762968495368
3.295836866004329,1,1,0,1,21,15.04339547524802,2,0,0,2,2,1,1,1,1,1,0,0,1,1,0,0.4054651081081644
3.9889840465642745,1,1,2,1,30,15.828411709436391,4,0,0,1,4,1,0,0,4,0,1,0,0,1,0,0.0
3.7612001156935624,1,1,0,1,12,14.762136877682545,2,0,0,1,1,0,1,2,2,1,0,0,0,1,0,1.252762968495368
3.970291913552122,1,4,0,1,6,12.73080413304066,4,0,0,2,0,0,2,2,0,1,0,0,1,1,0,1.6094379124341003
3.4657359027997265,2,2,2,1,12,14.489984982682818,4,0,0,2,1,0,1,2,0,1,0,0,1,0,1,1.8718021769015913
4.189654742026425,1,4,0,1,21,13.255146239950099,4,0,0,2,0,0,1,0,3,1,0,0,1,1,0,1.6094379124341003
3.367295829986474,1,1,0,1,36,16.07435283248177,1,0,0,2,2,1,1,2,5,1,0,0,0,1,0,0.4054651081081644
3.4339872044851463,1,2,2,1,36,15.309537843353914,2,0,0,2,2,1,1,0,5,1,0,0,0,1,0,1.252762968495368
3.713572066704308,2,2,1,1,21,14.314466616324134,4,0,0,2,4,1,0,1,3,1,0,0,1,1,0,1.252762968495368
3.9318256327243257,1,4,0,1,24,15.14444086645495,4,0,0,1,0,0,3,0,2,1,0,0,1,1,0,1.252762968495368
3.6109179126442243,2,4,0,1,18,13.69221347284086,4,0,0,1,0,1,1,2,3,1,0,0,1,1,0,1.6094379124341003
3.4657359027997265,1,2,0,1,15,14.122995993006082,4,0,0,2,0,0,1,1,0,1,0,0,1,1,0,1.252762968495368
4.31748811353631,2,4,2,1,9,15.450421461341167,2,0,0,1,4,1,1,2,4,0,1,0,0,0,0,1.6094379124341003
4.23410650459726,1,3,3,1,16,13.976779556623864,2,0,0,3,0,0,1,2,3,1,0,0,1,0,0,0.0
3.044522437723423,1,1,0,1,12,13.420986873572868,4,0,0,1,1,1,0,1,0,1,0,1,0,1,0,1.8718021769015913
3.5263605246161616,1,4,0,1,18,14.992318002478799,1,0,0,2,3,0,1,2,2,0,1,0,0,1,0,1.252762968495368
4.007333185232471,1,3,2,1,24,15.339608641048804,2,0,0,3,1,1,3,1,5,1,0,0,1,1,0,1.252762968495368
3.5553480614894135,2,4,1,1,48,15.162024309217967,4,0,0,1,3,1,0,2,5,1,0,0,1,0,0,1.8718021769015913
3.6109179126442243,2,2,0,1,27,15.180326142834849,4,0,0,1,1,1,1,2,5,1,0,0,1,1,0,1.252762968495368
3.4011973816621555,1,2,0,1,6,14.561250663026579,2,0,0,1,1,0,1,0,0,1,0,1,0,0,1,1.8718021769015913
3.091042453358316,1,4,0,1,45,14.924403485964003,4,0,1,1,1,1,0,1,0,1,0,0,1,0,1,1.252762968495368
3.5553480614894135,1,3,2,1,9,14.221642776837895,2,0,0,2,0,1,1,2,1,0,1,0,0,1,0,1.6094379124341003
3.367295829986474,1,1,0,1,6,14.139043006898492,1,0,0,2,0,0,1,2,0,0,1,0,0,1,0,1.252762968495368
3.332204510175204,1,4,0,1,12,13.765270393051685,4,0,0,4,1,1,0,2,2,0,1,0,0,0,1,0.4054651081081644
3.6109179126442243,1,4,0,1,24,14.830741600012107,4,0,0,1,1,0,0,2,4,1,0,0,1,0,0,1.6094379124341003
3.713572066704308,1,3,2,1,18,15.273427895477608,4,0,0,1,2,1,1,2,2,1,0,0,0,1,0,1.6094379124341003
3.970291913552122,1,2,0,1,9,13.749371823835228,4,0,0,2,0,0,2,2,1,1,0,0,1,1,0,1.6094379124341003
3.332204510175204,1,3,1,1,12,13.970804298534327,4,0,0,1,1,0,1,0,3,1,0,1,0,1,0,1.252762968495368
3.295836866004329,1,4,0,1,27,15.448079083214218,3,0,0,2,2,0,1,2,5,1,0,0,1,1,0,1.8718021769015913
3.091042453358316,1,4,0,1,12,13.712370907691596,4,0,0,1,1,1,1,1,8,1,0,1,0,0,1,1.8718021769015913
3.6635616461296463,2,1,1,1,12,14.217637433703022,4,0,0,2,0,0,1,0,3,1,0,0,1,1,0,1.6094379124341003
3.6635616461296463,2,4,2,1,30,16.178532113897514,3,0,0,3,0,0,1,2,4,1,0,0,1,0,0,1.6094379124341003
3.784189633918261,1,4,0,1,12,14.475618401241752,4,0,0,3,0,0,1,0,2,1,0,0,1,1,0,1.6094379124341003
3.295836866004329,1,3,0,1,12,14.168981073201003,4,0,0,1,0,0,1,1,6,1,0,0,1,1,0,1.8718021769015913
3.091042453358316,1,2,1,1,24,15.69772008236774,2,0,0,1,1,0,1,2,5,1,0,1,0,1,0,1.252762968495368
4.02535169073515,1,2,0,0,12,14.161226369380497,3,0,0,1,1,0,3,1,4,1,0,0,1,1,0,1.8718021769015913
3.5263605246161616,2,2,0,1,9,14.93849052838967,1,0,0,2,0,0,0,0,0,1,0,0,1,1,0,1.252762968495368
3.828641396489095,1,4,1,1,36,15.159680253539653,2,0,0,1,1,0,0,0,0,0,1,0,0,1,0,1.6094379124341003
3.9318256327243257,1,4,0,1,27,15.481895939768881,2,0,0,2,3,1,1,1,5,1,0,0,1,1,0,0.0
4.204692619390966,1,4,2,1,30,14.461566655099245,4,0,0,1,2,1,1,0,5,1,0,0,1,1,0,1.6094379124341003
3.9512437185814275,1,2,0,1,36,15.022080287359454,4,0,0,1,0,0,0,2,0,1,0,0,1,1,0,1.6094379124341003
3.6888794541139363,1,3,1,1,6,13.745089166628526,1,0,0,2,0,0,0,1,8,0,1,0,0,1,0,1.8718021769015913
3.4657359027997265,1,1,0,1,18,14.948202482450142,3,0,0,1,3,0,1,1,5,1,0,0,1,1,0,1.8718021769015913
3.1780538303479458,1,2,0,1,36,15.179815156750912,2,0,0,1,1,0,1,0,0,1,0,0,1,1,0,1.252762968495368
3.2188758248682006,1,2,1,1,24,14.921098791384974,2,0,0,1,1,0,1,0,2,1,0,0,0,0,1,1.252762968495368
4.174387269895637,1,4,0,1,10,14.125932850523105,2,0,0,1,1,0,1,2,3,0,1,0,0,1,0,1.252762968495368
3.295836866004329,1,1,1,1,12,13.345508528717259,4,0,1,1,1,0,1,0,0,1,0,1,0,1,0,0.4054651081081644
3.1780538303479458,1,4,0,1,12,13.997832948091215,4,0,0,1,1,0,0,1,1,0,1,0,0,0,1,1.252762968495368
3.4339872044851463,1,2,0,1,12,13.468787359304866,4,0,0,2,1,0,1,0,0,1,0,0,1,1,0,1.252762968495368
3.4965075614664802,2,4,0,1,24,14.90676282802187,4,0,0,2,2,0,0,0,5,1,0,0,1,1,0,1.252762968495368
3.4339872044851463,1,2,0,1,15,15.353882236695004,3,0,0,1,1,0,1,2,4,1,0,0,1,1,0,1.252762968495368
3.332204510175204,1,2,0,1,36,14.776009927204552,4,0,0,2,3,0,1,2,7,1,0,0,1,1,0,1.252762968495368
3.332204510175204,1,2,0,1,48,16.209854167430407,1,1,0,2,1,1,3,2,0,1,0,0,1,1,0,1.8718021769015913
3.9889840465642745,1,4,2,1,12,15.877933221620088,4,0,0,1,1,1,1,2,2,1,0,0,1,0,0,1.6094379124341003
3.1354942159291497,1,2,0,1,9,14.206201057080042,4,0,0,1,1,1,1,2,0,1,0,0,1,1,0,1.8718021769015913
3.1354942159291497,1,1,0,1,24,14.962595817644242,4,0,0,1,1,0,1,2,2,1,0,0,1,0,0,0.4054651081081644
3.295836866004329,1,2,0,1,36,15.252973443188226,4,0,0,1,1,1,1,2,0,1,0,0,1,1,0,1.252762968495368
3.9512437185814275,1,4,1,1,9,14.734597776023477,2,0,0,1,1,0,2,2,3,1,0,0,1,0,0,1.6094379124341003
3.58351893845611,1,1,0,1,12,14.576784034643172,3,0,0,1,1,0,0,2,0,1,0,0,1,1,0,1.8718021769015913
3.258096538021482,1,2,1,1,18,13.671641342278317,4,0,1,1,1,0,1,0,0,1,0,1,0,1,0,1.252762968495368
3.7612001156935624,2,1,1,1,4,14.249887657235043,2,0,0,3,0,0,1,0,0,1,0,0,1,1,0,1.8718021769015913
3.4339872044851463,2,2,2,1,24,14.415994602207002,4,0,0,1,1,1,1,2,0,1,0,0,1,1,0,0.0
3.1780538303479458,1,2,3,1,6,16.49344520386677,1,0,0,1,1,1,0,1,3,1,0,0,1,1,0,0.0
4.127134385045092,1,2,1,1,21,14.833274620171238,4,0,0,2,1,1,0,2,5,1,0,0,0,0,1,1.6094379124341003
3.58351893845611,1,2,0,1,12,14.070928444421819,4,0,0,2,0,0,1,1,0,0,1,0,0,1,0,1.252762968495368
3.6888794541139363,2,3,0,1,30,14.740563192017628,1,0,1,1,1,0,1,1,0,1,0,0,1,1,0,1.6094379124341003
3.4011973816621555,1,2,0,1,24,13.726680437153236,4,0,0,1,1,1,0,2,3,0,1,0,0,1,0,1.6094379124341003
3.9512437185814275,2,2,0,1,6,14.282384921160133,3,0,0,1,1,0,1,1,0,1,0,0,1,1,0,1.8718021769015913
3.2188758248682006,2,4,0,1,48,15.342653444826787,3,0,0,2,3,1,1,2,4,1,0,0,1,0,0,1.6094379124341003
3.332204510175204,1,2,0,1,12,13.98525417643287,3,0,0,2,0,0,1,0,5,0,1,0,0,1,0,1.252762968495368
3.58351893845611,2,3,1,1,12,15.0530151356063,4,0,0,1,4,0,2,0,8,0,1,0,0,1,0,1.252762968495368
3.258096538021482,1,1,0,1,24,14.045034511154766,4,0,0,1,1,0,1,0,5,1,0,0,1,1,0,1.8718021769015913
3.970291913552122,1,4,0,1,12,13.482832514280924,4,0,0,3,0,0,1,0,0,1,0,0,1,1,0,1.6094379124341003
3.58351893845611,1,1,0,0,6,14.001160735415343,4,0,0,1,3,0,0,2,3,1,0,0,1,0,1,1.252762968495368
3.295836866004329,1,2,0,1,24,14.470437045184406,2,0,0,1,1,0,1,0,2,1,0,0,1,1,0,1.252762968495368
3.1354942159291497,1,4,0,1,18,12.978495316450783,3,1,0,1,1,1,1,0,0,0,1,0,0,0,1,0.0
3.6888794541139363,1,4,1,1,6,13.4090464510229,3,0,0,2,0,0,3,0,3,0,1,0,0,1,0,1.8718021769015913
3.8501476017100584,1,2,1,1,12,14.626885564135772,1,0,0,1,1,0,1,2,2,0,1,0,0,1,0,1.252762968495368
3.2188758248682006,1,2,0,1,30,14.580978865220017,4,0,1,1,1,1,1,2,3,0,1,0,0,1,0,1.252762968495368
3.58351893845611,1,3,0,1,24,15.238860067940953,2,0,0,2,2,0,0,1,2,1,0,0,1,1,0,1.252762968495368
3.2188758248682006,1,1,0,1,9,14.523546843628687,2,0,0,1,1,0,0,2,2,1,0,0,1,1,0,1.8718021769015913
3.332204510175204,1,1,1,1,60,15.819420171838889,1,0,0,1,2,0,0,0,0,1,0,0,1,1,0,1.252762968495368
3.58351893845611,1,2,1,1,24,14.802819149651882,4,0,0,2,0,0,1,0,0,1,0,0,1,1,0,1.252762968495368
3.4011973816621555,1,1,0,1,12,14.580513640957252,4,0,0,1,4,1,1,2,0,1,0,0,0,0,0,1.252762968495368
3.1780538303479458,1,4,0,1,15,15.153664806085681,1,0,0,1,1,0,0,2,4,0,1,0,0,1,0,0.4054651081081644
4.060443010546419,1,4,1,1,11,13.958745592600932,4,0,0,3,0,0,0,0,0,0,1,0,0,1,0,0.0
3.332204510175204,1,2,0,1,12,14.32051989990882,2,0,0,1,1,0,1,0,2,1,0,0,1,1,0,1.252762968495368
4.02535169073515,1,4,0,1,24,14.287388055421813,4,0,0,1,1,0,1,2,0,0,1,0,0,1,0,1.6094379124341003
3.6109179126442243,1,4,2,1,18,15.483594854439163,2,0,0,3,0,0,1,2,3,1,0,0,1,0,0,1.6094379124341003
4.060443010546419,1,4,1,1,12,14.82638429622533,2,0,0,3,0,0,1,2,1,0,1,0,0,0,0,1.6094379124341003
3.4965075614664802,2,4,1,0,10,14.023338217513945,3,0,0,2,0,0,1,0,3,1,0,0,1,1,0,1.6094379124341003
3.6375861597263857,2,3,0,1,15,13.594865133730668,4,0,0,1,1,1,1,2,0,1,0,0,1,1,0,1.6094379124341003
3.6109179126442243,1,4,0,1,36,15.656695069149281,4,0,0,2,0,0,0,0,5,1,0,0,1,1,0,1.6094379124341003
3.6635616461296463,1,3,0,1,24,14.242737810169459,4,0,0,1,1,0,1,2,0,0,1,0,0,1,0,0.4054651081081644
3.828641396489095,1,4,2,0,14,16.01028780970739,1,0,0,1,1,1,1,1,3,1,0,0,0,1,0,1.6094379124341003
3.258096538021482,1,2,0,1,24,13.81451105863119,4,0,0,2,1,0,0,2,0,1,0,0,1,1,0,1.6094379124341003
3.4965075614664802,1,3,0,0,18,14.794588653594523,4,0,0,1,1,0,0,1,3,1,0,0,1,1,0,1.8718021769015913
3.6375861597263857,1,4,0,1,12,14.15341105984318,3,0,0,1,0,0,2,2,2,0,1,0,0,0,1,1.8718021769015913
3.6109179126442243,1,4,2,1,48,16.314402374494954,4,1,0,1,4,0,0,2,3,1,0,0,1,0,0,0.0
3.367295829986474,1,4,0,1,48,14.933925800725897,4,0,0,2,1,1,1,0,0,1,0,0,1,1,0,1.8718021769015913
3.5553480614894135,1,1,1,1,30,16.300250610542395,1,0,0,1,1,1,1,2,7,1,0,0,0,1,0,0.4054651081081644
3.4965075614664802,2,2,0,1,9,14.807650972904149,1,0,0,1,1,0,1,0,0,1,0,0,1,1,0,1.252762968495368
3.295836866004329,1,2,0,1,18,14.692644990610527,2,0,0,2,0,0,1,2,0,0,1,0,0,1,0,1.252762968495368
3.912023005428146,1,4,1,1,12,14.048209114476009,2,0,0,1,1,0,0,1,2,1,0,0,0,1,0,1.6094379124341003
3.4965075614664802,1,4,0,1,6,15.343955528061516,1,0,0,1,1,1,1,1,2,0,1,0,0,1,0,0.4054651081081644
3.4011973816621555,1,4,2,1,24,14.457891147509354,4,0,0,1,1,0,0,2,0,1,0,0,1,0,1,1.252762968495368
3.1780538303479458,1,4,0,1,15,15.029829951256424,3,0,0,2,0,0,3,2,4,1,0,0,1,0,1,1.6094379124341003
3.9318256327243257,1,2,0,1,12,14.269131343283298,4,0,0,1,1,0,1,0,2,1,0,0,1,1,0,1.252762968495368
3.912023005428146,1,4,1,1,18,14.183620571569953,4,0,0,1,4,0,0,2,0,1,0,0,1,1,0,1.8718021769015913
4.1588830833596715,1,4,0,1,15,14.23422155071698,4,0,0,1,0,0,0,1,2,1,0,0,1,1,0,1.6094379124341003
3.6375861597263857,1,2,0,1,24,15.17083037264958,4,0,0,1,0,0,0,2,3,1,0,0,0,1,0,0.4054651081081644
3.58351893845611,1,1,1,1,47,16.1878083566358,1,0,0,1,1,0,1,0,3,0,1,0,0,1,0,0.4054651081081644
3.295836866004329,2,3,0,1,48,15.381623554515452,4,0,0,1,1,0,1,1,4,1,0,0,1,1,0,1.8718021769015913
3.4657359027997265,1,4,2,1,48,15.84128770694973,2,0,0,1,2,0,0,2,8,1,0,0,1,0,0,0.0
3.912023005428146,1,4,0,1,12,13.903522351037484,4,0,1,2,1,0,1,0,0,0,1,0,0,1,0,1.252762968495368
3.8918202981106265,1,4,0,1,24,13.839228061143613,4,0,0,1,2,1,1,0,0,1,0,1,0,1,0,0.4054651081081644
3.295836866004329,1,2,0,0,12,13.888761949071464,2,0,0,1,1,0,1,0,5,1,0,1,0,1,0,1.252762968495368
3.367295829986474,1,4,2,1,36,16.05600756505051,1,0,0,1,1,1,1,2,4,1,0,1,0,0,1,0.4054651081081644
3.8066624897703196,2,4,2,1,24,15.674773056081408,2,0,0,2,0,0,1,2,4,0,1,0,0,0,0,1.6094379124341003
4.04305126783455,1,4,0,1,42,15.38329300363661,4,0,0,1,0,0,1,2,4,1,0,0,1,0,0,1.6094379124341003
3.8501476017100584,2,2,2,1,48,15.847467464151135,4,0,0,2,0,0,0,2,5,1,0,0,0,1,0,1.6094379124341003
3.295836866004329,1,2,0,1,48,16.11408772996238,1,0,0,1,1,1,1,2,2,0,1,0,0,1,0,0.4054651081081644
3.044522437723423,1,4,0,1,12,15.357739934608645,1,0,0,1,1,0,0,2,4,0,1,0,0,0,1,0.4054651081081644
3.828641396489095,1,2,1,0,10,14.067825263578738,4,1,0,1,1,0,0,1,3,1,0,0,1,1,0,1.6094379124341003
3.784189633918261,1,4,0,1,18,14.737783759130211,3,0,0,1,1,0,1,0,2,1,0,0,1,1,0,1.252762968495368
3.4965075614664802,1,2,0,1,21,14.825291997224427,3,0,0,2,0,0,3,2,2,1,0,0,1,1,0,1.8718021769015913
4.007333185232471,1,4,3,1,6,13.418015107599418,1,0,0,1,1,0,1,0,3,0,1,0,0,1,0,0.0
3.7612001156935624,1,1,0,1,36,15.151563965528561,4,0,0,1,3,1,1,2,0,0,1,0,0,1,0,1.252762968495368
3.6375861597263857,2,2,1,1,24,14.111161544112575,4,0,0,2,0,1,0,0,3,1,0,0,1,1,0,1.8718021769015913
3.912023005428146,1,3,0,1,10,13.852807306098644,4,1,0,2,0,0,1,1,3,1,0,0,1,1,0,1.8718021769015913
3.8066624897703196,1,2,0,1,48,16.130715781060346,2,0,0,1,0,1,2,2,3,1,0,0,1,0,0,1.252762968495368
3.5263605246161616,1,2,0,1,6,14.249239779433228,4,0,0,1,1,0,3,0,2,1,0,0,0,1,0,1.252762968495368
3.2188758248682006,1,4,1,1,30,15.386415728538564,2,0,0,1,1,0,0,1,4,0,1,0,0,0,1,1.8718021769015913
3.5263605246161616,1,3,1,1,12,13.49668313203053,4,0,0,1,1,1,0,2,0,1,0,1,0,1,0,0.4054651081081644
3.2188758248682006,1,4,0,1,8,14.028200459781736,3,0,0,1,1,1,1,0,2,0,1,0,0,1,0,1.252762968495368
3.1354942159291497,1,4,1,1,9,12.52815976788113,4,0,0,1,1,0,1,0,3,1,0,1,0,0,1,1.252762968495368
3.713572066704308,1,4,3,1,48,15.498384974310603,3,0,0,1,1,0,0,2,8,1,0,0,1,0,0,0.0
3.258096538021482,1,1,0,1,24,15.522256834320627,4,0,0,1,1,0,0,2,2,1,0,0,1,1,0,1.252762968495368
3.295836866004329,1,4,0,1,24,15.13699996245581,2,0,0,1,1,0,1,2,2,0,1,0,0,1,0,0.4054651081081644
3.258096538021482,1,3,1,1,12,13.437175577097312,2,0,0,1,1,1,1,2,3,1,0,1,0,1,0,1.8718021769015913
3.4011973816621555,2,2,1,0,4,14.216968314018718,1,0,0,1,1,0,0,0,3,1,0,0,1,1,0,0.4054651081081644
3.4657359027997265,1,4,0,1,36,14.825656229476047,4,0,0,1,4,1,1,2,2,1,0,0,1,1,0,1.6094379124341003
3.6635616461296463,2,3,1,1,12,13.470200785104238,2,0,1,1,1,0,1,1,2,1,0,0,1,1,0,1.252762968495368
3.8918202981106265,1,4,1,1,24,15.285916491535014,1,0,0,1,1,0,0,1,2,0,1,0,0,1,0,1.252762968495368
3.4965075614664802,1,2,0,1,12,13.460264592549233,4,0,0,2,0,0,1,2,1,1,0,0,1,1,0,1.252762968495368
3.332204510175204,1,4,1,1,15,15.108318350489702,1,0,0,2,2,0,1,1,2,0,1,0,0,1,0,1.6094379124341003
3.367295829986474,1,2,2,1,30,15.262194454446416,4,0,0,2,0,1,1,2,3,1,0,1,0,1,0,0.0
3.4965075614664802,1,3,0,1,24,14.477167587428587,4,0,0,1,1,1,1,1,0,1,0,0,0,1,0,0.4054651081081644
3.5553480614894135,1,1,2,1,24,14.883663982790228,2,0,0,1,1,0,1,2,4,1,0,0,1,0,0,1.8718021769015913
3.367295829986474,1,2,0,1,18,14.79346104630632,4,0,0,1,1,0,3,2,2,1,0,0,1,1,0,1.252762968495368
3.6109179126442243,1,3,0,1,18,13.84312669775942,4,0,0,2,0,0,1,0,3,0,1,0,0,1,0,1.252762968495368
3.6888794541139363,1,4,1,0,8,15.038697875504731,1,0,0,2,0,0,1,0,3,1,0,0,1,1,0,1.8718021769015913
3.912023005428146,1,4,0,1,12,15.573541046832258,2,0,0,1,0,0,0,1,2,1,0,0,1,0,1,1.6094379124341003
3.5553480614894135,2,3,0,1,24,14.23750562376114,4,0,0,1,1,0,3,2,3,0,1,0,0,1,0,1.8718021769015913
3.4657359027997265,1,2,0,1,36,15.313570105978563,4,0,0,1,1,0,1,2,0,1,0,0,1,1,0,1.6094379124341003
3.367295829986474,2,4,0,1,6,13.881299234831427,4,0,0,1,1,0,1,2,0,1,0,0,1,1,0,1.6094379124341003
4.330733340286331,1,4,2,1,24,15.704850506702762,2,0,0,2,0,0,1,2,4,1,0,0,1,0,0,0.0
3.4339872044851463,1,2,0,1,18,14.438235810708216,4,0,0,2,0,1,0,0,1,0,1,0,0,1,0,1.252762968495368
3.2188758248682006,1,2,2,1,60,15.818071190297344,4,0,0,1,1,1,0,1,3,0,1,0,0,1,0,0.4054651081081644
3.2188758248682006,1,4,1,1,48,16.265653301597208,2,0,0,2,0,1,0,2,4,0,1,0,0,0,1,1.252762968495368
3.1780538303479458,2,4,0,1,24,15.22893382978139,3,0,0,2,3,1,1,2,2,1,0,0,1,0,1,1.6094379124341003
3.8066624897703196,1,4,2,1,6,15.034569295216482,1,0,0,1,0,1,1,0,2,1,0,0,0,0,1,1.252762968495368
3.1780538303479458,1,4,1,1,13,14.55792445579085,2,0,1,1,1,0,1,1,0,0,1,0,0,1,0,0.4054651081081644
3.2188758248682006,1,2,0,1,15,14.058457520888082,4,0,0,1,1,1,0,2,6,0,1,0,0,0,1,1.252762968495368
3.367295829986474,1,4,0,1,24,15.24318699672858,4,0,0,1,1,0,1,1,2,1,0,0,1,1,0,1.252762968495368
3.4657359027997265,1,2,1,1,10,14.23487922870341,4,0,0,1,1,0,1,2,2,1,0,0,0,1,0,1.252762968495368
3.2188758248682006,1,4,0,1,24,15.56349245397144,2,0,0,2,0,0,1,2,1,0,1,0,0,0,0,0.4054651081081644
3.295836866004329,1,4,1,1,21,15.09616686491609,1,0,0,1,1,0,1,2,2,0,1,0,0,0,1,1.8718021769015913
3.258096538021482,1,3,0,1,18,14.982715949333553,1,0,0,1,1,0,2,0,0,1,0,1,0,0,1,0.4054651081081644
3.5263605246161616,1,1,2,1,18,15.30593990909211,1,1,0,1,1,0,1,0,5,1,0,0,1,1,0,1.6094379124341003
3.6375861597263857,2,1,1,1,10,15.18897319349742,1,0,1,1,1,0,1,1,3,1,0,0,1,1,0,0.4054651081081644
3.784189633918261,1,2,1,1,15,14.193262512905648,4,0,0,1,0,0,1,2,0,0,1,0,0,1,0,1.252762968495368
3.1780538303479458,1,4,0,1,13,13.689948468775134,4,0,1,2,0,0,1,0,0,1,0,0,1,1,0,0.4054651081081644
3.1780538303479458,1,4,3,1,24,15.1393977250545,1,0,0,1,1,0,2,2,0,0,1,0,0,0,1,0.0
3.5553480614894135,1,2,1,1,6,14.37111889822546,1,0,0,2,2,0,0,0,5,1,0,0,1,1,0,1.252762968495368
3.4965075614664802,2,3,0,1,9,13.943024758544537,4,0,0,2,0,1,3,2,1,1,0,0,1,0,0,1.6094379124341003
3.1780538303479458,1,4,0,1,9,14.027391726060934,1,0,0,1,1,0,1,0,6,0,1,0,0,0,1,0.4054651081081644
3.4011973816621555,1,2,0,0,9,13.7736473966179,1,0,0,1,1,1,1,2,2,0,1,0,0,1,0,1.252762968495368
3.6635616461296463,1,4,2,1,18,14.987683359433769,2,0,0,1,0,0,0,2,4,1,0,0,1,1,0,0.0
3.367295829986474,1,2,0,1,12,15.639898708000384,4,0,0,2,3,1,1,1,0,1,0,0,1,0,1,1.252762968495368
3.8501476017100584,1,4,0,1,10,13.49668313203053,4,0,0,1,1,0,2,2,1,1,0,0,1,0,0,1.6094379124341003
3.1780538303479458,1,2,1,1,24,14.035449780897432,4,0,0,1,1,1,1,0,3,1,0,0,1,1,0,0.4054651081081644
3.912023005428146,1,4,0,1,12,14.661808347018232,1,1,0,1,0,0,0,0,0,1,0,0,1,1,0,1.6094379124341003
3.295836866004329,1,2,2,1,36,15.311331967675912,4,0,0,2,2,1,1,2,0,1,0,0,1,1,0,1.252762968495368
3.367295829986474,1,2,0,1,12,13.561909087824318,4,0,0,1,1,0,1,0,0,1,0,1,0,1,0,1.252762968495368
3.1780538303479458,1,4,0,1,30,14.693476591144272,4,0,0,1,1,1,1,0,2,0,1,0,0,0,1,1.8718021769015913
4.127134385045092,1,4,0,1,18,14.029815967713455,4,0,0,1,1,0,0,2,1,1,0,0,1,0,0,1.252762968495368
3.6375861597263857,1,3,2,1,12,15.038992122882387,2,0,0,1,1,0,0,2,0,1,0,0,1,1,0,1.6094379124341003
3.6109179126442243,1,2,0,1,12,14.625106996205195,2,0,0,2,2,0,1,2,3,0,1,0,0,1,0,1.252762968495368
3.091042453358316,1,2,0,1,6,14.384228226397298,1,0,0,1,1,0,1,1,2,1,0,1,0,0,1,1.252762968495368
3.258096538021482,1,1,3,1,18,14.720942950870636,4,0,0,1,1,1,1,2,2,1,0,0,1,1,0,0.0
3.6109179126442243,1,4,0,1,12,14.248591481613632,2,0,0,1,1,0,1,2,5,1,0,0,1,1,0,1.8718021769015913
3.332204510175204,1,1,0,1,18,15.163583966004193,3,0,0,2,0,0,1,2,4,1,0,0,1,1,0,1.8718021769015913
3.1354942159291497,1,4,0,1,18,15.11023799953124,1,0,0,1,1,0,1,2,2,0,1,0,0,0,1,0.4054651081081644
3.7612001156935624,2,2,0,1,36,15.052724986261497,4,0,0,1,1,1,1,2,2,1,0,0,1,1,0,1.6094379124341003
3.713572066704308,1,4,0,1,18,14.914456457644707,2,0,0,1,1,0,1,0,2,0,1,0,0,0,1,1.8718021769015913
3.6109179126442243,1,4,0,1,36,14.940115751687358,4,0,0,1,1,0,0,0,3,1,0,0,1,1,0,1.252762968495368
3.5263605246161616,1,4,0,1,18,15.618869327780313,3,0,0,2,0,0,1,2,0,1,0,0,1,1,0,1.6094379124341003
3.1780538303479458,1,3,0,1,10,14.579116668155898,1,0,0,2,0,0,1,0,2,0,1,0,0,0,1,0.4054651081081644
4.1588830833596715,1,4,2,1,60,16.436985723229842,2,0,0,1,0,0,0,2,3,1,0,0,1,0,0,1.6094379124341003
4.110873864173311,1,4,2,1,60,16.50892084997681,3,0,0,2,4,1,0,2,8,0,1,0,0,0,0,1.6094379124341003
3.6375861597263857,1,4,0,1,48,15.854781065078443,2,0,1,1,4,1,1,2,5,0,1,0,0,0,1,1.8718021769015913
3.5553480614894135,1,3,0,1,18,14.657078174676883,2,0,0,2,2,0,1,0,0,1,0,1,0,1,0,0.0
3.6109179126442243,1,4,0,1,7,13.648275820620759,3,0,0,1,2,0,0,2,0,1,0,0,1,0,0,1.6094379124341003
4.060443010546419,1,2,2,1,36,16.47702811478042,4,0,0,1,1,1,1,2,3,1,0,0,1,0,0,1.6094379124341003
3.970291913552122,1,4,1,1,6,12.799402253235032,4,0,0,2,0,0,0,2,3,0,1,0,0,1,0,1.252762968495368
3.6888794541139363,1,4,0,1,20,14.609408093703827,4,0,0,1,1,0,0,2,2,1,0,0,1,1,0,1.8718021769015913
3.6635616461296463,1,4,2,1,18,16.37861213240268,3,0,0,1,1,1,1,2,4,0,1,0,0,0,0,0.0
3.258096538021482,1,4,0,1,22,14.064712423020696,4,0,0,1,1,0,0,1,3,0,1,0,0,0,1,1.8718021769015913
3.295836866004329,1,1,0,1,12,14.100690252077353,4,0,0,1,1,0,1,0,3,1,0,0,1,1,0,0.4054651081081644
3.295836866004329,1,2,1,1,30,15.267592893704537,2,0,0,2,2,0,0,1,5,1,0,0,1,1,0,1.252762968495368
3.258096538021482,1,1,0,1,18,14.621093614681433,2,0,0,2,0,0,1,2,0,0,1,0,0,1,0,1.252762968495368
3.091042453358316,1,2,0,1,18,13.934182975780846,4,0,0,1,1,0,0,0,0,0,1,0,0,0,1,0.4054651081081644
3.713572066704308,1,4,2,1,18,15.813470993387826,4,0,0,2,0,0,1,1,2,1,0,0,1,1,0,0.0
3.332204510175204,1,4,0,1,15,14.659661041983268,2,0,0,1,0,0,2,2,5,1,0,0,1,1,0,1.252762968495368
3.332204510175204,1,2,0,1,9,14.186384911433706,3,0,0,2,1,0,1,2,5,0,1,0,0,1,0,1.8718021769015913
3.4339872044851463,1,2,2,1,18,14.414347608503377,2,0,0,1,1,0,1,1,3,1,0,1,0,1,0,1.252762968495368
2.995732273553991,1,4,1,1,12,13.798365416422785,1,0,0,1,1,0,3,0,2,0,1,0,0,0,1,0.4054651081081644
3.6888794541139363,2,4,2,1,36,14.993858122438201,2,0,0,1,1,0,1,2,3,1,0,0,1,0,0,1.8718021769015913
3.4657359027997265,1,4,0,1,6,14.486923757364286,1,0,0,1,0,0,1,2,0,0,1,0,0,1,0,1.8718021769015913
3.4657359027997265,1,3,2,1,9,14.693476591144272,2,0,0,1,0,0,1,2,2,1,0,0,1,1,0,0.0
3.4965075614664802,1,3,0,1,39,16.280214585468766,2,0,0,1,2,0,0,2,1,1,0,0,1,0,1,1.8718021769015913
4.02535169073515,1,4,2,1,12,14.762524850378789,3,0,0,1,1,0,1,2,2,0,1,0,0,0,0,0.0
3.8501476017100584,1,2,0,1,36,14.669074885824411,3,0,0,2,0,0,1,1,2,1,0,1,0,1,0,1.252762968495368
3.8501476017100584,1,1,0,1,12,14.016818232330463,1,0,0,2,1,1,1,0,3,1,0,0,0,0,1,1.6094379124341003
3.784189633918261,1,1,1,1,24,14.231586504814842,4,0,0,2,0,0,3,0,0,0,1,0,0,1,0,1.252762968495368
3.6888794541139363,1,4,0,1,18,14.202812374331163,3,0,0,1,1,0,1,0,0,1,0,1,0,1,0,0.4054651081081644
3.367295829986474,1,4,0,1,18,14.450499354292253,4,0,0,2,0,0,0,0,5,1,0,1,0,1,0,1.252762968495368
3.332204510175204,1,2,0,1,24,15.972838753934846,2,0,0,2,2,1,1,2,5,1,0,0,1,1,0,0.4054651081081644
3.332204510175204,1,2,1,1,14,13.594865133730668,4,0,0,2,2,0,1,2,3,1,0,0,1,1,0,1.252762968495368
3.784189633918261,2,4,0,1,18,14.879876752850267,4,0,0,1,2,0,0,2,3,1,0,0,1,1,0,1.6094379124341003
3.1354942159291497,1,1,0,1,24,14.52797053999296,1,0,0,1,1,1,1,1,0,1,0,1,0,1,0,0.4054651081081644
3.784189633918261,2,4,0,1,24,14.602603806532779,4,0,0,2,0,0,0,2,4,1,0,0,1,1,0,1.8718021769015913
3.332204510175204,1,2,0,0,15,13.867154740783278,4,0,0,1,1,0,1,0,0,1,0,1,0,1,0,0.4054651081081644
3.295836866004329,1,2,2,1,24,14.989539795036102,3,0,0,1,1,0,2,2,0,1,0,0,0,1,0,1.6094379124341003
3.367295829986474,1,2,0,1,12,13.752571823152559,4,0,0,3,0,1,2,0,3,1,0,1,0,1,0,1.8718021769015913
3.044522437723423,1,4,0,1,24,14.492020605759476,4,0,0,1,1,0,1,2,0,0,1,0,0,1,0,1.6094379124341003
3.58351893845611,1,2,2,1,33,15.796925872219523,3,0,0,2,0,0,1,2,4,1,0,0,1,1,0,1.8718021769015913
3.7612001156935624,1,2,2,1,12,14.644935793116847,4,0,0,2,0,1,1,2,5,1,0,0,1,1,0,0.0
3.713572066704308,2,2,1,0,10,14.28363805337103,3,0,0,1,1,0,2,2,3,1,0,0,1,0,1,1.252762968495368
3.58351893845611,1,2,0,1,24,14.138319156504128,4,0,0,1,1,1,0,1,3,0,1,0,0,1,0,1.252762968495368
3.58351893845611,2,2,0,1,36,15.580583933104064,2,0,0,2,0,0,1,1,4,1,0,0,1,1,0,1.6094379124341003
3.5263605246161616,2,1,1,1,12,14.762912672610595,4,0,0,1,1,1,1,0,3,1,0,0,1,1,0,0.4054651081081644
3.1780538303479458,1,2,0,1,18,15.952159241463498,1,0,0,2,2,0,0,2,1,0,1,0,0,0,1,1.252762968495368
3.4657359027997265,1,2,2,1,21,14.83868101091909,1,0,0,1,1,0,2,2,3,0,1,0,0,1,0,1.8718021769015913
3.5263605246161616,1,2,0,1,18,13.856653460987888,4,0,0,1,1,1,0,1,3,0,1,0,0,1,0,1.252762968495368
3.044522437723423,1,3,0,1,15,14.974277083325276,2,0,0,1,1,0,3,2,3,0,1,0,0,0,1,1.8718021769015913
3.4339872044851463,1,2,0,1,12,14.522561136789736,4,0,0,1,1,0,0,2,4,1,0,0,1,1,0,1.252762968495368
3.871201010907891,2,3,1,1,12,13.772604100793789,2,0,0,2,0,0,1,0,3,1,0,0,1,1,0,1.8718021769015913
3.5553480614894135,1,3,2,1,21,14.279873935855239,4,0,0,2,2,0,0,0,2,1,0,0,1,1,0,1.8718021769015913
3.258096538021482,1,2,0,1,12,14.83146597500779,1,0,0,1,1,1,0,1,2,0,1,0,0,1,0,1.6094379124341003
3.091042453358316,1,3,0,1,18,14.837602068566246,1,0,0,1,1,0,1,2,4,1,0,1,0,0,1,1.252762968495368
3.4011973816621555,1,2,0,1,28,14.82456313448402,4,0,0,2,0,0,1,2,0,1,0,0,1,1,0,1.6094379124341003
3.8501476017100584,1,3,0,1,18,13.954403427152533,4,0,0,2,0,0,3,0,0,1,0,0,1,1,0,1.252762968495368
3.044522437723423,1,4,0,1,9,14.087825914899266,1,0,0,1,1,0,1,2,2,1,0,0,1,1,0,1.6094379124341003
4.02535169073515,2,4,3,1,18,13.989464705423494,2,0,0,3,0,1,1,2,7,0,1,0,0,0,0,0.0
4.31748811353631,1,4,1,1,5,15.05330520078888,1,0,0,1,1,0,1,0,5,1,0,0,1,1,0,1.8718021769015913
3.4011973816621555,1,3,2,1,24,16.24278818319247,2,1,0,2,1,1,1,2,8,1,0,0,1,1,0,1.252762968495368
3.6109179126442243,1,4,2,1,6,14.442518470207565,4,0,0,3,0,0,1,2,2,1,0,0,1,0,0,0.0
3.5263605246161616,1,2,0,1,24,14.537245681284663,4,0,0,2,0,0,1,0,7,1,0,0,0,1,0,1.252762968495368
3.258096538021482,1,2,0,1,9,14.574445947226907,3,0,0,1,1,0,1,0,2,1,0,0,1,1,0,1.252762968495368
3.258096538021482,1,1,0,1,12,14.210252376563684,2,0,0,1,1,1,0,0,0,1,0,1,0,1,0,1.252762968495368
3.1780538303479458,1,4,1,1,6,13.399996629152975,2,0,0,1,1,0,2,0,7,1,0,1,0,0,1,1.8718021769015913
3.6375861597263857,1,4,0,1,24,14.067825263578738,4,0,0,2,0,0,3,0,3,0,1,0,0,1,0,1.6094379124341003
4.189654742026425,1,4,3,1,42,15.037520019413861,4,1,0,2,0,0,1,2,7,1,0,0,1,1,0,0.0
3.295836866004329,1,1,3,1,12,13.31957518872681,4,0,0,1,4,1,1,0,5,0,1,0,0,1,0,0.4054651081081644
3.6888794541139363,1,4,2,1,12,14.448908264903867,4,0,0,1,1,0,1,2,3,1,0,0,1,1,0,1.6094379124341003
3.4339872044851463,1,3,0,1,12,14.297937324492327,2,1,0,1,1,0,1,1,2,0,1,0,0,1,0,1.252762968495368
3.4011973816621555,1,3,0,1,20,14.782114484084712,2,0,0,2,2,0,1,2,8,1,0,0,1,1,0,1.252762968495368
3.7376696182833684,2,4,1,1,12,13.4856180275228,4,0,0,1,1,1,1,2,1,1,0,0,1,1,0,1.6094379124341003
3.4339872044851463,1,3,2,1,48,15.443966672466455,2,0,0,1,0,1,1,2,2,0,1,0,0,1,0,1.252762968495368
3.7376696182833684,1,4,1,1,9,14.03384335613946,4,0,0,2,0,0,0,1,1,0,1,0,0,0,1,1.6094379124341003
3.5553480614894135,1,4,0,1,36,14.426363038685407,4,0,0,1,1,1,1,2,3,0,1,0,0,1,0,0.4054651081081644
3.58351893845611,1,2,0,1,7,14.761748754405064,2,0,1,1,1,0,1,0,0,1,0,0,1,1,0,1.252762968495368
4.02535169073515,1,4,2,1,12,14.168981073201003,3,0,0,1,1,0,0,0,2,0,1,0,0,1,0,1.6094379124341003
4.127134385045092,1,3,0,1,15,14.228944497097059,3,0,0,2,2,1,3,1,7,1,0,1,0,1,0,1.252762968495368
3.4339872044851463,1,2,2,1,36,16.218303001840333,4,0,0,1,0,0,0,2,4,1,0,0,1,1,0,1.252762968495368
3.4011973816621555,1,1,0,1,6,13.157732451741687,3,0,0,1,1,0,1,0,0,0,1,0,0,1,0,1.252762968495368
3.5553480614894135,1,4,0,1,12,14.83037921564952,2,0,0,2,3,0,1,1,2,1,0,0,1,1,0,1.6094379124341003
3.58351893845611,1,4,2,1,24,14.797589404908198,4,0,0,1,1,0,1,2,4,1,0,0,1,1,0,1.6094379124341003
3.4657359027997265,1,3,0,1,24,15.387662093210427,2,1,0,1,1,1,1,1,3,1,0,0,1,1,0,1.8718021769015913
3.4011973816621555,1,1,2,1,24,14.800954521800286,4,0,0,1,1,0,1,2,4,0,1,0,0,1,0,0.4054651081081644
3.6109179126442243,2,2,0,1,11,15.177768597337836,2,0,0,2,0,0,1,0,3,1,0,0,1,0,1,1.252762968495368
3.58351893845611,1,4,0,1,12,15.035160137008901,3,0,0,1,1,1,1,2,4,1,0,0,1,0,0,1.6094379124341003
3.332204510175204,1,1,0,1,6,12.745488641595722,4,0,0,1,1,0,1,0,6,0,1,0,0,1,0,0.4054651081081644
3.4965075614664802,1,2,0,1,18,15.340261879906386,3,0,0,1,1,0,1,2,0,1,0,0,1,1,0,0.4054651081081644
3.6375861597263857,2,2,0,1,36,15.10198486004501,1,0,1,1,1,0,1,1,2,1,0,0,1,1,0,1.252762968495368
3.6109179126442243,1,3,0,1,15,14.358416656251032,2,0,0,1,1,0,1,0,3,1,0,0,1,1,0,0.4054651081081644
3.5553480614894135,1,1,2,1,12,14.91977384959623,3,0,0,1,1,0,1,0,2,0,1,0,0,0,1,0.4054651081081644
3.6635616461296463,1,4,0,1,12,13.53314897324916,4,0,0,2,1,0,0,1,8,1,0,0,1,1,0,1.6094379124341003
3.5553480614894135,1,1,0,1,18,14.48334044336031,4,0,0,2,1,0,1,2,5,1,0,0,1,1,0,1.8718021769015913
4.1588830833596715,2,4,0,1,24,14.888463441849012,3,0,1,1,1,0,1,2,4,1,0,0,1,1,0,1.252762968495368
3.4011973816621555,1,2,1,1,24,14.321726171945155,4,0,0,1,2,1,1,2,0,0,1,0,0,0,1,0.4054651081081644
3.4965075614664802,2,3,0,1,48,15.794855621265528,3,0,0,2,2,0,0,2,0,1,0,0,1,1,0,1.6094379124341003
3.295836866004329,1,2,0,1,33,14.832189825664132,2,0,0,2,2,0,1,2,5,0,1,0,0,1,0,1.252762968495368
3.58351893845611,1,3,1,1,24,15.35859518356921,3,0,0,2,2,0,1,2,4,1,0,0,1,1,0,1.8718021769015913
3.1354942159291497,1,2,0,1,24,14.944329012104662,3,0,0,1,1,1,0,2,0,1,0,1,0,0,1,0.4054651081081644
3.1780538303479458,1,4,0,1,6,13.012550743537489,4,0,0,1,1,1,1,1,1,0,1,0,0,1,0,0.4054651081081644
3.367295829986474,1,3,1,1,9,13.390864159490155,4,0,0,1,1,1,1,2,3,1,0,0,1,1,0,1.252762968495368
3.6109179126442243,2,4,2,1,6,14.029008539980795,4,0,0,1,1,0,0,1,8,1,0,0,1,1,0,0.0
3.5263605246161616,1,2,0,1,18,14.034646891093473,4,0,0,1,0,1,1,2,0,1,0,1,0,1,0,1.252762968495368
3.295836866004329,1,4,0,1,18,14.951418952506408,1,0,0,1,3,1,1,1,2,0,1,0,0,0,1,0.4054651081081644
3.2188758248682006,1,4,0,1,39,14.759027665348466,4,0,0,1,1,0,2,2,4,1,0,0,1,1,0,1.252762968495368
3.258096538021482,1,2,0,1,24,15.454895740865688,4,0,0,1,1,0,1,2,0,1,0,0,1,1,0,1.8718021769015913
3.6888794541139363,1,4,1,1,12,13.851843451531353,3,0,0,1,1,0,0,0,5,1,0,0,1,1,0,1.8718021769015913
3.8066624897703196,2,4,0,1,15,14.206201057080042,4,0,0,2,0,0,1,2,2,1,0,0,1,1,0,1.6094379124341003
3.1780538303479458,1,1,1,1,12,15.088916416882363,1,0,0,1,0,0,1,0,0,0,1,0,0,1,0,1.252762968495368
3.295836866004329,1,1,0,1,24,13.998665933701242,4,0,0,1,1,0,1,1,3,1,0,0,1,1,0,0.4054651081081644
4.060443010546419,1,4,0,1,30,15.102537193516016,4,0,0,2,1,0,3,1,2,0,1,0,0,0,1,1.6094379124341003
3.4339872044851463,1,2,0,1,15,13.774689605110144,3,0,0,2,2,0,3,1,2,0,1,0,0,1,0,1.8718021769015913
3.8066624897703196,1,4,0,1,12,13.966514291345659,4,0,0,1,0,0,2,0,3,1,0,0,1,1,0,1.252762968495368
3.871201010907891,1,4,2,1,6,14.005304956726446,4,0,0,1,2,1,1,1,3,1,0,0,1,1,0,0.0
3.970291913552122,1,4,0,1,12,14.939465979296001,2,0,0,1,1,0,1,2,0,1,0,0,1,1,0,1.252762968495368
4.143134726391533,1,4,0,1,24,15.139131590725887,4,1,0,1,1,0,1,2,3,0,1,0,0,0,0,1.6094379124341003
3.58351893845611,1,2,1,0,10,14.16475869129258,3,0,0,1,1,0,0,0,3,1,0,0,1,0,1,1.252762968495368
3.295836866004329,1,3,0,1,6,15.073403488532016,2,0,1,1,1,0,1,1,3,1,0,0,1,0,1,1.252762968495368
3.295836866004329,1,2,0,1,12,14.475101472058325,2,0,0,2,0,0,1,2,0,1,0,0,1,1,0,1.6094379124341003
3.7612001156935624,1,4,2,1,27,15.933932519506193,2,0,0,2,3,1,1,2,5,0,1,0,0,0,0,1.6094379124341003
3.332204510175204,1,1,0,1,6,14.028200459781736,1,0,0,2,0,0,0,1,0,0,1,0,0,1,0,1.252762968495368
3.6635616461296463,1,4,0,1,6,12.81584093453868,4,0,0,1,1,0,0,1,0,1,0,0,1,1,0,1.6094379124341003
3.6888794541139363,2,2,1,0,12,14.567870069409489,3,0,0,2,0,0,1,0,3,1,0,0,1,0,1,1.252762968495368
3.044522437723423,1,4,0,1,24,14.912788957397563,2,0,0,1,1,1,0,2,2,1,0,1,0,1,0,1.252762968495368
3.4011973816621555,1,1,2,1,36,16.01650590588962,4,1,0,1,1,1,0,2,2,1,0,0,1,0,1,0.4054651081081644
3.713572066704308,1,3,0,1,24,14.276095596208146,4,0,0,2,0,0,1,1,2,1,0,0,1,1,0,1.8718021769015913
3.4965075614664802,1,2,1,1,18,14.078644526133855,4,0,1,1,1,0,1,0,0,1,0,1,0,1,0,1.6094379124341003
3.367295829986474,2,4,0,1,6,14.095413198954706,2,0,0,2,0,0,0,2,3,1,0,0,0,1,0,1.6094379124341003
3.332204510175204,1,1,0,1,24,14.954304956470095,4,0,0,1,1,1,1,1,3,0,1,0,0,1,0,0.4054651081081644
3.7612001156935624,2,4,0,1,36,15.518985294374623,2,0,0,1,1,0,1,2,4,1,0,0,1,0,0,1.6094379124341003
3.912023005428146,1,4,0,1,9,13.934182975780846,2,0,0,1,1,0,0,0,0,1,0,0,0,1,0,1.6094379124341003
3.6635616461296463,2,4,0,1,24,14.011078163876332,4,0,0,2,0,1,0,2,0,1,0,0,1,1,0,0.4054651081081644
3.2188758248682006,1,4,0,1,24,14.003649328579739,4,0,0,1,1,1,1,1,3,0,1,0,0,0,1,0.4054651081081644
3.332204510175204,1,4,1,1,10,14.084774808833686,4,0,1,1,1,1,0,1,3,1,0,0,1,1,0,1.252762968495368
3.6109179126442243,1,2,0,1,15,14.674172600730516,2,0,0,1,0,0,2,2,4,1,0,0,1,1,0,1.252762968495368
3.5553480614894135,2,2,2,1,15,15.739759356223798,1,0,0,1,4,1,0,1,3,1,0,0,1,1,0,0.0
3.367295829986474,1,2,0,1,24,14.161226369380497,4,0,0,1,1,0,1,1,0,1,0,1,0,1,0,1.252762968495368
3.828641396489095,1,2,2,1,39,15.965876554422348,4,0,0,1,1,0,0,2,4,1,0,0,1,1,0,1.6094379124341003
3.295836866004329,1,2,0,1,12,13.539758373899955,4,0,0,1,1,1,1,0,3,1,0,0,1,1,0,1.8718021769015913
3.4965075614664802,1,2,2,1,36,15.360090111451477,2,0,0,1,1,0,1,2,4,1,0,0,1,0,0,1.252762968495368
3.295836866004329,1,4,0,1,15,14.803936259759821,2,0,0,1,1,0,1,1,5,1,0,0,1,0,1,1.8718021769015913
3.044522437723423,1,4,0,1,12,13.279368835614243,4,1,0,2,2,0,1,0,0,1,0,1,0,0,1,1.252762968495368
4.007333185232471,1,1,0,1,24,14.628660974377798,4,0,0,1,1,0,0,1,3,1,0,0,1,1,0,0.4054651081081644
3.6375861597263857,1,3,0,0,6,13.31957518872681,4,0,0,2,0,0,1,1,3,0,1,0,0,1,0,1.8718021769015913
3.713572066704308,2,4,1,0,6,14.123731016387191,2,0,0,1,0,0,1,0,3,1,0,0,1,1,0,0.4054651081081644
3.1780538303479458,1,4,0,1,36,15.77940108679549,2,0,0,2,0,1,1,1,2,0,1,0,0,0,1,0.4054651081081644
3.784189633918261,1,2,0,1,6,14.000329826211665,3,0,0,1,1,0,0,1,3,1,0,0,1,1,0,1.6094379124341003
3.6109179126442243,1,4,0,1,6,13.45883704259595,4,0,0,2,0,0,0,2,0,1,0,0,1,0,0,1.6094379124341003
3.8066624897703196,1,4,0,1,24,15.521530749831673,3,0,0,2,0,0,1,2,7,1,0,0,1,0,0,1.6094379124341003
3.2188758248682006,1,2,0,1,18,14.975531788240602,2,0,0,1,1,1,1,0,0,0,1,0,0,1,0,1.252762968495368
3.9889840465642745,2,4,0,1,48,15.778277964555167,3,0,0,2,3,1,1,2,2,1,0,0,1,0,0,1.252762968495368
3.1780538303479458,1,4,0,1,24,15.064839350708214,3,0,0,1,1,0,0,2,4,0,1,0,0,1,0,1.8718021769015913
3.295836866004329,2,4,1,1,18,13.922570528729874,4,0,1,1,1,0,1,0,0,0,1,0,0,1,0,1.252762968495368
3.4339872044851463,1,3,0,1,26,15.890693168257236,2,0,0,2,1,0,1,2,4,1,0,0,1,1,0,0.4054651081081644
3.4657359027997265,1,3,0,1,15,14.242085282023975,4,0,0,1,0,0,0,2,1,0,1,0,0,1,0,1.252762968495368
3.7612001156935624,2,1,1,1,4,14.222974334070885,2,0,0,2,0,0,1,0,0,1,0,0,1,1,0,1.8718021769015913
3.4657359027997265,1,4,0,1,36,14.649289302668736,4,0,0,1,1,1,1,2,0,1,0,0,0,0,1,1.252762968495368
3.7376696182833684,2,4,1,1,6,13.403022345492023,3,0,0,1,1,0,1,0,3,1,0,0,1,1,0,0.4054651081081644
3.4965075614664802,2,1,0,1,36,14.63661154278179,3,0,0,2,1,0,1,2,1,1,0,0,1,1,0,1.8718021769015913
3.367295829986474,1,4,0,1,15,14.782874940105977,2,0,0,2,1,1,0,2,3,0,1,0,0,0,1,1.252762968495368
3.7376696182833684,1,4,0,1,12,14.222974334070885,4,0,0,1,2,0,1,0,4,1,0,1,0,0,1,1.252762968495368
3.295836866004329,1,3,0,1,24,14.086301525522053,4,0,0,1,1,0,0,1,0,1,0,1,0,1,0,1.8718021769015913
3.258096538021482,1,2,0,1,24,14.948524595410856,4,0,0,2,1,0,0,2,0,1,0,0,1,1,0,0.4054651081081644
3.5263605246161616,1,1,0,1,21,14.656647047457929,2,0,0,1,0,1,1,2,1,1,0,0,0,0,1,0.4054651081081644
4.330733340286331,1,3,2,1,6,14.133237479566205,4,0,0,1,1,0,0,1,3,0,1,0,0,1,0,0.0
3.6375861597263857,1,4,0,1,18,15.099772470373903,3,0,0,1,0,0,1,1,2,0,1,0,0,1,0,1.6094379124341003
3.7612001156935624,1,4,2,1,48,15.864879544203989,4,0,0,1,1,1,1,2,3,1,0,0,1,0,0,1.6094379124341003
3.828641396489095,1,1,1,1,18,14.930324553946724,1,0,0,1,1,0,1,1,2,0,1,0,0,1,0,0.4054651081081644
3.1780538303479458,1,1,0,1,12,14.243389912799609,1,0,0,1,1,1,1,0,0,1,0,1,0,0,1,0.4054651081081644
4.110873864173311,1,4,0,1,24,14.524531579806373,4,0,0,2,2,0,1,2,3,1,0,0,1,0,0,1.6094379124341003
3.4657359027997265,1,4,0,1,30,15.663965528349177,4,0,0,1,1,1,0,1,2,1,0,0,1,1,0,1.6094379124341003
3.5553480614894135,2,1,1,1,18,14.867730156224624,2,0,0,1,1,1,1,0,2,1,0,0,1,1,0,1.252762968495368
4.127134385045092,1,4,1,1,12,14.042646927360453,4,0,0,2,0,0,1,0,3,1,0,0,1,1,0,1.6094379124341003
3.784189633918261,2,2,0,1,24,14.102943349348111,4,0,0,2,2,1,1,0,3,1,0,0,1,0,0,0.0
3.6375861597263857,1,4,0,1,24,14.519598173122274,4,0,0,1,0,0,1,2,3,0,1,0,0,1,0,1.252762968495368
3.4965075614664802,2,1,0,1,24,14.255055624054991,3,0,0,1,1,0,1,2,0,1,0,0,1,1,0,1.8718021769015913
3.2188758248682006,1,4,1,1,12,13.347107247525049,4,0,0,1,4,1,1,0,0,0,1,0,0,1,0,1.252762968495368
3.58351893845611,1,1,0,1,48,15.996831676357575,2,0,0,2,0,0,0,2,4,1,0,0,1,0,0,1.8718021769015913
3.1780538303479458,1,4,0,1,12,13.811503540582295,4,0,0,2,0,0,0,0,7,0,1,0,0,1,0,1.8718021769015913
3.828641396489095,2,4,1,1,6,14.375126917328105,2,0,0,1,4,0,2,1,0,1,0,0,1,1,0,1.6094379124341003
3.5553480614894135,1,1,0,1,48,15.76127798254922,1,0,1,2,1,1,1,0,0,1,0,1,0,1,0,1.8718021769015913
3.332204510175204,1,1,0,1,12,14.506155109559108,4,0,0,1,0,0,0,2,3,1,0,0,1,1,0,0.4054651081081644
4.219507705176107,1,4,2,1,9,13.99699926803766,4,0,0,2,1,0,1,1,1,0,1,0,0,1,0,1.8718021769015913
3.1354942159291497,1,1,0,1,12,14.101441848691767,2,0,0,1,1,1,1,2,0,1,0,0,1,1,0,0.4054651081081644
3.367295829986474,1,3,0,1,18,14.63880886197073,3,0,0,2,3,1,0,2,3,0,1,0,0,1,0,0.4054651081081644
3.4011973816621555,1,4,0,1,21,15.425548490350394,1,0,0,2,3,1,0,1,3,0,1,0,0,1,0,1.252762968495368
3.332204510175204,1,4,0,1,24,15.08302166462569,3,0,0,1,4,1,1,2,2,1,0,0,1,1,0,1.8718021769015913
3.4657359027997265,1,2,1,1,18,14.471994272824693,2,0,0,2,0,1,1,0,2,1,0,0,1,1,0,0.4054651081081644
3.912023005428146,2,4,0,1,24,14.902050602779974,4,0,0,1,1,0,0,2,4,1,0,0,1,0,0,1.6094379124341003
3.2188758248682006,1,4,1,1,24,14.251182154959826,4,0,1,1,4,1,1,2,0,1,0,0,1,0,1,1.8718021769015913
3.4011973816621555,1,1,0,1,6,13.434251602680698,2,0,0,1,2,0,1,1,0,0,1,0,0,1,0,0.4054651081081644
3.6375861597263857,1,4,0,1,36,16.332319620814637,1,0,0,1,1,1,0,2,3,1,0,0,1,0,0,1.252762968495368
3.6375861597263857,1,2,2,1,24,15.365623216537646,4,0,0,2,2,0,0,1,5,1,0,0,1,1,0,1.252762968495368
3.1780538303479458,1,2,0,1,24,14.25569974604562,3,0,0,2,2,0,0,1,0,0,1,0,0,0,1,1.8718021769015913
3.6109179126442243,1,3,0,1,12,14.131780816130675,2,0,0,1,1,1,1,2,3,1,0,0,0,1,0,1.8718021769015913
3.5553480614894135,1,2,0,1,24,14.762524850378789,2,0,0,1,0,0,3,2,0,1,0,0,1,1,0,1.6094379124341003
3.7376696182833684,2,1,0,1,48,15.19654134072846,4,0,0,2,1,0,0,2,0,1,0,0,1,1,0,1.8718021769015913
3.4657359027997265,1,2,0,1,48,15.726237694229134,3,0,0,1,1,1,1,2,0,0,1,0,0,1,0,1.252762968495368
3.1780538303479458,1,4,1,1,24,14.989230628333736,4,0,0,1,1,1,1,0,2,0,1,0,0,0,1,0.4054651081081644
3.6635616461296463,1,2,0,1,30,15.59957398851216,3,1,0,1,0,0,1,2,0,1,0,0,1,1,0,1.8718021769015913
3.295836866004329,1,4,2,1,24,15.508002209594014,2,0,0,1,1,0,0,1,4,0,1,0,0,0,1,0.0
3.1354942159291497,1,4,1,1,15,13.599840262182784,4,0,0,1,1,0,1,1,5,0,1,0,0,1,0,1.252762968495368
3.332204510175204,1,4,1,1,9,13.894322662602555,4,0,0,2,1,0,1,2,0,1,0,0,1,1,0,1.6094379124341003
3.2188758248682006,1,3,0,1,15,14.840835409542544,2,1,0,2,0,0,1,2,2,0,1,0,0,1,0,1.8718021769015913
3.332204510175204,1,1,0,1,12,14.89051332229012,2,0,0,1,1,0,1,0,0,0,1,0,0,1,0,1.8718021769015913
3.5263605246161616,1,2,0,1,24,14.47147546633773,3,0,0,2,0,0,0,2,1,0,1,0,0,1,0,1.252762968495368
3.332204510175204,1,4,0,1,36,14.852247797524162,4,0,0,2,0,1,1,2,3,1,0,0,0,1,0,0.4054651081081644
3.332204510175204,1,3,1,1,24,13.75043962845585,4,0,0,2,1,0,1,2,8,1,0,1,0,1,0,0.4054651081081644
3.4339872044851463,1,3,0,1,18,13.869999690217593,3,0,1,2,0,1,1,0,3,1,0,0,1,1,0,1.6094379124341003
3.912023005428146,2,3,1,1,12,14.954625110044095,1,0,0,2,0,0,1,0,3,1,0,0,1,1,0,0.4054651081081644
3.295836866004329,1,2,0,1,9,14.143375140509722,4,0,0,1,1,0,1,0,2,0,1,0,0,0,1,1.252762968495368
3.5263605246161616,1,1,1,1,36,14.684290726630376,4,0,0,1,1,1,1,2,7,1,0,0,1,0,1,0.4054651081081644
3.970291913552122,1,4,2,1,12,14.573040466276632,4,0,0,1,1,0,0,2,3,0,1,0,0,0,0,1.6094379124341003
3.044522437723423,1,4,0,1,18,14.52797053999296,1,0,0,1,1,1,1,0,2,0,1,0,0,0,1,1.252762968495368
3.6109179126442243,2,2,0,1,9,14.844773125767981,2,0,0,2,0,0,1,0,3,1,0,0,1,0,1,1.252762968495368
3.091042453358316,1,1,1,1,12,14.069378057716214,4,0,1,1,1,0,1,1,2,1,0,0,1,1,0,1.252762968495368
3.871201010907891,1,3,1,1,18,14.011900193662013,4,0,0,1,1,1,1,0,6,1,0,1,0,1,0,1.252762968495368
4.110873864173311,1,3,0,1,12,14.6246618595164,3,0,0,2,0,1,1,1,2,1,0,0,1,1,0,1.6094379124341003
4.07753744390572,1,3,1,1,12,12.861001210669146,4,0,0,4,0,0,1,0,0,0,1,0,0,1,0,1.8718021769015913
3.7612001156935624,1,4,0,1,24,14.491003312191221,4,0,0,2,2,0,0,2,3,0,1,0,0,0,1,1.252762968495368
3.6109179126442243,1,4,1,1,21,14.267859888103402,4,0,0,1,1,0,3,0,5,0,1,0,0,1,0,1.6094379124341003
3.044522437723423,1,4,1,1,24,14.815407241610744,3,0,0,1,1,1,1,1,3,0,1,0,0,0,1,1.252762968495368
3.713572066704308,1,3,2,1,24,14.121524323477532,4,0,0,1,4,1,0,2,8,1,0,0,1,1,0,1.6094379124341003
3.4965075614664802,1,1,1,1,6,13.744015630372484,1,0,0,1,4,1,0,1,3,0,1,0,0,1,0,0.4054651081081644
3.1780538303479458,1,4,0,1,24,14.181542290308068,4,0,0,2,1,1,1,2,3,0,1,0,0,0,1,1.8718021769015913
3.6109179126442243,1,4,1,1,24,15.260309884250145,1,0,0,3,3,1,1,0,5,1,0,0,1,1,0,1.252762968495368
3.4657359027997265,1,2,0,1,18,14.836161665522967,2,0,0,2,0,1,1,1,3,1,0,0,1,1,0,1.8718021769015913
3.4965075614664802,1,2,0,1,24,15.16695490051455,1,0,0,1,2,0,1,2,5,1,0,0,1,0,0,1.252762968495368
3.828641396489095,1,1,0,1,7,14.660949978235214,1,0,1,1,1,0,1,0,0,0,1,0,0,1,0,0.4054651081081644
3.4339872044851463,1,1,0,1,9,13.729953758926653,4,0,0,1,1,1,1,1,2,0,1,0,0,1,0,1.252762968495368
3.5553480614894135,1,4,1,1,24,14.42364490856293,4,0,0,1,4,1,1,2,1,0,1,0,0,0,0,1.8718021769015913
3.367295829986474,1,2,2,1,36,15.024172650372893,4,0,0,1,1,1,1,2,2,0,1,0,0,1,0,1.252762968495368
3.1780538303479458,1,2,0,1,10,14.058457520888082,4,0,0,1,1,0,1,1,2,0,1,0,0,1,0,0.4054651081081644
3.1354942159291497,1,4,0,1,24,14.855080659605328,4,0,0,1,4,0,2,0,2,1,0,0,1,1,0,1.252762968495368
4.31748811353631,1,2,2,1,24,15.325349326121243,3,0,0,1,0,0,1,0,5,1,0,0,1,1,0,1.252762968495368
3.9318256327243257,1,4,0,1,36,14.797963866483641,4,1,0,1,1,1,0,2,0,0,1,0,0,0,0,1.252762968495368
3.5263605246161616,1,1,0,1,18,14.533838524621439,4,0,0,1,1,0,1,0,0,1,0,0,1,1,0,0.4054651081081644
3.828641396489095,2,4,0,1,15,14.077875591662238,4,0,0,1,1,0,0,2,4,1,0,0,1,0,0,1.6094379124341003
3.1354942159291497,1,3,0,1,12,13.51575725380498,4,0,0,1,1,1,0,1,6,0,1,0,0,1,0,0.0
3.8918202981106265,2,4,1,1,10,14.030622744032508,1,0,0,1,1,1,0,2,3,0,1,0,0,0,0,1.6094379124341003
3.4011973816621555,1,2,0,1,21,15.026558573847144,4,0,0,1,1,0,3,2,0,0,1,0,0,1,0,0.4054651081081644
3.1354942159291497,1,4,0,0,24,15.10529429403368,1,0,1,1,4,0,1,2,4,0,1,0,0,0,1,1.252762968495368
3.1354942159291497,1,1,0,1,18,14.40773237303145,4,0,0,1,2,1,1,0,2,0,1,0,0,1,0,1.8718021769015913
3.8918202981106265,1,2,2,1,48,16.31727440675904,2,0,0,1,3,0,0,2,5,1,0,0,1,1,0,1.252762968495368
3.332204510175204,1,2,2,1,60,16.030029281295935,2,0,0,1,2,0,0,2,0,1,0,0,1,0,0,1.252762968495368
3.6375861597263857,2,3,0,1,6,15.117336034492498,1,0,0,3,0,0,1,0,3,1,0,0,1,0,1,1.252762968495368
3.091042453358316,1,4,0,1,30,15.051272975392768,2,1,0,1,1,1,0,2,2,0,1,0,0,0,1,1.252762968495368
3.912023005428146,1,2,1,1,12,13.369225017834633,4,0,0,1,1,0,1,0,3,1,0,0,0,1,0,1.252762968495368
3.332204510175204,1,3,0,1,21,15.110785794519522,2,0,0,2,0,0,1,1,5,1,0,0,1,1,0,1.8718021769015913
3.4965075614664802,1,2,0,1,18,14.240778946963175,3,0,0,2,0,1,1,1,3,1,0,0,1,1,0,1.252762968495368
3.6635616461296463,1,2,0,1,48,15.180070682431227,4,0,0,1,1,1,0,0,5,1,0,0,0,1,0,1.252762968495368
3.1354942159291497,1,1,0,1,12,14.435011736568908,4,0,0,1,1,0,1,2,2,0,1,0,0,0,1,0.4054651081081644
4.189654742026425,1,4,0,1,18,14.77102238760702,4,0,0,2,1,1,1,2,0,1,0,0,1,0,0,1.252762968495368
3.58351893845611,1,2,0,1,15,14.498102729890284,4,0,0,1,1,0,0,2,0,1,0,0,1,1,0,1.6094379124341003
3.7376696182833684,1,2,0,1,6,14.565038544550008,2,0,0,1,1,0,1,0,2,1,0,0,1,1,0,1.252762968495368
3.4011973816621555,1,3,0,1,9,14.178068860955143,2,0,0,1,4,1,0,2,3,1,0,0,1,1,0,1.8718021769015913
3.6109179126442243,1,4,0,1,42,15.21225042434795,4,0,0,2,0,0,2,0,2,1,0,0,1,1,0,1.252762968495368
4.174387269895637,1,4,1,1,9,15.158897679033188,1,0,0,1,1,0,0,0,1,1,0,0,1,1,0,1.6094379124341003
3.367295829986474,1,4,0,1,24,15.112973978601556,2,0,0,1,1,0,1,2,0,0,1,0,0,1,0,1.252762968495368
3.8066624897703196,1,3,0,1,18,14.25569974604562,4,0,0,1,4,1,1,2,2,1,0,0,1,1,0,1.252762968495368
3.1780538303479458,1,1,0,1,15,14.182928290955445,4,0,0,1,1,0,0,1,0,1,0,0,1,1,0,0.4054651081081644
2.995732273553991,1,2,0,1,9,14.498607907721096,2,1,0,2,1,1,1,2,2,0,1,0,0,0,1,0.4054651081081644
3.258096538021482,1,4,1,1,24,14.119312750303045,3,0,0,1,1,1,1,2,3,0,1,0,0,1,0,0.4054651081081644
3.871201010907891,2,4,0,1,12,14.146970970636774,4,0,0,3,1,0,1,1,1,1,0,0,1,1,0,1.6094379124341003
3.367295829986474,1,1,0,1,24,14.134692024219348,4,0,0,1,1,0,2,2,0,0,1,0,0,1,0,1.8718021769015913
3.091042453358316,1,4,0,1,60,16.566173213755874,2,0,0,2,2,0,1,2,0,1,0,0,1,1,0,1.8718021769015913
3.5553480614894135,2,3,0,1,12,14.216298746313468,4,0,0,1,1,0,1,2,0,0,1,0,0,1,0,0.4054651081081644
3.295836866004329,2,2,0,1,42,15.2902737959047,3,0,0,2,2,1,1,1,0,1,0,0,1,1,0,1.8718021769015913
3.332204510175204,1,1,3,1,18,13.527829818844937,4,0,0,1,1,1,1,0,1,0,1,0,0,1,0,0.0
3.6635616461296463,1,4,1,1,15,14.084010575524983,4,0,0,2,1,0,1,2,7,1,0,0,1,1,0,1.6094379124341003
3.713572066704308,1,2,2,1,15,15.346554619280095,3,0,0,1,1,1,0,1,1,1,0,0,1,1,0,1.252762968495368
3.5263605246161616,1,2,0,1,24,14.431237131804004,4,0,1,2,0,0,1,2,0,1,0,1,0,1,0,1.8718021769015913
3.4965075614664802,1,1,2,1,18,14.446782866720884,4,0,0,2,0,0,1,1,0,1,0,1,0,1,0,1.8718021769015913
3.332204510175204,1,4,0,1,36,15.892449094739266,4,0,0,2,2,1,0,2,5,1,0,0,1,0,1,0.4054651081081644
3.4965075614664802,1,2,0,1,30,15.337864581688924,2,0,1,2,3,0,1,0,2,1,0,0,0,1,0,1.252762968495368
3.295836866004329,1,2,0,1,12,14.141933180232447,2,0,0,1,1,1,2,1,3,0,1,0,0,1,0,1.252762968495368
3.6635616461296463,2,3,0,1,24,13.761055428133867,4,0,0,1,1,1,1,2,3,1,0,0,1,0,0,1.8718021769015913
3.713572066704308,2,4,1,1,12,13.435714658591923,4,0,0,1,1,1,1,2,1,1,0,0,1,0,1,1.252762968495368
3.9318256327243257,1,1,2,1,48,15.827208581318951,4,0,0,1,1,0,1,2,1,1,0,0,1,0,0,1.8718021769015913
3.6375861597263857,1,2,1,1,12,14.468877388803604,4,0,0,1,1,1,1,1,2,1,0,0,1,1,0,1.252762968495368
3.828641396489095,1,1,0,1,24,14.649723613018967,4,1,0,1,1,1,1,0,3,1,0,0,1,1,0,1.6094379124341003
3.7612001156935624,1,4,2,1,36,15.905644852853387,2,0,0,4,2,1,0,2,3,1,0,0,1,1,0,1.6094379124341003
3.58351893845611,1,3,0,1,24,14.668222734452927,4,0,0,2,0,0,1,2,4,1,0,0,1,1,0,1.8718021769015913
3.1354942159291497,1,4,0,1,14,15.195032286495673,1,0,0,1,1,0,1,2,3,1,0,0,1,0,0,0.0
3.7376696182833684,2,4,1,1,12,13.6967281480998,4,0,0,1,1,1,1,2,3,1,0,0,1,1,0,1.6094379124341003
3.6375861597263857,1,3,0,1,48,16.140052916138572,4,0,0,1,1,0,0,2,0,1,0,0,1,1,0,1.8718021769015913
3.367295829986474,1,1,0,1,30,15.255582861675292,2,0,0,2,3,0,1,2,5,0,1,0,0,1,0,1.252762968495368
3.7376696182833684,1,1,0,1,18,15.665696312868915,2,0,0,1,0,0,1,2,2,1,0,0,1,1,0,1.6094379124341003
3.1780538303479458,1,4,0,1,12,14.075565234308307,3,0,0,1,1,0,1,0,0,1,0,1,0,0,1,1.252762968495368
3.1780538303479458,1,2,0,1,12,13.710151153416941,4,0,0,1,1,1,0,2,3,1,0,1,0,1,0,1.252762968495368
3.9318256327243257,1,2,0,1,21,14.622433199012326,4,0,0,2,1,0,1,0,2,1,0,0,1,1,0,1.6094379124341003
3.58351893845611,1,1,2,1,6,13.864301674514206,4,0,0,2,2,0,1,1,2,1,0,0,1,1,0,0.0
3.9318256327243257,1,4,1,1,6,13.861440444962055,2,0,0,1,0,0,1,1,1,0,1,0,0,1,0,1.252762968495368
3.332204510175204,1,2,2,1,24,15.65828010647827,4,1,0,2,0,0,1,2,8,1,0,0,1,1,0,0.0
3.5553480614894135,2,2,0,1,30,15.067130301798713,4,0,0,1,4,0,3,2,2,1,0,0,1,1,0,1.252762968495368
3.332204510175204,1,1,0,1,48,15.098941560709953,1,0,0,1,4,0,1,0,5,0,1,0,0,1,0,1.252762968495368
3.784189633918261,1,4,0,1,12,15.393045127868929,3,1,0,2,0,1,1,1,3,1,0,0,1,0,1,1.6094379124341003
3.871201010907891,1,4,0,1,30,14.91977384959623,4,0,0,1,0,0,1,1,0,1,0,0,1,1,0,1.6094379124341003
3.332204510175204,1,3,1,1,24,15.235965012335093,3,0,0,2,0,0,0,1,5,1,0,0,1,1,0,1.252762968495368
3.4657359027997265,1,2,0,1,36,15.563318313818478,2,0,0,2,1,0,0,2,5,1,0,0,1,1,0,1.8718021769015913
3.7612001156935624,1,4,2,1,60,16.15404187420101,2,0,0,1,1,0,1,1,3,1,0,0,1,1,0,1.6094379124341003
3.2188758248682006,1,2,0,1,6,14.547878932446617,1,0,0,1,0,0,2,2,3,1,0,1,0,1,0,1.252762968495368
3.7376696182833684,2,2,1,1,21,14.763300344494624,4,0,0,1,2,1,2,0,5,1,0,0,1,1,0,0.4054651081081644
3.295836866004329,1,4,2,1,30,15.326232718209745,4,0,0,1,0,0,1,2,0,0,1,0,0,0,1,1.8718021769015913
3.5263605246161616,1,4,0,1,24,15.454507466814658,4,0,0,1,0,0,1,2,2,1,0,0,1,1,0,1.6094379124341003
3.2188758248682006,1,2,0,1,72,15.537384078459157,2,0,0,1,1,1,0,2,0,1,0,1,0,1,0,1.252762968495368
4.174387269895637,1,4,1,1,24,14.684290726630376,4,0,0,1,1,0,1,0,0,1,0,0,1,0,1,1.6094379124341003
3.295836866004329,1,1,0,1,18,14.189141630783428,3,0,0,1,1,0,1,0,0,0,1,0,0,1,0,0.4054651081081644
4.04305126783455,1,2,0,1,6,14.245994079242573,1,0,0,1,1,0,1,2,1,0,1,0,0,1,0,0.4054651081081644
3.6375861597263857,1,4,0,1,12,14.639247747016668,4,0,0,1,1,0,0,2,0,1,0,0,1,0,0,1.252762968495368
3.5263605246161616,1,3,0,1,15,14.206201057080042,4,0,0,2,2,0,1,0,0,1,0,1,0,1,0,1.252762968495368
3.871201010907891,1,3,0,1,24,15.445339356009248,3,0,0,3,0,0,1,2,0,1,0,1,0,0,0,0.4054651081081644
3.4657359027997265,2,3,1,1,36,16.103692522098317,1,0,0,2,2,0,0,1,5,1,0,0,1,1,0,1.8718021769015913
3.5553480614894135,2,4,0,1,60,15.691458130827087,4,0,0,1,1,0,0,2,3,1,0,0,1,0,0,1.252762968495368
3.332204510175204,1,2,0,1,10,14.113391197782724,4,0,0,2,0,0,0,1,0,1,0,0,1,1,0,1.8718021769015913
3.4339872044851463,1,3,0,1,36,14.867031588504481,4,0,0,1,2,0,0,2,3,1,0,0,1,0,0,1.6094379124341003
3.58351893845611,1,4,0,1,9,14.828202147364781,3,1,0,1,1,0,0,2,0,1,0,0,1,1,0,1.6094379124341003
3.4657359027997265,2,3,0,1,12,15.110511934535298,1,0,0,1,1,0,3,1,3,1,0,0,1,1,0,1.252762968495368
3.258096538021482,1,3,0,1,15,13.790193775620484,2,0,0,2,0,0,1,1,2,1,0,0,0,1,0,1.252762968495368
3.258096538021482,1,2,1,1,15,14.782874940105977,3,0,0,1,1,0,0,0,7,0,1,0,0,1,0,1.252762968495368
3.4011973816621555,1,1,0,1,24,14.878841377791552,2,0,0,1,1,0,0,2,0,1,0,0,1,1,0,0.4054651081081644
3.8066624897703196,2,3,1,1,6,15.36647175268348,1,0,0,2,0,0,0,0,3,1,0,0,1,1,0,0.4054651081081644
3.367295829986474,1,2,0,1,24,14.641439287586314,4,0,0,1,1,0,1,2,0,1,0,0,1,1,0,1.8718021769015913
3.9318256327243257,1,4,0,1,6,14.027391726060934,2,0,0,1,1,0,2,1,4,1,0,0,1,0,1,1.252762968495368
3.4011973816621555,1,3,0,0,12,13.913545204853543,4,0,1,2,1,0,1,0,0,1,0,0,1,1,0,1.8718021769015913
3.6635616461296463,1,2,3,1,12,13.738630593541341,1,0,0,1,0,0,1,1,3,0,1,0,0,1,0,0.0
3.2188758248682006,1,2,0,1,18,14.403297778421795,4,0,0,2,0,0,1,2,0,1,0,0,1,1,0,1.252762968495368
3.713572066704308,1,4,2,1,15,14.459993091477184,4,0,0,1,1,0,1,2,1,1,0,0,1,0,1,1.6094379124341003
3.4011973816621555,1,4,1,1,12,13.931515124192133,4,0,0,1,1,1,2,2,2,0,1,0,0,0,1,1.252762968495368
3.8501476017100584,1,4,0,1,48,15.660968917479181,4,0,0,2,0,1,1,2,4,1,0,0,1,0,0,1.6094379124341003
3.871201010907891,1,2,0,1,24,14.13541850392694,4,0,0,1,1,0,0,2,0,0,1,0,0,0,0,1.6094379124341003
3.7376696182833684,1,2,0,1,30,14.733000969934407,4,0,0,2,2,0,0,1,5,1,0,0,1,1,0,1.6094379124341003
3.4965075614664802,2,1,0,1,27,14.742939429818428,4,0,0,1,1,0,1,1,5,0,1,0,0,1,0,0.4054651081081644
3.58351893845611,1,4,0,1,15,15.487735646325822,1,0,0,1,1,0,2,2,3,0,1,0,0,0,0,1.6094379124341003
3.2188758248682006,1,2,0,1,48,15.696501313359285,3,0,0,1,1,1,0,1,3,1,0,0,1,1,0,1.8718021769015913
3.258096538021482,1,3,0,1,12,14.903736090559581,4,0,0,2,3,1,1,1,2,0,1,0,0,0,1,0.4054651081081644
3.258096538021482,1,4,0,1,9,14.00282048545632,4,0,0,1,1,0,1,0,0,0,1,0,0,1,0,1.6094379124341003
3.6375861597263857,2,2,1,1,9,14.56598327728691,2,0,0,1,1,0,1,0,0,1,0,0,1,1,0,1.252762968495368
3.4965075614664802,1,3,2,1,18,13.351888125506433,4,0,0,2,0,0,2,1,0,1,0,0,1,1,0,1.6094379124341003
3.58351893845611,1,4,0,1,6,13.996164892381724,4,0,0,1,4,1,1,2,1,0,1,0,0,0,0,1.6094379124341003
3.8501476017100584,1,4,2,1,21,14.722155316663764,4,0,0,1,1,0,0,0,4,1,0,0,1,1,0,1.6094379124341003
3.258096538021482,1,4,1,1,9,13.94478377240265,4,0,0,2,0,0,1,0,0,1,0,0,1,1,0,1.252762968495368
3.332204510175204,1,2,2,1,60,16.45649467299289,4,0,0,1,1,1,1,2,3,1,0,0,1,1,0,1.8718021769015913
4.1588830833596715,1,4,0,1,30,15.84313248256254,1,0,0,2,0,0,0,2,4,1,0,0,1,1,0,1.6094379124341003
3.713572066704308,2,2,0,1,30,14.939465979296001,3,0,0,2,0,0,0,2,0,1,0,0,1,1,0,1.6094379124341003
3.4965075614664802,1,2,2,1,18,14.22430412061672,4,0,0,1,1,0,1,2,0,1,0,0,1,0,0,1.252762968495368
3.4657359027997265,1,2,0,1,24,14.962278206181388,3,0,0,2,0,0,0,2,0,1,0,0,1,1,0,1.252762968495368
3.4657359027997265,1,4,0,1,20,15.631637546295131,3,0,0,2,3,0,0,2,4,1,0,1,0,1,0,1.6094379124341003
3.5553480614894135,1,2,2,1,9,14.105939604026958,4,0,0,2,3,1,1,2,0,1,0,0,1,1,0,0.4054651081081644
3.2188758248682006,2,2,0,1,6,12.978495316450783,4,0,0,1,4,1,3,1,1,0,1,0,0,0,1,0.4054651081081644
3.2188758248682006,1,2,1,1,12,14.02089820202114,4,0,0,1,1,1,1,0,3,0,1,0,0,1,0,1.252762968495368
4.204692619390966,1,3,1,1,9,13.579789490265188,4,0,0,1,1,0,2,0,0,0,1,0,0,1,0,1.252762968495368
3.091042453358316,1,3,0,1,27,14.759416845976386,3,0,0,1,1,1,1,0,3,0,1,0,0,0,1,1.252762968495368
3.7376696182833684,1,2,1,1,6,12.429220196836383,2,0,0,2,0,0,3,0,3,0,1,0,0,1,0,1.252762968495368
3.871201010907891,1,2,1,1,15,14.09010815074553,2,0,0,2,0,0,2,1,0,1,0,1,0,1,0,1.252762968495368
3.258096538021482,1,4,0,1,18,14.447846130476949,4,0,0,2,1,1,1,2,0,0,1,0,0,0,1,1.252762968495368
4.0943445622221,1,3,0,1,48,15.674305584388824,4,0,0,1,4,1,1,2,5,0,1,0,0,0,1,1.6094379124341003
3.6109179126442243,1,4,0,1,24,14.058457520888082,2,0,0,2,0,0,3,0,5,1,0,0,0,1,0,1.252762968495368
3.5263605246161616,1,2,0,1,24,15.672277344677719,1,0,0,1,2,0,1,2,0,1,0,0,1,1,0,0.4054651081081644
3.091042453358316,2,4,1,1,24,14.50213702480509,2,0,0,1,1,1,1,0,0,1,0,0,1,0,1,1.252762968495368
3.8066624897703196,1,2,1,1,8,13.541075028051122,4,0,1,1,1,0,1,0,0,0,1,0,0,1,0,1.8718021769015913
3.367295829986474,1,4,0,1,24,14.772175568148738,2,0,0,1,1,0,3,2,4,0,1,0,0,0,1,1.252762968495368
3.6375861597263857,2,1,0,1,4,15.033386563317146,1,0,0,1,0,0,1,0,3,0,1,0,0,1,0,1.8718021769015913
3.4011973816621555,1,2,3,1,36,15.199302039492581,3,0,0,1,4,0,0,2,6,0,1,0,0,1,0,0.4054651081081644
3.1780538303479458,1,4,2,1,24,16.263061507713694,1,0,0,2,1,1,1,2,4,0,1,0,0,0,1,1.252762968495368
3.58351893845611,2,4,1,1,18,15.292559510663105,3,0,0,1,1,0,0,2,3,1,0,0,1,1,0,1.252762968495368
3.828641396489095,2,3,2,1,6,15.72668151397992,1,0,0,2,0,0,1,2,3,1,0,0,1,1,0,1.8718021769015913
3.295836866004329,1,4,1,1,30,15.269463801202813,4,0,0,2,3,1,0,2,5,0,1,0,0,0,1,1.252762968495368
3.4965075614664802,1,3,0,1,24,14.659231027111028,2,0,0,1,4,0,0,2,3,1,0,0,1,1,0,1.8718021769015913
3.1780538303479458,1,4,1,1,10,13.862395098061143,4,0,0,1,4,0,1,0,0,1,0,0,1,1,0,1.252762968495368
3.7376696182833684,1,3,0,1,21,14.96608290201874,4,0,0,1,1,0,0,1,0,1,0,0,1,1,0,1.6094379124341003
3.1354942159291497,1,4,0,1,24,14.724978467228846,4,0,0,1,4,0,2,0,2,1,0,0,1,1,0,1.252762968495368
3.4339872044851463,1,4,2,1,39,16.46727262524653,4,0,0,2,0,0,0,1,2,1,0,0,1,1,0,1.8718021769015913
3.367295829986474,1,1,1,1,13,14.401629722248568,3,0,0,2,0,0,1,1,5,1,0,0,1,1,0,0.4054651081081644
3.1780538303479458,1,4,0,1,15,14.736192036387353,1,0,0,1,1,0,1,2,3,0,1,0,0,0,1,0.0
3.6375861597263857,1,1,1,1,12,14.057672900043293,3,0,0,1,1,1,1,0,3,0,1,0,0,1,0,0.4054651081081644
3.295836866004329,1,3,0,1,21,15.473357800154824,1,0,0,1,1,0,0,2,4,1,0,0,1,1,0,1.252762968495368
3.5263605246161616,1,2,0,1,15,14.92374342015128,2,0,0,1,1,0,1,2,4,1,0,0,1,1,0,1.8718021769015913
3.912023005428146,1,1,0,1,6,12.966880811009803,2,0,0,1,1,0,1,1,2,0,1,0,0,1,0,1.6094379124341003
3.1780538303479458,1,2,1,1,18,13.791218889984869,1,0,0,1,1,1,1,2,3,0,1,0,0,1,0,0.4054651081081644
3.1780538303479458,1,4,1,1,12,13.642348128015021,2,0,0,1,1,0,0,0,5,0,1,0,0,0,1,1.8718021769015913
3.258096538021482,1,2,0,1,30,15.568356106973283,4,0,0,2,0,0,1,2,0,0,1,0,0,1,0,1.8718021769015913
4.02535169073515,2,4,0,1,12,14.256986746682081,4,0,0,2,2,1,3,2,7,1,0,0,1,0,0,1.6094379124341003
3.4965075614664802,1,4,0,1,24,14.06627005452127,4,0,0,1,1,1,0,2,3,0,1,0,0,0,1,1.8718021769015913
4.31748811353631,2,1,3,0,6,14.07710606547538,1,0,0,3,0,0,1,0,3,1,0,0,1,1,0,1.252762968495368
3.6888794541139363,1,4,0,1,15,14.055315336953344,3,0,0,2,0,1,0,2,0,1,0,0,1,0,0,1.252762968495368
3.4657359027997265,1,2,0,1,24,14.146970970636774,2,0,1,1,1,0,1,0,3,1,0,0,1,1,0,1.252762968495368
3.58351893845611,1,3,0,1,12,13.445896549926763,4,0,0,2,0,1,1,1,3,1,0,0,1,1,0,1.6094379124341003
4.0943445622221,1,4,0,1,15,15.433908409985882,1,0,0,1,0,0,0,2,3,0,1,0,0,1,0,1.6094379124341003
3.2188758248682006,1,4,0,1,18,14.56881213215365,4,0,0,2,0,1,1,0,2,0,1,0,0,0,1,1.252762968495368
3.2188758248682006,1,3,1,1,12,14.610311843921801,4,0,0,1,1,0,1,1,0,1,0,0,1,1,0,1.252762968495368
3.4339872044851463,1,4,2,1,21,16.355536585837704,4,0,0,1,0,1,0,2,3,1,0,0,1,0,0,1.6094379124341003
3.332204510175204,1,3,0,1,24,14.716891083111525,4,0,0,2,0,0,0,1,3,1,0,1,0,1,0,1.8718021769015913
3.713572066704308,1,3,1,1,12,13.959611767738522,3,0,1,2,1,0,1,0,0,1,0,1,0,1,0,1.6094379124341003
3.4657359027997265,1,4,1,1,30,14.949490312219945,2,0,0,1,1,1,1,1,2,1,0,0,0,1,0,0.4054651081081644
3.4657359027997265,1,4,0,1,10,14.880566407812204,1,0,0,1,1,0,0,0,4,0,1,0,0,0,1,0.4054651081081644
3.367295829986474,1,4,0,1,12,15.10115578740641,1,0,0,3,0,0,1,2,2,1,0,0,1,0,1,1.6094379124341003
4.1588830833596715,1,4,1,1,12,14.319312171022725,2,0,0,2,0,0,1,0,0,1,0,0,1,1,0,1.6094379124341003
3.295836866004329,1,4,0,1,24,14.849406887531407,2,0,0,1,1,0,0,0,4,0,1,0,0,0,1,1.6094379124341003
3.258096538021482,1,2,2,1,36,15.903044393534,3,0,0,2,0,1,1,2,1,0,1,0,0,1,0,1.252762968495368
3.6109179126442243,1,4,2,1,21,15.001828732394953,1,0,0,1,0,0,1,2,4,1,0,0,1,1,0,1.6094379124341003
3.970291913552122,1,4,0,1,24,14.614368642788788,4,0,0,2,0,0,0,1,0,1,0,0,1,1,0,1.6094379124341003
4.204692619390966,1,4,3,1,12,14.207553321415745,2,0,0,3,0,0,2,2,3,1,0,0,1,0,0,0.0
3.258096538021482,1,4,0,1,24,14.131051687938788,4,0,0,1,1,1,0,0,3,0,1,0,0,0,1,1.252762968495368
3.6375861597263857,1,4,0,1,36,15.078224140198202,4,0,0,2,0,0,1,2,3,1,0,0,1,1,0,1.8718021769015913
3.258096538021482,1,1,0,1,18,15.070841939546789,4,0,1,1,1,0,1,0,0,0,1,0,0,1,0,1.8718021769015913
3.6635616461296463,1,2,2,1,36,15.557904872747667,4,0,0,2,0,0,3,2,4,1,0,0,1,1,0,1.6094379124341003
4.219507705176107,1,4,0,1,18,15.169281985643034,2,0,0,1,1,0,1,2,7,0,1,0,0,1,0,0.0
3.258096538021482,1,2,0,1,39,15.411458082932254,2,0,1,2,0,1,1,0,0,1,0,0,1,1,0,1.8718021769015913
4.110873864173311,1,4,0,1,24,14.478199046503295,4,0,0,1,0,0,3,0,3,1,0,0,1,1,0,1.6094379124341003
3.4657359027997265,1,2,1,1,12,14.159100971573958,2,0,0,1,3,0,1,0,8,1,0,0,1,1,0,1.252762968495368
3.1780538303479458,1,2,1,1,12,13.636385088238372,4,0,0,1,1,1,0,1,3,0,1,0,0,1,0,0.4054651081081644
4.110873864173311,1,4,2,1,20,15.68237765428642,1,0,0,1,1,0,0,0,4,1,0,0,0,1,0,0.0
3.58351893845611,1,2,1,1,18,14.478714377349366,4,0,0,1,1,0,3,1,5,1,0,0,1,1,0,1.252762968495368
3.713572066704308,1,4,0,1,22,14.79946031214395,3,0,0,1,1,0,2,2,0,1,0,0,1,1,0,1.6094379124341003
3.6635616461296463,2,3,0,1,48,14.827475403410826,4,0,0,2,0,0,0,2,4,1,0,0,1,1,0,1.6094379124341003
3.9318256327243257,1,4,0,1,48,15.643923505508733,4,0,0,1,2,1,1,2,1,1,0,0,1,0,0,1.6094379124341003
3.332204510175204,1,3,0,1,40,15.606936805013317,4,0,0,1,0,1,1,2,1,1,0,0,1,1,0,1.252762968495368
3.6888794541139363,2,4,0,1,21,13.987782620655215,2,0,0,1,1,1,1,1,5,0,1,0,0,1,0,1.6094379124341003
3.7376696182833684,2,4,2,1,24,15.658121715753046,3,0,0,1,1,0,0,2,4,1,0,0,1,1,0,1.6094379124341003
3.332204510175204,1,2,0,1,6,14.015181572093326,1,0,0,2,0,0,0,1,2,1,0,1,0,1,0,1.252762968495368
3.9512437185814275,1,4,0,1,24,14.877459208042199,3,0,0,1,1,0,1,2,2,1,0,0,0,0,0,1.6094379124341003
3.4965075614664802,1,3,0,1,24,14.934579181783645,4,0,0,1,1,0,2,2,2,1,0,0,1,0,1,1.6094379124341003
3.1354942159291497,1,4,0,1,9,14.648854803611064,2,0,0,1,1,0,0,1,2,0,1,0,0,0,1,0.4054651081081644
3.9512437185814275,2,4,0,1,18,15.831879303806204,1,0,0,1,1,1,0,1,4,1,0,0,1,0,0,1.6094379124341003
3.1354942159291497,1,4,1,1,12,14.045034511154766,2,0,0,2,0,0,1,1,2,0,1,0,0,0,1,0.4054651081081644
4.007333185232471,1,4,0,1,24,13.482832514280924,4,0,0,2,2,0,0,2,3,1,0,1,0,1,0,1.6094379124341003
3.58351893845611,1,2,3,1,9,14.25312076497659,4,0,0,1,1,0,0,0,3,1,0,0,1,1,0,0.4054651081081644
4.007333185232471,2,4,0,1,24,14.28363805337103,4,0,0,2,0,0,1,2,1,1,0,0,1,0,0,1.6094379124341003
3.8918202981106265,1,4,1,1,18,14.400516137007425,3,0,1,2,0,0,1,0,0,0,1,0,0,0,1,1.6094379124341003
3.2188758248682006,1,4,0,1,20,15.267592893704537,1,0,0,2,0,0,1,1,2,0,1,0,0,1,0,1.6094379124341003
3.58351893845611,1,4,0,1,12,13.791218889984869,4,0,0,2,0,0,0,2,0,1,0,0,1,1,0,1.6094379124341003
3.2188758248682006,1,2,3,1,12,15.826673392723784,1,0,0,1,1,0,0,0,3,0,1,0,0,0,1,0.0
3.2188758248682006,1,1,0,1,36,16.04240191445234,2,0,0,1,1,1,1,2,3,1,0,0,1,1,0,1.8718021769015913
3.295836866004329,1,3,1,0,6,13.28787951079572,3,0,0,1,1,0,1,0,0,1,0,1,0,1,0,0.4054651081081644
4.189654742026425,1,4,0,1,12,13.742940940397677,4,0,0,4,0,0,0,0,0,1,0,0,1,1,0,1.6094379124341003
4.02535169073515,1,2,2,1,42,16.04369543610586,1,0,0,1,4,0,1,2,4,1,0,0,1,0,0,0.0
3.295836866004329,1,1,3,1,15,14.391000257485524,2,0,0,2,3,1,1,0,3,0,1,0,0,0,1,0.4054651081081644
3.295836866004329,1,2,0,1,8,13.717898831632498,3,0,0,1,1,0,1,0,5,1,0,1,0,1,0,0.4054651081081644
3.367295829986474,1,3,1,1,6,13.089842251812337,3,0,1,1,1,0,1,0,0,1,0,1,0,1,0,1.8718021769015913
3.2188758248682006,1,4,0,1,36,16.08029004007536,4,0,0,2,0,1,1,2,4,1,0,0,1,1,0,1.8718021769015913
4.007333185232471,1,4,0,1,48,14.930980291460143,3,0,0,1,1,1,1,2,6,1,0,0,1,1,0,1.252762968495368
3.8501476017100584,2,4,0,1,48,15.184404658792161,4,0,0,1,1,1,1,2,3,1,0,0,1,0,0,1.8718021769015913
4.007333185232471,1,2,0,1,36,15.821305694029085,2,0,0,1,2,0,1,1,3,0,1,0,0,0,1,1.252762968495368
4.143134726391533,1,4,0,1,6,14.106687267054188,1,0,0,1,1,0,2,0,6,1,0,0,0,1,0,1.252762968495368
3.2188758248682006,1,2,0,1,6,14.256343453410166,1,0,0,2,0,0,1,2,0,0,1,0,0,0,1,1.8718021769015913
3.784189633918261,1,3,2,1,36,16.579121664235334,2,1,0,1,1,0,1,2,8,1,0,0,0,1,0,0.0
3.295836866004329,1,3,0,1,18,14.111905314512224,4,0,0,1,1,1,1,0,0,1,0,1,0,1,0,1.252762968495368
3.332204510175204,1,2,0,1,12,13.911730323969618,3,0,0,2,1,0,1,0,3,1,0,1,0,1,0,1.252762968495368
3.2188758248682006,1,1,0,1,12,14.919442339674916,3,0,0,1,1,0,1,2,0,1,0,1,0,1,0,1.252762968495368
3.7376696182833684,2,2,0,1,36,14.813197296773918,2,0,0,1,1,1,1,1,2,1,0,0,1,1,0,1.6094379124341003
3.871201010907891,1,4,1,1,8,13.502170106720037,4,0,0,2,0,0,1,0,3,1,0,0,1,1,0,1.6094379124341003
3.58351893845611,1,2,2,1,18,15.145234832146,3,0,0,2,0,0,1,2,2,1,0,0,0,1,0,0.4054651081081644
3.4339872044851463,1,3,0,1,21,14.286764030829971,4,0,0,2,0,0,1,2,3,1,0,1,0,1,0,1.6094379124341003
3.5263605246161616,1,4,0,1,18,15.193268840205064,1,0,0,3,0,1,1,0,3,0,1,0,0,0,1,1.6094379124341003
3.6109179126442243,2,2,0,1,18,15.24222707367909,2,0,0,2,3,1,1,2,5,1,0,0,1,1,0,1.252762968495368
3.871201010907891,1,4,0,1,36,15.935974194143029,3,0,0,1,1,1,0,2,4,1,0,0,1,0,0,1.6094379124341003
3.6635616461296463,2,4,0,1,48,15.714778384585795,4,0,0,1,2,0,0,2,5,1,0,0,1,0,0,1.252762968495368
3.8066624897703196,2,2,0,1,24,14.680508416503422,4,0,0,2,2,0,2,2,5,1,0,0,1,1,0,1.252762968495368
3.1780538303479458,1,3,0,1,18,14.011078163876332,4,0,0,1,1,1,1,2,3,0,1,0,0,0,1,0.4054651081081644
3.4011973816621555,1,4,0,1,45,16.28496518782436,2,0,0,2,3,1,1,2,5,1,0,0,1,0,1,1.6094379124341003
3.7612001156935624,1,4,0,1,24,15.441609107986977,2,0,0,1,1,0,0,2,0,0,1,0,0,1,0,1.6094379124341003
3.258096538021482,1,3,1,1,15,14.660090872022197,2,0,0,1,1,1,1,0,0,0,1,0,0,1,0,0.4054651081081644
3.8918202981106265,1,4,0,1,12,13.894322662602555,4,0,0,2,3,1,1,2,3,1,0,0,1,1,0,1.252762968495368
3.091042453358316,1,2,0,1,12,13.694473358254752,4,0,0,1,1,0,0,2,0,0,1,0,0,1,0,1.252762968495368
3.1780538303479458,2,3,1,1,4,13.30635187740947,1,0,0,1,1,0,1,0,2,0,1,0,0,0,1,0.4054651081081644
4.1588830833596715,1,4,0,1,24,14.899686137015145,4,0,0,2,0,0,1,1,4,1,0,0,1,1,0,1.6094379124341003
3.8501476017100584,1,3,0,1,24,14.775244230676213,4,1,0,2,0,0,1,0,0,1,0,1,0,1,0,1.6094379124341003
3.4011973816621555,1,2,0,1,36,15.460122738493478,4,0,0,1,1,1,1,1,2,1,0,0,1,1,0,1.8718021769015913
3.367295829986474,1,2,1,1,21,14.91178712094771,3,0,0,2,2,0,1,0,4,1,0,0,1,1,0,1.252762968495368
3.1780538303479458,1,4,0,1,18,14.479744243027485,4,0,0,1,1,1,1,0,7,0,1,0,0,1,0,0.4054651081081644
3.9318256327243257,1,4,0,1,24,14.259555789476526,4,0,0,1,4,0,1,2,5,1,0,0,1,1,0,1.8718021769015913
3.871201010907891,2,4,0,1,18,15.045736025661002,4,0,0,3,1,0,1,1,2,1,0,0,1,1,0,1.6094379124341003
3.58351893845611,1,3,0,1,21,15.195787098267624,2,0,0,1,1,0,0,2,2,1,0,0,1,1,0,1.8718021769015913
4.23410650459726,1,4,0,1,18,15.72668151397992,2,0,0,2,1,1,0,2,3,1,0,0,1,0,1,1.252762968495368
3.367295829986474,1,2,0,1,24,14.037854589747907,4,0,0,1,1,0,1,0,3,1,0,1,0,1,0,0.4054651081081644
4.0943445622221,1,4,0,1,9,14.125932850523105,3,0,0,1,1,0,1,0,0,1,0,0,1,1,0,1.8718021769015913
4.060443010546419,1,4,1,1,12,13.471612215950506,4,0,0,1,1,1,1,0,0,1,0,0,1,1,0,1.6094379124341003
3.5263605246161616,1,2,0,0,20,14.619752233457,4,0,1,2,0,1,1,1,3,1,0,1,0,0,1,1.252762968495368
3.784189633918261,1,4,0,1,24,15.21225042434795,3,0,0,2,0,0,0,1,4,1,0,0,1,1,0,1.8718021769015913
3.58351893845611,1,4,0,1,15,14.201453679392996,4,0,0,2,0,0,1,2,0,1,0,0,1,0,0,1.252762968495368
3.4965075614664802,2,4,1,1,18,14.181542290308068,4,0,0,2,4,1,1,2,3,1,0,0,1,0,0,1.8718021769015913
3.828641396489095,2,2,0,1,36,16.201977226893042,2,0,0,2,2,0,1,2,3,1,0,0,1,1,0,1.6094379124341003
3.5263605246161616,1,3,0,1,24,14.20349103015724,4,0,0,1,1,0,0,0,3,1,0,1,0,1,0,0.4054651081081644
3.713572066704308,1,3,0,1,10,13.703462172723258,4,0,0,1,1,0,0,1,8,0,1,0,0,1,0,1.8718021769015913
3.367295829986474,1,2,0,1,15,15.022379464534707,4,0,0,1,0,0,1,2,2,1,0,0,1,0,0,1.252762968495368
3.4011973816621555,1,2,0,1,15,15.191502278677273,3,0,0,1,1,1,1,1,3,0,1,0,0,1,0,1.252762968495368
3.295836866004329,2,2,0,0,9,15.090035297804995,1,0,1,1,1,0,0,0,3,1,0,0,1,0,1,1.252762968495368
3.332204510175204,1,2,0,1,24,15.57405806528117,4,0,0,2,0,0,3,0,4,1,0,0,1,1,0,1.252762968495368
3.367295829986474,1,2,0,1,18,14.58977725085086,4,0,0,1,2,1,1,2,5,1,0,1,0,1,0,1.252762968495368
3.58351893845611,1,4,0,1,24,14.707099087202073,4,0,0,1,1,1,1,0,0,0,1,0,0,1,0,0.4054651081081644
3.4965075614664802,2,2,1,1,27,15.325349326121243,4,0,0,2,0,0,3,0,2,1,0,0,1,1,0,0.4054651081081644
3.258096538021482,1,2,1,1,10,14.60850352598252,2,0,0,1,1,1,1,0,2,1,0,0,1,0,1,1.252762968495368
3.044522437723423,1,4,0,1,15,14.613468553124099,2,0,0,1,1,0,2,2,2,0,1,0,0,0,1,1.252762968495368
3.332204510175204,1,1,0,1,18,14.68638584489304,4,0,0,1,1,0,1,2,0,0,1,0,0,1,0,0.4054651081081644
3.7612001156935624,1,4,0,1,12,15.018783417385919,2,0,0,1,0,0,1,1,2,1,0,0,1,1,0,1.6094379124341003
3.6375861597263857,1,2,0,1,36,15.818206170369766,3,0,0,2,1,0,0,1,5,1,0,0,1,1,0,1.6094379124341003
3.2188758248682006,1,4,0,1,12,13.387801374649944,4,0,0,1,1,0,1,1,2,0,1,0,0,0,1,1.6094379124341003
3.713572066704308,1,4,0,1,36,15.853869784785122,2,0,0,2,2,0,2,2,2,0,1,0,0,1,0,1.8718021769015913
3.8501476017100584,2,4,0,0,6,14.110417220106736,1,0,0,2,0,0,1,0,3,1,0,0,1,1,0,1.6094379124341003
3.295836866004329,1,1,0,1,24,14.139043006898492,4,0,0,2,0,0,0,0,5,1,0,0,1,1,0,1.8718021769015913
3.2188758248682006,1,1,0,1,15,13.680836798801778,4,0,0,1,1,0,0,0,6,0,1,0,0,1,0,0.4054651081081644
3.4011973816621555,2,2,1,1,12,15.093663039015954,2,1,0,1,1,0,1,1,2,1,0,0,1,1,0,1.252762968495368
3.713572066704308,1,4,0,1,11,14.094657055823134,4,0,0,2,0,0,3,2,3,0,1,0,0,1,0,1.252762968495368
3.6109179126442243,1,4,2,1,18,14.478199046503295,3,1,0,1,4,0,1,2,0,1,0,0,1,0,0,0.4054651081081644
3.367295829986474,1,2,0,1,36,15.095054827301363,4,0,0,1,1,0,1,2,0,1,0,0,1,1,0,1.6094379124341003
3.332204510175204,1,2,2,1,9,14.167575592579956,3,0,0,1,1,1,1,2,3,1,0,0,1,0,0,0.4054651081081644
3.6109179126442243,1,3,0,1,30,15.723867323100071,2,0,0,2,0,0,0,1,0,1,0,0,1,1,0,1.8718021769015913
3.6635616461296463,1,3,2,1,24,15.871427682572573,3,0,0,1,1,0,1,2,4,1,0,0,1,1,0,1.8718021769015913
3.8918202981106265,1,4,0,1,24,16.04304888442887,2,0,0,1,1,0,0,2,4,1,0,0,0,0,0,1.252762968495368
3.6109179126442243,1,4,0,1,30,14.595294503688933,4,0,0,2,0,0,0,0,3,1,0,0,1,1,0,1.6094379124341003
4.189654742026425,1,4,3,1,18,13.90900181179801,4,0,0,2,0,0,1,2,0,0,1,0,0,1,0,0.0
3.784189633918261,1,3,0,1,24,15.215954588676107,3,0,0,1,1,1,1,2,2,1,0,0,0,1,0,1.8718021769015913
3.9889840465642745,1,4,0,1,12,13.586098651497313,4,0,0,1,1,1,1,1,1,0,1,0,0,1,0,0.4054651081081644
3.5553480614894135,2,3,0,1,24,14.854019276544916,4,0,0,2,0,0,0,2,5,1,0,0,1,1,0,1.8718021769015913
3.1780538303479458,1,2,0,1,48,16.567386302414576,2,0,0,1,1,1,1,2,5,1,0,0,1,1,0,1.252762968495368
3.5553480614894135,1,4,2,1,36,15.7046993237183,4,0,0,2,0,0,1,2,3,1,0,0,1,1,0,1.6094379124341003
3.713572066704308,2,4,0,1,28,15.872706618508643,3,0,1,2,4,0,0,0,4,1,0,0,1,0,1,0.4054651081081644
3.784189633918261,2,4,2,1,27,14.708328343153113,4,0,0,4,0,0,1,2,5,1,0,0,1,1,0,1.6094379124341003
3.8501476017100584,1,4,0,1,15,14.41928047411971,4,0,0,2,0,0,1,2,0,1,0,0,1,1,0,1.6094379124341003
3.6635616461296463,1,4,1,0,12,14.59069890947755,4,0,0,2,0,0,1,1,3,1,0,0,1,1,0,1.252762968495368
3.5553480614894135,1,4,0,1,36,15.573368647930426,3,0,0,2,0,0,1,2,4,1,0,0,1,1,0,1.252762968495368
3.4011973816621555,1,3,0,1,18,13.971660095885833,4,0,0,2,0,0,0,1,0,1,0,0,1,1,0,1.252762968495368
3.4657359027997265,2,2,2,1,36,16.006828950299035,3,0,0,1,2,0,0,2,4,1,0,0,1,1,0,1.8718021769015913
3.367295829986474,1,4,2,1,21,14.773327420396708,4,0,0,1,1,0,1,1,0,0,1,0,0,0,1,0.4054651081081644
3.58351893845611,1,2,0,0,12,14.280502273526972,3,0,0,1,0,0,3,1,2,0,1,0,0,1,0,1.8718021769015913
3.5263605246161616,1,4,1,1,15,14.597584405175057,1,0,0,1,1,0,0,0,2,0,1,0,0,0,1,1.8718021769015913
3.7612001156935624,1,3,0,1,18,15.239341763402653,2,1,0,1,1,1,1,2,2,1,0,0,1,1,0,1.252762968495368
3.784189633918261,1,4,0,1,16,14.78059183496017,2,0,1,1,0,1,1,1,3,1,0,0,1,0,1,1.6094379124341003
3.8066624897703196,1,4,0,1,20,15.063978889120767,2,0,0,2,0,0,0,0,3,1,0,0,0,1,0,0.4054651081081644
3.7612001156935624,1,4,0,1,36,16.164693031782267,2,0,0,2,0,0,0,2,4,1,0,0,1,0,0,1.6094379124341003
3.713572066704308,1,2,0,1,15,14.141933180232447,4,0,0,1,1,0,0,0,0,1,0,1,0,0,1,1.252762968495368
3.6109179126442243,1,1,2,1,24,14.060807696391924,4,0,0,1,1,0,1,0,0,1,0,0,1,1,0,1.6094379124341003
3.044522437723423,2,2,2,1,12,13.917165115032732,2,0,0,1,1,0,1,0,0,1,0,0,1,0,1,1.252762968495368
3.2188758248682006,1,2,1,0,21,15.140727335320955,2,1,0,1,1,0,0,0,3,1,0,0,1,1,0,1.8718021769015913
3.332204510175204,1,2,0,1,36,15.126812209511844,2,0,0,1,1,0,0,2,1,1,0,1,0,1,0,1.252762968495368
3.8501476017100584,1,2,1,1,15,15.094776624567116,1,0,0,2,2,0,1,1,4,0,1,0,0,1,0,0.4054651081081644
3.5263605246161616,1,2,1,1,9,14.97709795878277,1,0,0,1,1,0,0,0,3,0,1,0,0,1,0,1.252762968495368
3.5553480614894135,1,4,0,1,36,15.309313351316712,4,0,0,2,2,0,1,0,0,0,1,0,0,1,0,1.252762968495368
3.258096538021482,1,4,1,1,24,15.370703666694604,2,0,0,1,0,1,1,2,2,0,1,0,0,1,0,0.4054651081081644
3.258096538021482,1,4,0,1,30,14.91111867194837,2,0,0,1,1,0,0,2,0,0,1,0,0,1,0,1.6094379124341003
3.367295829986474,1,2,0,1,11,14.57725099684313,1,0,0,1,1,0,3,0,5,1,0,0,0,1,0,1.6094379124341003
3.4657359027997265,1,2,0,1,24,14.966399307553289,4,0,0,1,4,1,1,1,5,1,0,0,1,0,1,1.252762968495368
3.4965075614664802,1,2,2,0,48,16.72916477475969,1,0,0,1,3,1,1,1,8,0,1,0,0,1,0,1.252762968495368
3.4965075614664802,2,2,0,1,10,14.862127902637537,1,1,0,1,1,0,0,0,4,1,0,0,1,1,0,1.252762968495368
4.23410650459726,1,4,2,1,6,16.5166033456311,1,0,0,1,1,1,1,2,3,1,0,0,1,1,0,1.6094379124341003
3.5263605246161616,1,1,0,1,24,14.673748782298158,1,0,0,1,1,1,0,1,2,1,0,0,0,1,0,0.0
3.6888794541139363,1,2,2,1,24,15.022977550498084,4,0,0,1,1,1,1,1,2,1,0,0,1,0,1,1.6094379124341003
3.367295829986474,1,2,0,1,18,14.412697897735889,4,0,0,2,0,0,1,2,2,0,1,0,0,1,0,1.252762968495368
3.6375861597263857,1,1,2,1,48,16.36096347355778,4,0,0,1,2,0,2,2,0,1,0,0,1,1,0,1.8718021769015913
3.1354942159291497,1,4,0,1,9,14.127398051177027,3,0,0,1,1,1,1,1,0,0,1,0,0,0,1,0.4054651081081644
3.4339872044851463,2,4,0,1,12,14.509657738357678,3,0,0,1,1,0,1,1,3,1,0,0,1,0,1,1.8718021769015913
4.02535169073515,1,1,0,1,24,15.742965888164262,2,0,0,1,4,1,1,1,2,1,0,0,0,1,0,0.4054651081081644
3.8501476017100584,1,2,0,1,12,13.454542124461861,4,0,0,2,4,1,1,2,3,1,0,0,1,1,0,0.4054651081081644
3.091042453358316,1,4,0,1,18,13.863348840666827,4,0,0,1,0,0,1,1,2,0,1,0,0,0,1,0.4054651081081644
3.6888794541139363,2,4,0,1,48,16.147363245754548,4,0,0,3,1,1,1,2,4,1,0,0,1,0,0,1.8718021769015913
4.07753744390572,1,4,0,1,30,14.439843958142356,4,0,0,1,1,0,0,2,0,1,0,0,1,1,0,1.6094379124341003
3.784189633918261,2,2,1,1,12,14.111161544112575,4,0,0,2,2,0,1,0,3,1,0,0,1,1,0,1.252762968495368
3.2188758248682006,1,1,1,0,24,14.373411161525874,4,1,0,1,1,0,1,1,2,1,0,0,1,1,0,0.4054651081081644
3.1354942159291497,1,2,0,1,9,14.328334783195153,4,0,0,1,1,1,1,2,0,0,1,0,0,1,0,0.4054651081081644
3.4339872044851463,1,1,0,1,9,14.01763555904754,3,0,0,2,0,0,1,0,3,1,0,0,1,1,0,1.252762968495368
3.7612001156935624,2,4,0,1,12,13.165424782571753,4,0,0,2,0,0,2,1,0,1,0,0,1,1,0,1.6094379124341003
3.1780538303479458,1,1,0,1,12,14.21964211061582,4,0,0,1,1,0,1,2,0,0,1,0,0,1,0,1.252762968495368
3.4339872044851463,1,3,2,1,30,14.467315296094442,4,0,0,2,2,1,0,2,0,1,0,0,1,1,0,0.4054651081081644
3.367295829986474,1,2,1,1,9,13.521140839642674,3,0,0,1,1,1,1,0,0,0,1,0,0,1,0,1.252762968495368
3.4339872044851463,1,3,2,1,6,14.539672276784247,4,0,0,1,1,0,1,2,0,1,0,1,0,0,1,0.4054651081081644
3.7612001156935624,1,4,0,1,60,15.654153772124246,4,0,0,1,1,1,1,2,1,1,0,0,1,0,0,1.252762968495368
3.8501476017100584,2,4,2,1,24,15.73859079067577,2,0,0,2,0,0,0,1,4,1,0,0,1,1,0,1.252762968495368
3.828641396489095,2,3,2,1,12,15.075958492745226,2,0,0,1,1,0,0,1,3,1,0,0,1,1,0,0.4054651081081644
3.4657359027997265,2,2,1,0,10,14.251182154959826,3,0,0,1,1,0,1,0,3,1,0,0,1,1,0,1.252762968495368
3.4657359027997265,1,2,0,1,24,13.74186509422166,4,0,0,1,1,0,0,2,2,1,0,0,1,1,0,1.8718021769015913
3.7612001156935624,2,1,1,1,4,14.190517145872716,2,0,0,3,0,0,1,0,3,1,0,0,1,1,0,1.8718021769015913
3.8501476017100584,1,1,0,1,15,14.427990377462038,4,0,1,1,1,0,1,1,2,0,1,0,0,0,1,0.4054651081081644
3.4339872044851463,1,1,0,1,48,15.938729841635839,1,0,0,2,3,0,2,2,3,0,1,0,0,1,0,0.4054651081081644
3.4339872044851463,2,4,0,1,24,15.024172650372893,4,0,0,1,4,1,2,2,2,1,0,0,1,0,0,0.4054651081081644
3.6635616461296463,1,4,2,1,12,14.865982821077035,4,0,0,1,1,0,0,2,3,1,0,0,1,1,0,0.0
3.784189633918261,2,1,1,1,18,14.242737810169459,4,1,0,1,1,1,1,1,2,1,0,1,0,1,0,0.4054651081081644
3.4657359027997265,1,4,0,1,24,15.102261064914545,2,0,0,2,1,1,0,2,0,1,0,0,1,1,0,1.6094379124341003
3.713572066704308,2,3,3,1,18,15.093663039015954,3,0,0,3,0,0,1,2,5,1,0,1,0,1,0,0.0
3.2188758248682006,1,1,0,1,36,14.578650576544613,2,0,0,2,2,1,1,2,5,1,0,0,1,1,0,1.8718021769015913
3.367295829986474,1,4,0,1,24,15.229663490344066,3,0,0,1,1,1,2,2,4,0,1,0,0,0,1,0.4054651081081644
3.295836866004329,1,2,2,1,36,16.21103948772553,4,0,0,2,1,1,1,2,2,0,1,0,0,1,0,0.0
3.4011973816621555,1,4,0,1,12,14.453673958453338,4,0,1,1,1,0,1,1,3,0,1,0,0,1,0,1.252762968495368
4.060443010546419,1,4,2,1,24,14.023338217513945,4,0,0,2,0,0,3,1,0,0,1,0,0,0,1,1.6094379124341003
3.912023005428146,1,4,1,1,30,15.111880485079116,4,0,0,2,0,0,0,1,0,1,0,0,1,1,0,1.6094379124341003
3.6375861597263857,1,4,1,1,9,13.958745592600932,2,0,0,3,0,0,1,0,0,1,0,0,1,1,0,1.6094379124341003
3.828641396489095,1,2,1,1,28,15.20330404483343,3,0,0,1,1,1,1,2,3,1,0,0,1,1,0,1.252762968495368
3.4339872044851463,1,4,0,1,24,14.936862659440855,4,0,0,1,1,0,0,2,2,1,0,0,1,0,0,1.6094379124341003
3.4339872044851463,1,2,0,1,6,14.36939624590319,2,0,0,2,0,0,1,0,0,1,0,1,0,0,1,1.6094379124341003
3.871201010907891,1,4,0,1,21,14.671202092698785,1,0,0,2,2,0,1,1,3,1,0,0,0,1,0,1.252762968495368
3.4011973816621555,1,2,0,1,15,15.08414715683074,3,0,0,1,1,0,0,2,3,1,0,0,1,1,0,1.252762968495368
3.58351893845611,1,2,0,1,24,14.689728930604586,3,0,0,2,1,1,2,2,0,1,0,0,1,1,0,1.6094379124341003
3.1354942159291497,1,1,1,1,6,13.025854679664231,3,0,0,1,1,0,1,1,7,1,0,1,0,1,0,0.4054651081081644
3.295836866004329,1,1,0,1,30,14.354924221672386,4,0,0,1,1,0,0,2,0,0,1,0,0,1,0,1.252762968495368
3.1780538303479458,1,2,1,1,27,14.739769856312924,4,0,0,2,0,1,2,1,0,1,0,0,1,1,0,1.252762968495368
4.007333185232471,1,2,2,1,15,15.087516052951056,4,0,0,1,1,0,1,2,0,0,1,0,0,0,1,1.6094379124341003
3.4011973816621555,1,4,0,1,42,15.78485831639489,2,0,0,1,1,0,0,1,0,1,0,1,0,0,1,1.8718021769015913
3.713572066704308,2,2,1,1,11,15.186437695824551,1,0,0,2,0,0,1,0,3,1,0,0,1,1,0,1.252762968495368
3.1354942159291497,1,2,0,1,15,14.230266373481294,4,0,1,1,1,0,0,0,7,1,0,0,1,1,0,1.252762968495368
3.784189633918261,2,4,1,1,24,15.816044299802314,1,0,0,1,1,0,1,1,3,1,0,0,1,1,0,1.252762968495368
3.4011973816621555,1,4,3,1,24,13.991982539302668,1,1,0,2,4,1,1,2,3,0,1,0,0,0,1,0.0
3.6109179126442243,1,4,0,1,60,15.802973999790368,4,1,0,1,1,1,1,2,5,1,0,0,1,0,1,1.6094379124341003
3.5263605246161616,1,2,0,1,30,14.856140917326048,4,0,0,1,0,0,1,2,0,0,1,0,0,1,0,1.252762968495368
4.060443010546419,1,3,1,1,24,14.045034511154766,3,0,0,1,1,0,2,2,0,0,1,0,0,1,0,1.252762968495368
4.174387269895637,1,3,0,1,6,13.531821834802397,2,0,1,1,1,0,1,0,0,0,1,0,0,1,0,1.252762968495368
3.7612001156935624,1,2,0,1,18,14.702166896739968,4,0,0,2,2,0,0,1,5,1,0,0,1,1,0,1.6094379124341003
3.871201010907891,2,4,1,1,24,14.746887321267424,4,0,0,2,2,1,1,2,3,1,0,0,1,1,0,1.6094379124341003
3.258096538021482,1,2,0,1,15,14.049792644827868,2,0,0,1,4,1,0,1,3,1,0,1,0,0,1,1.252762968495368
3.912023005428146,1,2,0,1,30,15.9420743259592,2,0,0,1,0,1,1,1,2,1,0,0,1,1,0,1.8718021769015913
3.5263605246161616,1,2,2,1,48,15.393251590096057,3,0,0,1,1,1,1,2,5,1,0,0,1,0,1,0.0
3.367295829986474,1,1,2,1,21,14.88812138620759,1,0,0,1,1,0,0,2,3,0,1,0,0,1,0,1.252762968495368
3.295836866004329,2,2,0,1,36,15.923175180109292,2,0,0,1,1,1,1,1,4,1,0,0,1,1,0,1.252762968495368
3.4339872044851463,1,2,1,1,24,14.522561136789736,2,0,0,2,0,0,1,1,2,1,0,0,1,1,0,1.8718021769015913
3.258096538021482,1,3,0,1,15,14.175281404646771,4,0,0,2,0,0,1,1,2,0,1,0,0,0,1,1.252762968495368
3.5263605246161616,1,1,0,1,42,15.65431279253342,2,0,0,2,3,0,1,1,5,1,0,0,0,1,0,0.4054651081081644
4.174387269895637,1,4,0,1,13,14.158391500603773,2,0,0,1,1,0,0,0,0,0,1,0,0,1,0,0.0
3.4011973816621555,1,2,2,1,24,15.699393468066907,4,0,0,1,1,0,1,2,4,1,0,0,1,0,0,0.0
3.8918202981106265,1,2,1,1,24,14.37111889822546,4,0,0,2,0,0,1,1,0,1,0,0,1,1,0,1.6094379124341003
3.6375861597263857,2,1,1,1,12,15.086674892335402,2,0,0,2,0,0,0,1,1,1,0,0,1,1,0,0.4054651081081644
3.5553480614894135,2,4,1,1,15,14.265949669063597,4,0,0,1,4,0,0,2,0,1,0,0,1,1,0,1.6094379124341003
3.1780538303479458,1,4,1,1,18,14.476135063347451,2,0,0,2,1,0,0,2,0,1,0,1,0,0,1,1.8718021769015913
3.4339872044851463,1,3,2,1,36,15.191502278677273,4,0,0,1,1,0,1,1,2,1,0,0,1,1,0,0.0
3.9318256327243257,1,3,0,1,12,14.686804342317648,4,0,0,1,1,0,0,2,3,1,0,0,1,1,0,1.6094379124341003
3.4657359027997265,1,4,1,1,12,14.367094750239133,3,0,0,1,1,0,1,0,2,0,1,0,0,1,0,1.8718021769015913
3.713572066704308,1,4,2,1,30,15.165400496459194,4,0,0,1,1,0,1,1,4,1,0,0,0,1,0,1.252762968495368
3.6635616461296463,1,4,0,1,12,13.597355791941425,4,0,0,1,1,0,1,2,0,1,0,0,1,1,0,1.6094379124341003
3.1780538303479458,1,4,0,1,45,14.427990377462038,4,0,0,1,1,1,1,2,0,1,0,0,1,0,0,1.252762968495368
3.332204510175204,1,4,0,1,45,15.336336030573216,3,0,0,1,0,0,0,2,4,1,0,0,1,1,0,0.0
