,Primary_applicant_age_in_years,Number_of_dependents,Years_at_current_residence,Employment_status,Foreign_worker,Months_loan_taken_for,Principal_loan_amount,EMI_rate_in_percentage_of_disposable_income,Has_coapplicant,Has_guarantor,Number_of_existing_loans_at_this_bank,Loan_history,high_risk_applicant,Savings_account_balance,Property,Purpose,Gender_male,Marital_status_divorced/separated/married,Marital_status_married/widowed,Marital_status_single,Housing_own,Housing_rent,average_employed_years
0,67,1,4,0,1,6,1169000,4,0,0,2,0,0,0,0,0,1,0,0,1,1,0,4.0
1,22,1,2,0,1,48,5951000,2,0,0,1,1,1,1,0,0,0,1,0,0,1,0,2.5
2,49,2,3,1,1,12,2096000,2,0,0,1,0,0,1,0,1,1,0,0,1,1,0,5.5
3,45,2,4,0,1,42,7882000,2,0,1,1,1,0,1,1,2,1,0,0,1,0,0,5.5
4,53,2,4,0,1,24,4870000,3,0,0,2,2,1,1,2,3,1,0,0,1,0,0,2.5
5,35,2,4,1,1,36,9055000,2,0,0,1,1,0,0,2,1,1,0,0,1,0,0,2.5
6,53,1,4,0,1,24,2835000,3,0,0,1,1,0,2,1,2,1,0,0,1,1,0,4.0
7,35,1,2,2,1,36,6948000,2,0,0,1,1,0,1,2,4,1,0,0,1,0,1,2.5
8,61,1,4,1,1,12,3059000,2,0,0,1,1,0,3,0,0,1,0,0,0,1,0,5.5
9,28,1,2,2,1,30,5234000,4,0,0,2,0,1,1,2,3,1,0,1,0,1,0,0.0
10,25,1,1,0,1,12,1295000,3,0,0,1,1,1,1,2,3,0,1,0,0,0,1,0.5
11,24,1,4,0,1,48,4308000,3,0,0,1,1,1,1,1,5,0,1,0,0,0,1,0.5
12,22,1,1,0,1,12,1567000,1,0,0,1,1,0,1,2,0,0,1,0,0,1,0,2.5
13,60,1,4,1,1,24,1199000,4,0,0,2,0,1,1,2,3,1,0,0,1,1,0,4.0
14,28,1,4,0,1,15,1403000,2,0,0,1,1,0,1,2,3,0,1,0,0,0,1,2.5
15,32,1,2,1,1,24,1282000,4,0,0,1,1,1,0,2,0,0,1,0,0,1,0,2.5
16,53,1,4,0,1,24,2424000,4,0,0,2,0,0,0,1,0,1,0,0,1,1,0,4.0
17,25,1,3,0,1,30,8072000,2,0,0,3,3,0,0,2,5,1,0,0,1,1,0,0.5
18,44,1,2,2,1,24,12579000,4,0,0,1,1,1,1,2,4,0,1,0,0,0,0,4.0
19,31,2,2,0,1,24,3430000,3,0,0,1,1,0,2,2,0,1,0,0,1,1,0,4.0
20,48,1,4,0,1,9,2134000,4,0,0,3,0,0,1,2,3,1,0,0,1,1,0,2.5
21,44,2,3,0,1,6,2647000,2,0,0,1,1,0,2,0,0,1,0,0,1,0,1,2.5
22,48,2,3,1,0,10,2241000,1,0,0,2,0,0,1,0,3,1,0,0,1,0,1,0.5
23,44,1,4,0,1,12,1804000,3,0,0,1,0,0,0,1,4,1,0,0,1,1,0,0.5
24,26,1,1,0,0,10,2069000,2,0,0,2,0,0,0,2,2,1,0,1,0,1,0,2.5
25,36,1,2,1,1,6,1374000,1,0,0,1,1,0,1,0,2,1,0,0,1,1,0,2.5
26,39,1,4,1,1,6,426000,4,0,0,1,3,0,1,2,0,1,0,1,0,1,0,4.0
27,42,1,3,0,1,12,409000,3,0,0,2,4,0,3,0,0,0,1,0,0,0,1,2.5
28,34,1,2,0,1,7,2415000,3,0,1,1,1,0,1,0,0,1,0,0,1,1,0,2.5
29,63,1,4,0,1,60,6836000,3,0,0,2,2,1,1,2,5,1,0,0,1,1,0,4.0
30,36,1,3,0,1,18,1913000,3,0,0,1,1,0,3,0,5,1,0,1,0,1,0,0.5
31,27,1,2,0,1,24,4020000,2,0,0,1,1,0,1,2,2,1,0,0,1,1,0,2.5
32,30,1,2,0,1,18,5866000,2,0,0,2,1,0,0,2,3,1,0,0,1,1,0,2.5
33,57,1,4,1,1,12,1264000,4,0,0,1,0,0,0,2,5,1,0,0,1,0,1,4.0
34,33,1,1,2,1,12,1474000,4,0,0,1,1,0,1,1,2,0,1,0,0,1,0,0.5
35,25,1,2,1,1,45,4746000,4,0,0,2,0,1,1,1,0,1,0,0,1,1,0,0.5
36,31,1,3,0,1,48,6110000,1,0,0,1,0,0,1,2,1,1,0,0,1,0,0,2.5
37,37,1,2,0,1,18,2100000,4,1,0,1,1,1,1,0,0,1,0,0,1,1,0,2.5
38,37,1,2,0,1,10,1225000,2,0,0,1,1,0,1,2,6,1,0,0,1,1,0,2.5
39,24,1,3,0,1,9,458000,4,0,0,1,1,0,1,0,0,1,0,0,1,1,0,2.5
40,30,1,2,2,1,30,2333000,4,0,0,1,1,0,2,2,0,1,0,0,1,1,0,4.0
41,26,1,1,0,1,12,1158000,3,0,0,1,1,0,2,2,0,1,0,0,0,1,0,2.5
42,44,2,4,1,1,18,6204000,2,0,0,1,2,0,1,0,7,1,0,0,1,1,0,2.5
43,24,1,4,0,1,30,6187000,1,0,0,2,0,0,0,2,4,1,0,1,0,0,1,5.5
44,58,1,4,1,1,48,6143000,4,0,0,2,0,1,1,2,4,0,1,0,0,0,0,4.0
45,35,1,4,2,1,11,1393000,4,0,0,2,0,0,1,2,3,0,1,0,0,1,0,0.5
46,39,1,4,0,1,36,2299000,4,0,0,1,1,0,2,2,0,1,0,0,1,1,0,4.0
47,23,1,2,3,1,6,1352000,1,0,0,1,1,0,2,1,4,0,1,0,0,0,1,0.0
48,39,1,4,1,1,11,7228000,1,0,0,2,0,0,1,1,3,1,0,0,1,1,0,2.5
49,28,1,2,0,1,12,2073000,4,1,0,1,1,0,0,0,0,0,1,0,0,1,0,2.5
50,29,1,2,1,1,24,2333000,4,0,0,1,2,0,0,1,2,1,0,0,1,1,0,0.5
51,30,1,2,2,1,27,5965000,1,0,0,2,2,0,1,2,4,1,0,0,1,1,0,4.0
52,25,1,2,0,1,12,1262000,3,0,0,1,1,0,1,2,0,1,0,0,1,1,0,2.5
53,31,1,1,0,1,18,3378000,2,0,0,1,1,0,0,1,4,1,0,0,1,1,0,2.5
54,57,1,4,0,1,36,2225000,4,0,0,2,2,1,1,2,3,1,0,0,1,0,0,4.0
55,26,2,2,1,1,6,783000,1,0,1,1,4,0,0,0,3,1,0,0,1,1,0,2.5
56,52,1,1,2,1,12,6468000,2,0,0,1,1,1,0,2,0,1,0,0,1,1,0,0.0
57,31,1,2,0,1,36,9566000,2,0,0,2,0,0,1,2,0,0,1,0,0,1,0,2.5
58,23,1,2,2,1,18,1961000,3,0,0,1,1,0,1,2,3,0,1,0,0,1,0,4.0
59,23,1,4,1,1,36,6229000,4,1,0,2,0,1,1,2,2,0,1,0,0,0,1,0.5
60,27,1,1,0,1,9,1391000,2,0,0,1,1,0,1,0,5,1,0,1,0,1,0,2.5
61,50,1,4,0,1,15,1537000,4,0,1,2,0,0,0,0,0,1,0,0,1,1,0,4.0
62,61,1,4,2,1,36,1953000,4,0,0,1,3,1,1,2,5,1,0,0,1,0,0,4.0
63,25,1,2,0,1,48,14421000,2,0,0,1,3,1,1,2,5,1,0,0,1,1,0,2.5
64,26,1,4,0,1,24,3181000,4,0,0,1,1,0,1,1,0,0,1,0,0,1,0,0.5
65,48,2,4,0,1,27,5190000,4,0,0,4,1,0,0,1,7,1,0,0,1,1,0,4.0
66,29,1,2,0,1,12,2171000,2,0,0,1,1,0,1,2,0,0,1,0,0,1,0,0.5
67,22,1,1,0,1,12,1007000,4,0,0,1,1,0,3,0,3,1,0,1,0,1,0,2.5
68,37,1,4,0,1,36,1819000,4,0,0,1,1,1,1,2,1,1,0,0,1,0,0,2.5
69,25,1,4,0,1,36,2394000,4,0,0,1,1,0,0,2,0,0,1,0,0,1,0,2.5
70,30,1,2,0,1,36,8133000,1,0,0,1,1,0,1,1,4,0,1,0,0,1,0,2.5
71,46,1,2,1,1,7,730000,4,0,0,2,0,0,0,1,0,1,0,0,1,0,1,4.0
72,51,2,4,2,1,8,1164000,3,0,0,2,0,0,1,2,8,1,0,0,1,0,0,4.0
73,41,1,1,1,1,42,5954000,2,0,0,2,0,0,1,0,5,0,1,0,0,1,0,5.5
74,40,1,4,2,1,36,1977000,4,0,0,1,1,1,0,2,1,1,0,0,1,1,0,4.0
75,66,1,4,2,1,12,1526000,4,0,0,2,0,0,1,2,4,1,0,0,1,0,0,4.0
76,34,1,3,0,1,42,3965000,4,0,0,1,1,1,1,2,0,1,0,0,1,1,0,0.5
77,51,1,4,0,1,11,4771000,2,0,0,1,2,0,1,1,0,1,0,0,1,1,0,5.5
78,39,2,2,1,1,54,9436000,2,0,0,1,3,0,0,1,4,1,0,0,1,1,0,2.5
79,22,1,1,0,1,30,3832000,2,0,0,1,1,0,1,1,2,1,0,1,0,1,0,0.5
80,44,1,1,0,1,24,5943000,1,0,0,2,1,1,0,2,0,0,1,0,0,1,0,0.5
81,47,1,3,0,1,15,1213000,4,0,0,1,1,0,2,1,0,1,0,0,1,1,0,4.0
82,24,1,4,1,1,18,1568000,3,0,0,1,1,0,0,1,5,0,1,0,0,0,1,2.5
83,58,1,4,1,1,24,1755000,4,0,1,1,1,0,1,0,8,0,1,0,0,1,0,4.0
84,52,1,4,1,1,10,2315000,3,0,0,1,1,0,1,0,0,1,0,0,1,1,0,4.0
85,29,1,2,2,1,12,1412000,4,0,1,2,0,0,1,0,5,0,1,0,0,1,0,2.5
86,27,1,1,0,1,18,1295000,4,0,0,2,0,0,1,1,2,0,1,0,0,1,0,0.5
87,47,2,4,0,1,36,12612000,1,0,0,1,1,1,0,2,1,1,0,0,1,0,0,2.5
88,30,2,3,2,1,18,2249000,4,0,0,1,1,0,0,2,3,1,0,0,1,1,0,5.5
89,28,1,3,0,1,12,1108000,4,0,0,2,3,1,1,0,7,1,0,0,1,1,0,5.5
90,56,1,4,0,1,12,618000,4,0,0,1,0,0,1,0,0,1,0,0,1,1,0,4.0
91,54,1,3,0,1,12,1409000,4,0,0,1,0,0,1,0,4,1,0,0,1,1,0,4.0
92,33,2,3,1,1,12,797000,4,0,0,1,0,1,0,1,0,0,1,0,0,1,0,4.0
93,20,1,4,0,1,24,3617000,4,1,0,2,0,0,0,2,2,1,0,0,1,0,1,4.0
94,54,1,4,0,1,12,1318000,4,0,0,1,1,0,3,0,3,1,0,0,1,1,0,4.0
95,58,1,4,0,1,54,15945000,3,0,0,1,3,1,1,2,5,1,0,0,1,0,1,0.5
96,61,1,2,0,1,12,2012000,4,0,0,1,0,0,0,2,1,0,1,0,0,1,0,5.5
97,34,1,4,0,1,18,2622000,4,0,0,1,1,0,0,2,5,1,0,0,1,1,0,2.5
98,36,1,4,0,1,36,2337000,4,0,0,1,0,0,1,0,0,1,0,0,1,1,0,4.0
99,36,2,4,2,1,20,7057000,3,0,0,2,2,0,0,1,4,1,0,0,1,0,1,5.5
100,41,1,4,1,1,24,1469000,4,0,0,1,1,0,0,0,3,1,0,1,0,0,1,4.0
101,24,1,4,0,1,36,2323000,4,0,0,1,1,0,1,2,0,1,0,0,1,0,1,5.5
102,24,1,2,0,1,6,932000,3,0,0,1,2,0,1,0,0,0,1,0,0,1,0,2.5
103,35,1,3,0,1,9,1919000,4,0,0,1,0,0,1,2,2,1,0,0,1,0,1,5.5
104,26,1,4,0,1,12,2445000,2,0,0,1,1,0,0,2,4,1,0,1,0,0,1,0.5
105,39,2,3,2,1,24,11938000,2,1,0,2,0,1,1,2,8,1,0,0,1,1,0,2.5
106,39,2,4,2,1,18,6458000,2,0,0,2,4,1,1,2,3,1,0,0,1,1,0,4.0
107,32,1,2,0,1,12,6078000,2,0,0,1,1,0,1,2,3,1,0,0,1,1,0,5.5
108,30,1,2,0,0,24,7721000,1,0,0,1,1,0,0,1,2,0,1,0,0,1,0,0.5
109,35,1,2,0,1,14,1410000,1,0,0,1,1,0,2,0,5,1,0,1,0,1,0,4.0
110,31,2,2,0,1,6,1449000,1,0,0,2,2,0,0,2,5,1,0,0,0,1,0,4.0
111,23,1,4,0,1,15,392000,4,0,0,1,1,0,1,1,1,0,1,0,0,0,1,0.5
112,28,1,3,1,1,18,6260000,3,0,0,1,1,0,1,0,3,1,0,0,1,0,1,5.5
113,25,1,2,0,1,36,7855000,4,0,0,2,0,1,1,0,3,0,1,0,0,1,0,2.5
114,35,1,1,0,1,12,1680000,3,0,0,1,1,0,2,0,0,1,0,1,0,1,0,4.0
115,47,1,1,0,1,48,3578000,4,0,0,1,0,0,0,0,0,1,0,0,1,1,0,4.0
116,30,1,3,2,1,42,7174000,4,0,0,1,1,1,0,2,0,0,1,0,0,1,0,5.5
117,27,1,3,0,0,10,2132000,2,1,0,2,0,0,0,0,2,0,1,0,0,0,1,0.5
118,23,1,4,0,1,33,4281000,1,0,0,2,0,1,2,2,2,0,1,0,0,1,0,2.5
119,36,1,3,2,1,12,2366000,3,0,0,1,0,0,2,2,3,1,0,0,0,1,0,5.5
120,25,1,2,0,1,21,1835000,3,0,0,2,1,1,1,0,0,0,1,0,0,1,0,2.5
121,41,1,2,2,1,24,3868000,4,0,0,2,0,0,1,2,4,0,1,0,0,0,1,4.0
122,24,1,2,1,1,12,1768000,3,0,0,1,1,0,1,0,2,1,0,0,1,0,1,2.5
123,63,1,4,0,1,10,781000,4,0,0,2,0,0,1,2,3,1,0,0,1,0,0,4.0
124,27,1,3,0,1,18,1924000,4,0,0,1,1,1,0,0,2,0,1,0,0,0,1,0.5
125,30,1,2,0,1,12,2121000,4,0,0,2,0,0,1,1,3,1,0,0,1,1,0,2.5
126,40,1,2,1,1,12,701000,4,0,0,1,1,0,1,0,0,1,0,1,0,1,0,2.5
127,30,1,2,0,1,12,639000,4,0,0,1,1,1,1,2,7,1,0,0,1,1,0,2.5
128,34,1,2,2,1,12,1860000,4,0,0,2,0,0,1,2,4,1,0,0,1,1,0,0.0
129,29,1,2,0,1,12,3499000,3,1,0,2,0,1,1,0,3,0,1,0,0,1,0,2.5
130,24,1,2,0,1,48,8487000,1,0,0,1,1,0,0,2,3,0,1,0,0,1,0,5.5
131,29,1,3,0,1,36,6887000,4,0,0,1,2,1,1,1,1,1,0,0,1,1,0,2.5
132,27,1,3,1,1,15,2708000,2,0,0,2,1,0,1,1,2,1,0,0,1,1,0,0.5
133,47,1,4,0,1,18,1984000,4,0,0,2,1,0,1,2,2,1,0,0,1,0,0,2.5
134,21,1,4,0,1,60,10144000,2,0,0,1,1,0,0,0,0,0,1,0,0,1,0,5.5
135,38,1,2,0,1,12,1240000,4,0,0,2,0,0,0,0,0,0,1,0,0,1,0,4.0
136,27,1,2,0,1,27,8613000,2,0,0,2,2,0,3,2,4,1,0,0,1,1,0,2.5
137,66,1,3,1,1,12,766000,4,0,0,1,1,1,2,0,0,1,0,0,1,1,0,2.5
138,35,1,2,0,1,15,2728000,4,0,1,3,0,0,0,0,0,1,0,0,1,1,0,5.5
139,44,1,2,1,1,12,1881000,2,0,0,1,1,0,1,2,0,0,1,0,0,0,1,2.5
140,27,1,2,3,0,6,709000,2,0,0,1,1,0,3,0,3,1,0,1,0,1,0,0.5
141,30,1,1,2,1,36,4795000,4,0,0,1,1,0,1,2,0,0,1,0,0,1,0,0.5
142,27,1,2,2,1,27,3416000,3,0,0,1,1,0,1,2,0,1,0,0,1,1,0,2.5
143,22,1,2,0,1,18,2462000,2,0,0,1,1,1,1,2,2,1,0,0,1,1,0,2.5
144,23,1,4,0,1,21,2288000,4,0,0,1,0,0,1,1,2,0,1,0,0,1,0,0.5
145,30,1,2,0,1,48,3566000,4,0,0,1,4,0,0,2,5,1,0,0,1,1,0,5.5
146,39,1,4,0,1,6,860000,1,0,0,2,0,0,1,2,3,0,1,0,0,1,0,4.0
147,51,1,3,0,1,12,682000,4,0,0,2,0,0,0,2,3,0,1,0,0,1,0,5.5
148,28,1,2,0,1,36,5371000,3,0,1,2,0,0,1,1,2,1,0,0,1,1,0,2.5
149,46,1,4,0,1,18,1582000,4,0,0,2,0,0,3,2,0,1,0,0,1,1,0,4.0
150,42,2,4,0,1,6,1346000,2,0,0,1,1,0,0,2,0,1,0,0,1,0,0,4.0
151,38,1,4,0,0,10,1924000,1,0,0,1,1,0,1,1,0,1,0,0,1,1,0,2.5
152,24,1,1,0,1,36,5848000,4,0,0,1,1,0,1,2,0,1,0,0,1,1,0,2.5
153,29,1,4,0,1,24,7758000,2,0,0,1,0,0,3,2,4,0,1,0,0,0,1,4.0
154,36,1,4,2,1,24,6967000,4,0,0,1,2,0,0,2,5,1,0,0,1,0,1,5.5
155,20,1,4,0,1,12,1282000,2,0,0,1,1,1,1,2,2,0,1,0,0,0,1,2.5
156,48,2,4,0,0,9,1288000,3,0,1,2,0,0,0,0,7,1,0,0,1,1,0,4.0
157,45,1,1,1,1,12,339000,4,0,0,1,4,0,1,2,8,1,0,1,0,1,0,4.0
158,38,1,3,0,1,24,3512000,2,0,0,2,1,0,0,2,3,1,0,0,1,1,0,5.5
159,34,2,2,1,1,6,1898000,1,0,0,2,0,0,0,0,0,1,0,0,1,1,0,2.5
160,36,2,4,0,1,24,2872000,3,0,0,1,0,0,0,0,0,1,0,0,1,1,0,4.0
161,30,1,1,0,1,18,1055000,4,0,0,2,0,0,1,1,3,0,1,0,0,1,0,0.5
162,36,1,3,0,1,15,1262000,4,0,0,2,1,0,2,1,6,1,0,0,1,1,0,5.5
163,70,1,4,2,1,10,7308000,2,0,0,1,1,0,1,2,3,1,0,0,1,0,0,0.0
164,36,1,4,0,1,36,909000,4,0,0,1,1,0,2,1,3,1,0,0,1,1,0,4.0
165,32,1,2,0,1,6,2978000,1,0,0,1,1,0,2,2,2,1,0,0,1,1,0,2.5
166,33,1,2,0,1,18,1131000,4,0,0,1,1,1,1,2,2,0,1,0,0,1,0,0.0
167,20,1,1,0,1,11,1577000,4,0,0,1,1,0,3,0,2,0,1,0,0,1,0,0.5
168,25,1,4,0,1,24,3972000,2,0,0,1,1,0,1,1,2,0,1,0,0,0,1,5.5
169,31,1,4,0,1,24,1935000,4,0,0,2,0,1,1,0,5,1,0,0,0,1,0,4.0
170,33,2,3,0,1,15,950000,4,0,0,2,3,1,1,2,3,1,0,0,1,0,1,4.0
171,26,1,1,0,1,12,763000,4,0,0,1,1,0,1,0,2,0,1,0,0,1,0,2.5
172,34,1,2,2,1,24,2064000,3,0,0,1,2,1,1,1,2,0,1,0,0,1,0,0.0
173,33,1,2,0,0,8,1414000,4,0,1,1,1,0,1,0,0,1,0,0,1,1,0,2.5
174,26,1,1,0,1,21,3414000,2,0,0,2,2,1,1,1,1,1,0,0,1,1,0,0.5
175,53,1,1,2,1,30,7485000,4,0,0,1,4,1,0,0,4,0,1,0,0,1,0,0.0
176,42,1,1,0,1,12,2577000,2,0,0,1,1,0,1,2,2,1,0,0,0,1,0,2.5
177,52,1,4,0,1,6,338000,4,0,0,2,0,0,2,2,0,1,0,0,1,1,0,4.0
178,31,2,2,2,1,12,1963000,4,0,0,2,1,0,1,2,0,1,0,0,1,0,1,5.5
179,65,1,4,0,1,21,571000,4,0,0,2,0,0,1,0,3,1,0,0,1,1,0,4.0
180,28,1,1,0,1,36,9572000,1,0,0,2,2,1,1,2,5,1,0,0,0,1,0,0.5
181,30,1,2,2,1,36,4455000,2,0,0,2,2,1,1,0,5,1,0,0,0,1,0,2.5
182,40,2,2,1,1,21,1647000,4,0,0,2,4,1,0,1,3,1,0,0,1,1,0,2.5
183,50,1,4,0,1,24,3777000,4,0,0,1,0,0,3,0,2,1,0,0,1,1,0,2.5
184,36,2,4,0,1,18,884000,4,0,0,1,0,1,1,2,3,1,0,0,1,1,0,4.0
185,31,1,2,0,1,15,1360000,4,0,0,2,0,0,1,1,0,1,0,0,1,1,0,2.5
186,74,2,4,2,1,9,5129000,2,0,0,1,4,1,1,2,4,0,1,0,0,0,0,4.0
187,68,1,3,3,1,16,1175000,2,0,0,3,0,0,1,2,3,1,0,0,1,0,0,0.0
188,20,1,1,0,1,12,674000,4,0,0,1,1,1,0,1,0,1,0,1,0,1,0,5.5
189,33,1,4,0,1,18,3244000,1,0,0,2,3,0,1,2,2,0,1,0,0,1,0,2.5
190,54,1,3,2,1,24,4591000,2,0,0,3,1,1,3,1,5,1,0,0,1,1,0,2.5
191,34,2,4,1,1,48,3844000,4,0,0,1,3,1,0,2,5,1,0,0,1,0,0,5.5
192,36,2,2,0,1,27,3915000,4,0,0,1,1,1,1,2,5,1,0,0,1,1,0,2.5
193,29,1,2,0,1,6,2108000,2,0,0,1,1,0,1,0,0,1,0,1,0,0,1,5.5
194,21,1,4,0,1,45,3031000,4,0,1,1,1,1,0,1,0,1,0,0,1,0,1,2.5
195,34,1,3,2,1,9,1501000,2,0,0,2,0,1,1,2,1,0,1,0,0,1,0,4.0
196,28,1,1,0,1,6,1382000,1,0,0,2,0,0,1,2,0,0,1,0,0,1,0,2.5
197,27,1,4,0,1,12,951000,4,0,0,4,1,1,0,2,2,0,1,0,0,0,1,0.5
198,36,1,4,0,1,24,2760000,4,0,0,1,1,0,0,2,4,1,0,0,1,0,0,4.0
199,40,1,3,2,1,18,4297000,4,0,0,1,2,1,1,2,2,1,0,0,0,1,0,4.0
200,52,1,2,0,1,9,936000,4,0,0,2,0,0,2,2,1,1,0,0,1,1,0,4.0
201,27,1,3,1,1,12,1168000,4,0,0,1,1,0,1,0,3,1,0,1,0,1,0,2.5
202,26,1,4,0,1,27,5117000,3,0,0,2,2,0,1,2,5,1,0,0,1,1,0,5.5
203,21,1,4,0,1,12,902000,4,0,0,1,1,1,1,1,8,1,0,1,0,0,1,5.5
204,38,2,1,1,1,12,1495000,4,0,0,2,0,0,1,0,3,1,0,0,1,1,0,4.0
205,38,2,4,2,1,30,10623000,3,0,0,3,0,0,1,2,4,1,0,0,1,0,0,4.0
206,43,1,4,0,1,12,1935000,4,0,0,3,0,0,1,0,2,1,0,0,1,1,0,4.0
207,26,1,3,0,1,12,1424000,4,0,0,1,0,0,1,1,6,1,0,0,1,1,0,5.5
208,21,1,2,1,1,24,6568000,2,0,0,1,1,0,1,2,5,1,0,1,0,1,0,2.5
209,55,1,2,0,0,12,1413000,3,0,0,1,1,0,3,1,4,1,0,0,1,1,0,5.5
210,33,2,2,0,1,9,3074000,1,0,0,2,0,0,0,0,0,1,0,0,1,1,0,2.5
211,45,1,4,1,1,36,3835000,2,0,0,1,1,0,0,0,0,0,1,0,0,1,0,4.0
212,50,1,4,0,1,27,5293000,2,0,0,2,3,1,1,1,5,1,0,0,1,1,0,0.0
213,66,1,4,2,1,30,1908000,4,0,0,1,2,1,1,0,5,1,0,0,1,1,0,4.0
214,51,1,2,0,1,36,3342000,4,0,0,1,0,0,0,2,0,1,0,0,1,1,0,4.0
215,39,1,3,1,1,6,932000,1,0,0,2,0,0,0,1,8,0,1,0,0,1,0,5.5
216,31,1,1,0,1,18,3104000,3,0,0,1,3,0,1,1,5,1,0,0,1,1,0,5.5
217,23,1,2,0,1,36,3913000,2,0,0,1,1,0,1,0,0,1,0,0,1,1,0,2.5
218,24,1,2,1,1,24,3021000,2,0,0,1,1,0,1,0,2,1,0,0,0,0,1,2.5
219,64,1,4,0,1,10,1364000,2,0,0,1,1,0,1,2,3,0,1,0,0,1,0,2.5
220,26,1,1,1,1,12,625000,4,0,1,1,1,0,1,0,0,1,0,1,0,1,0,0.5
221,23,1,4,0,1,12,1200000,4,0,0,1,1,0,0,1,1,0,1,0,0,0,1,2.5
222,30,1,2,0,1,12,707000,4,0,0,2,1,0,1,0,0,1,0,0,1,1,0,2.5
223,32,2,4,0,1,24,2978000,4,0,0,2,2,0,0,0,5,1,0,0,1,1,0,2.5
224,30,1,2,0,1,15,4657000,3,0,0,1,1,0,1,2,4,1,0,0,1,1,0,2.5
225,27,1,2,0,1,36,2613000,4,0,0,2,3,0,1,2,7,1,0,0,1,1,0,2.5
226,27,1,2,0,1,48,10961000,1,1,0,2,1,1,3,2,0,1,0,0,1,1,0,5.5
227,53,1,4,2,1,12,7865000,4,0,0,1,1,1,1,2,2,1,0,0,1,0,0,4.0
228,22,1,2,0,1,9,1478000,4,0,0,1,1,1,1,2,0,1,0,0,1,1,0,5.5
229,22,1,1,0,1,24,3149000,4,0,0,1,1,0,1,2,2,1,0,0,1,0,0,0.5
230,26,1,2,0,1,36,4210000,4,0,0,1,1,1,1,2,0,1,0,0,1,1,0,2.5
231,51,1,4,1,1,9,2507000,2,0,0,1,1,0,2,2,3,1,0,0,1,0,0,4.0
232,35,1,1,0,1,12,2141000,3,0,0,1,1,0,0,2,0,1,0,0,1,1,0,5.5
233,25,1,2,1,1,18,866000,4,0,1,1,1,0,1,0,0,1,0,1,0,1,0,2.5
234,42,2,1,1,1,4,1544000,2,0,0,3,0,0,1,0,0,1,0,0,1,1,0,5.5
235,30,2,2,2,1,24,1823000,4,0,0,1,1,1,1,2,0,1,0,0,1,1,0,0.0
236,23,1,2,3,1,6,14555000,1,0,0,1,1,1,0,1,3,1,0,0,1,1,0,0.0
237,61,1,2,1,1,21,2767000,4,0,0,2,1,1,0,2,5,1,0,0,0,0,1,4.0
238,35,1,2,0,1,12,1291000,4,0,0,2,0,0,1,1,0,0,1,0,0,1,0,2.5
239,39,2,3,0,1,30,2522000,1,0,1,1,1,0,1,1,0,1,0,0,1,1,0,4.0
240,29,1,2,0,1,24,915000,4,0,0,1,1,1,0,2,3,0,1,0,0,1,0,4.0
241,51,2,2,0,1,6,1595000,3,0,0,1,1,0,1,1,0,1,0,0,1,1,0,5.5
242,24,2,4,0,1,48,4605000,3,0,0,2,3,1,1,2,4,1,0,0,1,0,0,4.0
243,27,1,2,0,1,12,1185000,3,0,0,2,0,0,1,0,5,0,1,0,0,1,0,2.5
244,35,2,3,1,1,12,3447000,4,0,0,1,4,0,2,0,8,0,1,0,0,1,0,2.5
245,25,1,1,0,1,24,1258000,4,0,0,1,1,0,1,0,5,1,0,0,1,1,0,5.5
246,52,1,4,0,1,12,717000,4,0,0,3,0,0,1,0,0,1,0,0,1,1,0,4.0
247,35,1,1,0,0,6,1204000,4,0,0,1,3,0,0,2,3,1,0,0,1,0,1,2.5
248,26,1,2,0,1,24,1925000,2,0,0,1,1,0,1,0,2,1,0,0,1,1,0,2.5
249,22,1,4,0,1,18,433000,3,1,0,1,1,1,1,0,0,0,1,0,0,0,1,0.0
250,39,1,4,1,1,6,666000,3,0,0,2,0,0,3,0,3,0,1,0,0,1,0,5.5
251,46,1,2,1,1,12,2251000,1,0,0,1,1,0,1,2,2,0,1,0,0,1,0,2.5
252,24,1,2,0,1,30,2150000,4,0,1,1,1,1,1,2,3,0,1,0,0,1,0,2.5
253,35,1,3,0,1,24,4151000,2,0,0,2,2,0,0,1,2,1,0,0,1,1,0,2.5
254,24,1,1,0,1,9,2030000,2,0,0,1,1,0,0,2,2,1,0,0,1,1,0,5.5
255,27,1,1,1,1,60,7418000,1,0,0,1,2,0,0,0,0,1,0,0,1,1,0,2.5
256,35,1,2,1,1,24,2684000,4,0,0,2,0,0,1,0,0,1,0,0,1,1,0,2.5
257,29,1,1,0,1,12,2149000,4,0,0,1,4,1,1,2,0,1,0,0,0,0,0,2.5
258,23,1,4,0,1,15,3812000,1,0,0,1,1,0,0,2,4,0,1,0,0,1,0,0.5
259,57,1,4,1,1,11,1154000,4,0,0,3,0,0,0,0,0,0,1,0,0,1,0,0.0
260,27,1,2,0,1,12,1657000,2,0,0,1,1,0,1,0,2,1,0,0,1,1,0,2.5
261,55,1,4,0,1,24,1603000,4,0,0,1,1,0,1,2,0,0,1,0,0,1,0,4.0
262,36,1,4,2,1,18,5302000,2,0,0,3,0,0,1,2,3,1,0,0,1,0,0,4.0
263,57,1,4,1,1,12,2748000,2,0,0,3,0,0,1,2,1,0,1,0,0,0,0,4.0
264,32,2,4,1,0,10,1231000,3,0,0,2,0,0,1,0,3,1,0,0,1,1,0,4.0
265,37,2,3,0,1,15,802000,4,0,0,1,1,1,1,2,0,1,0,0,1,1,0,4.0
266,36,1,4,0,1,36,6304000,4,0,0,2,0,0,0,0,5,1,0,0,1,1,0,4.0
267,38,1,3,0,1,24,1533000,4,0,0,1,1,0,1,2,0,0,1,0,0,1,0,0.5
268,45,1,4,2,0,14,8978000,1,0,0,1,1,1,1,1,3,1,0,0,0,1,0,4.0
269,25,1,2,0,1,24,999000,4,0,0,2,1,0,0,2,0,1,0,0,1,1,0,4.0
270,32,1,3,0,0,18,2662000,4,0,0,1,1,0,0,1,3,1,0,0,1,1,0,5.5
271,37,1,4,0,1,12,1402000,3,0,0,1,0,0,2,2,2,0,1,0,0,0,1,5.5
272,36,1,4,2,1,48,12169000,4,1,0,1,4,0,0,2,3,1,0,0,1,0,0,0.0
273,28,1,4,0,1,48,3060000,4,0,0,2,1,1,1,0,0,1,0,0,1,1,0,5.5
274,34,1,1,1,1,30,11998000,1,0,0,1,1,1,1,2,7,1,0,0,0,1,0,0.5
275,32,2,2,0,1,9,2697000,1,0,0,1,1,0,1,0,0,1,0,0,1,1,0,2.5
276,26,1,2,0,1,18,2404000,2,0,0,2,0,0,1,2,0,0,1,0,0,1,0,2.5
277,49,1,4,1,1,12,1262000,2,0,0,1,1,0,0,1,2,1,0,0,0,1,0,4.0
278,32,1,4,0,1,6,4611000,1,0,0,1,1,1,1,1,2,0,1,0,0,1,0,0.5
279,29,1,4,2,1,24,1901000,4,0,0,1,1,0,0,2,0,1,0,0,1,0,1,2.5
280,23,1,4,0,1,15,3368000,3,0,0,2,0,0,3,2,4,1,0,0,1,0,1,4.0
281,50,1,2,0,1,12,1574000,4,0,0,1,1,0,1,0,2,1,0,0,1,1,0,2.5
282,49,1,4,1,1,18,1445000,4,0,0,1,4,0,0,2,0,1,0,0,1,1,0,5.5
283,63,1,4,0,1,15,1520000,4,0,0,1,0,0,0,1,2,1,0,0,1,1,0,4.0
284,37,1,2,0,1,24,3878000,4,0,0,1,0,0,0,2,3,1,0,0,0,1,0,0.5
285,35,1,1,1,1,47,10722000,1,0,0,1,1,0,1,0,3,0,1,0,0,1,0,0.5
286,26,2,3,0,1,48,4788000,4,0,0,1,1,0,1,1,4,1,0,0,1,1,0,5.5
287,31,1,4,2,1,48,7582000,2,0,0,1,2,0,0,2,8,1,0,0,1,0,0,0.0
288,49,1,4,0,1,12,1092000,4,0,1,2,1,0,1,0,0,0,1,0,0,1,0,2.5
289,48,1,4,0,1,24,1024000,4,0,0,1,2,1,1,0,0,1,0,1,0,1,0,0.5
290,26,1,2,0,0,12,1076000,2,0,0,1,1,0,1,0,5,1,0,1,0,1,0,2.5
291,28,1,4,2,1,36,9398000,1,0,0,1,1,1,1,2,4,1,0,1,0,0,1,0.5
292,44,2,4,2,1,24,6419000,2,0,0,2,0,0,1,2,4,0,1,0,0,0,0,4.0
293,56,1,4,0,1,42,4796000,4,0,0,1,0,0,1,2,4,1,0,0,1,0,0,4.0
294,46,2,2,2,1,48,7629000,4,0,0,2,0,0,0,2,5,1,0,0,0,1,0,4.0
295,26,1,2,0,1,48,9960000,1,0,0,1,1,1,1,2,2,0,1,0,0,1,0,0.5
296,20,1,4,0,1,12,4675000,1,0,0,1,1,0,0,2,4,0,1,0,0,0,1,0.5
297,45,1,2,1,0,10,1287000,4,1,0,1,1,0,0,1,3,1,0,0,1,1,0,4.0
298,43,1,4,0,1,18,2515000,3,0,0,1,1,0,1,0,2,1,0,0,1,1,0,2.5
299,32,1,2,0,1,21,2745000,3,0,0,2,0,0,3,2,2,1,0,0,1,1,0,5.5
300,54,1,4,3,1,6,672000,1,0,0,1,1,0,1,0,3,0,1,0,0,1,0,0.0
301,42,1,1,0,1,36,3804000,4,0,0,1,3,1,1,2,0,0,1,0,0,1,0,2.5
302,37,2,2,1,1,24,1344000,4,0,0,2,0,1,0,0,3,1,0,0,1,1,0,5.5
303,49,1,3,0,1,10,1038000,4,1,0,2,0,0,1,1,3,1,0,0,1,1,0,5.5
304,44,1,2,0,1,48,10127000,2,0,0,1,0,1,2,2,3,1,0,0,1,0,0,2.5
305,33,1,2,0,1,6,1543000,4,0,0,1,1,0,3,0,2,1,0,0,0,1,0,2.5
306,24,1,4,1,1,30,4811000,2,0,0,1,1,0,0,1,4,0,1,0,0,0,1,5.5
307,33,1,3,1,1,12,727000,4,0,0,1,1,1,0,2,0,1,0,1,0,1,0,0.5
308,24,1,4,0,1,8,1237000,3,0,0,1,1,1,1,0,2,0,1,0,0,1,0,2.5
309,22,1,4,1,1,9,276000,4,0,0,1,1,0,1,0,3,1,0,1,0,0,1,2.5
310,40,1,4,3,1,48,5381000,3,0,0,1,1,0,0,2,8,1,0,0,1,0,0,0.0
311,25,1,1,0,1,24,5511000,4,0,0,1,1,0,0,2,2,1,0,0,1,1,0,2.5
312,26,1,4,0,1,24,3749000,2,0,0,1,1,0,1,2,2,0,1,0,0,1,0,0.5
313,25,1,3,1,1,12,685000,2,0,0,1,1,1,1,2,3,1,0,1,0,1,0,5.5
314,29,2,2,1,0,4,1494000,1,0,0,1,1,0,0,0,3,1,0,0,1,1,0,0.5
315,31,1,4,0,1,36,2746000,4,0,0,1,4,1,1,2,2,1,0,0,1,1,0,4.0
316,38,2,3,1,1,12,708000,2,0,1,1,1,0,1,1,2,1,0,0,1,1,0,2.5
317,48,1,4,1,1,24,4351000,1,0,0,1,1,0,0,1,2,0,1,0,0,1,0,2.5
318,32,1,2,0,1,12,701000,4,0,0,2,0,0,1,2,1,1,0,0,1,1,0,2.5
319,27,1,4,1,1,15,3643000,1,0,0,2,2,0,1,1,2,0,1,0,0,1,0,4.0
320,28,1,2,2,1,30,4249000,4,0,0,2,0,1,1,2,3,1,0,1,0,1,0,0.0
321,32,1,3,0,1,24,1938000,4,0,0,1,1,1,1,1,0,1,0,0,0,1,0,0.5
322,34,1,1,2,1,24,2910000,2,0,0,1,1,0,1,2,4,1,0,0,1,0,0,5.5
323,28,1,2,0,1,18,2659000,4,0,0,1,1,0,3,2,2,1,0,0,1,1,0,2.5
324,36,1,3,0,1,18,1028000,4,0,0,2,0,0,1,0,3,0,1,0,0,1,0,2.5
325,39,1,4,1,0,8,3398000,1,0,0,2,0,0,1,0,3,1,0,0,1,1,0,5.5
326,49,1,4,0,1,12,5801000,2,0,0,1,0,0,0,1,2,1,0,0,1,0,1,4.0
327,34,2,3,0,1,24,1525000,4,0,0,1,1,0,3,2,3,0,1,0,0,1,0,5.5
328,31,1,2,0,1,36,4473000,4,0,0,1,1,0,1,2,0,1,0,0,1,1,0,4.0
329,28,2,4,0,1,6,1068000,4,0,0,1,1,0,1,2,0,1,0,0,1,1,0,4.0
330,75,1,4,2,1,24,6615000,2,0,0,2,0,0,1,2,4,1,0,0,1,0,0,0.0
331,30,1,2,0,1,18,1864000,4,0,0,2,0,1,0,0,1,0,1,0,0,1,0,2.5
332,24,1,2,2,1,60,7408000,4,0,0,1,1,1,0,1,3,0,1,0,0,1,0,0.5
333,24,1,4,1,1,48,11590000,2,0,0,2,0,1,0,2,4,0,1,0,0,0,1,2.5
334,23,2,4,0,1,24,4110000,3,0,0,2,3,1,1,2,2,1,0,0,1,0,1,4.0
335,44,1,4,2,1,6,3384000,1,0,0,1,0,1,1,0,2,1,0,0,0,0,1,2.5
336,23,1,4,1,1,13,2101000,2,0,1,1,1,0,1,1,0,0,1,0,0,1,0,0.5
337,24,1,2,0,1,15,1275000,4,0,0,1,1,1,0,2,6,0,1,0,0,0,1,2.5
338,28,1,4,0,1,24,4169000,4,0,0,1,1,0,1,1,2,1,0,0,1,1,0,2.5
339,31,1,2,1,1,10,1521000,4,0,0,1,1,0,1,2,2,1,0,0,0,1,0,2.5
340,24,1,4,0,1,24,5743000,2,0,0,2,0,0,1,2,1,0,1,0,0,0,0,0.5
341,26,1,4,1,1,21,3599000,1,0,0,1,1,0,1,2,2,0,1,0,0,0,1,5.5
342,25,1,3,0,1,18,3213000,1,0,0,1,1,0,2,0,0,1,0,1,0,0,1,0.5
343,33,1,1,2,1,18,4439000,1,1,0,1,1,0,1,0,5,1,0,0,1,1,0,4.0
344,37,2,1,1,1,10,3949000,1,0,1,1,1,0,1,1,3,1,0,0,1,1,0,0.5
345,43,1,2,1,1,15,1459000,4,0,0,1,0,0,1,2,0,0,1,0,0,1,0,2.5
346,23,1,4,0,1,13,882000,4,0,1,2,0,0,1,0,0,1,0,0,1,1,0,0.5
347,23,1,4,3,1,24,3758000,1,0,0,1,1,0,2,2,0,0,1,0,0,0,1,0.0
348,34,1,2,1,1,6,1743000,1,0,0,2,2,0,0,0,5,1,0,0,1,1,0,2.5
349,32,2,3,0,1,9,1136000,4,0,0,2,0,1,3,2,1,1,0,0,1,0,0,4.0
350,23,1,4,0,1,9,1236000,1,0,0,1,1,0,1,0,6,0,1,0,0,0,1,0.5
351,29,1,2,0,0,9,959000,1,0,0,1,1,1,1,2,2,0,1,0,0,1,0,2.5
352,38,1,4,2,1,18,3229000,2,0,0,1,0,0,0,2,4,1,0,0,1,1,0,0.0
353,28,1,2,0,1,12,6199000,4,0,0,2,3,1,1,1,0,1,0,0,1,0,1,2.5
354,46,1,4,0,1,10,727000,4,0,0,1,1,0,2,2,1,1,0,0,1,0,0,4.0
355,23,1,2,1,1,24,1246000,4,0,0,1,1,1,1,0,3,1,0,0,1,1,0,0.5
356,49,1,4,0,1,12,2331000,1,1,0,1,0,0,0,0,0,1,0,0,1,1,0,4.0
357,26,1,2,2,1,36,4463000,4,0,0,2,2,1,1,2,0,1,0,0,1,1,0,2.5
358,28,1,2,0,1,12,776000,4,0,0,1,1,0,1,0,0,1,0,1,0,1,0,2.5
359,23,1,4,0,1,30,2406000,4,0,0,1,1,1,1,0,2,0,1,0,0,0,1,5.5
360,61,1,4,0,1,18,1239000,4,0,0,1,1,0,0,2,1,1,0,0,1,0,0,2.5
361,37,1,3,2,1,12,3399000,2,0,0,1,1,0,0,2,0,1,0,0,1,1,0,4.0
362,36,1,2,0,1,12,2247000,2,0,0,2,2,0,1,2,3,0,1,0,0,1,0,2.5
363,21,1,2,0,1,6,1766000,1,0,0,1,1,0,1,1,2,1,0,1,0,0,1,2.5
364,25,1,1,3,1,18,2473000,4,0,0,1,1,1,1,2,2,1,0,0,1,1,0,0.0
365,36,1,4,0,1,12,1542000,2,0,0,1,1,0,1,2,5,1,0,0,1,1,0,5.5
366,27,1,1,0,1,18,3850000,3,0,0,2,0,0,1,2,4,1,0,0,1,1,0,5.5
367,22,1,4,0,1,18,3650000,1,0,0,1,1,0,1,2,2,0,1,0,0,0,1,0.5
368,42,2,2,0,1,36,3446000,4,0,0,1,1,1,1,2,2,1,0,0,1,1,0,4.0
369,40,1,4,0,1,18,3001000,2,0,0,1,1,0,1,0,2,0,1,0,0,0,1,5.5
370,36,1,4,0,1,36,3079000,4,0,0,1,1,0,0,0,3,1,0,0,1,1,0,2.5
371,33,1,4,0,1,18,6070000,3,0,0,2,0,0,1,2,0,1,0,0,1,1,0,4.0
372,23,1,3,0,1,10,2146000,1,0,0,2,0,0,1,0,2,0,1,0,0,0,1,0.5
373,63,1,4,2,1,60,13756000,2,0,0,1,0,0,0,2,3,1,0,0,1,0,0,4.0
374,60,1,4,2,1,60,14782000,3,0,0,2,4,1,0,2,8,0,1,0,0,0,0,4.0
375,37,1,4,0,1,48,7685000,2,0,1,1,4,1,1,2,5,0,1,0,0,0,1,5.5
376,34,1,3,0,1,18,2320000,2,0,0,2,2,0,1,0,0,1,0,1,0,1,0,0.0
377,36,1,4,0,1,7,846000,3,0,0,1,2,0,0,2,0,1,0,0,1,0,0,4.0
378,57,1,2,2,1,36,14318000,4,0,0,1,1,1,1,2,3,1,0,0,1,0,0,4.0
379,52,1,4,1,1,6,362000,4,0,0,2,0,0,0,2,3,0,1,0,0,1,0,2.5
380,39,1,4,0,1,20,2212000,4,0,0,1,1,0,0,2,2,1,0,0,1,1,0,5.5
381,38,1,4,2,1,18,12976000,3,0,0,1,1,1,1,2,4,0,1,0,0,0,0,0.0
382,25,1,4,0,1,22,1283000,4,0,0,1,1,0,0,1,3,0,1,0,0,0,1,5.5
383,26,1,1,0,1,12,1330000,4,0,0,1,1,0,1,0,3,1,0,0,1,1,0,0.5
384,26,1,2,1,1,30,4272000,2,0,0,2,2,0,0,1,5,1,0,0,1,1,0,2.5
385,25,1,1,0,1,18,2238000,2,0,0,2,0,0,1,2,0,0,1,0,0,1,0,2.5
386,21,1,2,0,1,18,1126000,4,0,0,1,1,0,0,0,0,0,1,0,0,0,1,0.5
387,40,1,4,2,1,18,7374000,4,0,0,2,0,0,1,1,2,1,0,0,1,1,0,0.0
388,27,1,4,0,1,15,2326000,2,0,0,1,0,0,2,2,5,1,0,0,1,1,0,2.5
389,27,1,2,0,1,9,1449000,3,0,0,2,1,0,1,2,5,0,1,0,0,1,0,5.5
390,30,1,2,2,1,18,1820000,2,0,0,1,1,0,1,1,3,1,0,1,0,1,0,2.5
391,19,1,4,1,1,12,983000,1,0,0,1,1,0,3,0,2,0,1,0,0,0,1,0.5
392,39,2,4,2,1,36,3249000,2,0,0,1,1,0,1,2,3,1,0,0,1,0,0,5.5
393,31,1,4,0,1,6,1957000,1,0,0,1,0,0,1,2,0,0,1,0,0,1,0,5.5
394,31,1,3,2,1,9,2406000,2,0,0,1,0,0,1,2,2,1,0,0,1,1,0,0.0
395,32,1,3,0,1,39,11760000,2,0,0,1,2,0,0,2,1,1,0,0,1,0,1,5.5
396,55,1,4,2,1,12,2578000,3,0,0,1,1,0,1,2,2,0,1,0,0,0,0,0.0
397,46,1,2,0,1,36,2348000,3,0,0,2,0,0,1,1,2,1,0,1,0,1,0,2.5
398,46,1,1,0,1,12,1223000,1,0,0,2,1,1,1,0,3,1,0,0,0,0,1,4.0
399,43,1,1,1,1,24,1516000,4,0,0,2,0,0,3,0,0,0,1,0,0,1,0,2.5
400,39,1,4,0,1,18,1473000,3,0,0,1,1,0,1,0,0,1,0,1,0,1,0,0.5
401,28,1,4,0,1,18,1887000,4,0,0,2,0,0,0,0,5,1,0,1,0,1,0,2.5
402,27,1,2,0,1,24,8648000,2,0,0,2,2,1,1,2,5,1,0,0,1,1,0,0.5
403,27,1,2,1,1,14,802000,4,0,0,2,2,0,1,2,3,1,0,0,1,1,0,2.5
404,43,2,4,0,1,18,2899000,4,0,0,1,2,0,0,2,3,1,0,0,1,1,0,4.0
405,22,1,1,0,1,24,2039000,1,0,0,1,1,1,1,1,0,1,0,1,0,1,0,0.5
406,43,2,4,0,1,24,2197000,4,0,0,2,0,0,0,2,4,1,0,0,1,1,0,5.5
407,27,1,2,0,0,15,1053000,4,0,0,1,1,0,1,0,0,1,0,1,0,1,0,0.5
408,26,1,2,2,1,24,3235000,3,0,0,1,1,0,2,2,0,1,0,0,0,1,0,4.0
409,28,1,2,0,1,12,939000,4,0,0,3,0,1,2,0,3,1,0,1,0,1,0,5.5
410,20,1,4,0,1,24,1967000,4,0,0,1,1,0,1,2,0,0,1,0,0,1,0,4.0
411,35,1,2,2,1,33,7253000,3,0,0,2,0,0,1,2,4,1,0,0,1,1,0,5.5
412,42,1,2,2,1,12,2292000,4,0,0,2,0,1,1,2,5,1,0,0,1,1,0,0.0
413,40,2,2,1,0,10,1597000,3,0,0,1,1,0,2,2,3,1,0,0,1,0,1,2.5
414,35,1,2,0,1,24,1381000,4,0,0,1,1,1,0,1,3,0,1,0,0,1,0,2.5
415,35,2,2,0,1,36,5842000,2,0,0,2,0,0,1,1,4,1,0,0,1,1,0,4.0
416,33,2,1,1,1,12,2579000,4,0,0,1,1,1,1,0,3,1,0,0,1,1,0,0.5
417,23,1,2,0,1,18,8471000,1,0,0,2,2,0,0,2,1,0,1,0,0,0,1,2.5
418,31,1,2,2,1,21,2782000,1,0,0,1,1,0,2,2,3,0,1,0,0,1,0,5.5
419,33,1,2,0,1,18,1042000,4,0,0,1,1,1,0,1,3,0,1,0,0,1,0,2.5
420,20,1,3,0,1,15,3186000,2,0,0,1,1,0,3,2,3,0,1,0,0,0,1,5.5
421,30,1,2,0,1,12,2028000,4,0,0,1,1,0,0,2,4,1,0,0,1,1,0,2.5
422,47,2,3,1,1,12,958000,2,0,0,2,0,0,1,0,3,1,0,0,1,1,0,5.5
423,34,1,3,2,1,21,1591000,4,0,0,2,2,0,0,0,2,1,0,0,1,1,0,5.5
424,25,1,2,0,1,12,2762000,1,0,0,1,1,1,0,1,2,0,1,0,0,1,0,4.0
425,21,1,3,0,1,18,2779000,1,0,0,1,1,0,1,2,4,1,0,1,0,0,1,2.5
426,29,1,2,0,1,28,2743000,4,0,0,2,0,0,1,2,0,1,0,0,1,1,0,4.0
427,46,1,3,0,1,18,1149000,4,0,0,2,0,0,3,0,0,1,0,0,1,1,0,2.5
428,20,1,4,0,1,9,1313000,1,0,0,1,1,0,1,2,2,1,0,0,1,1,0,4.0
429,55,2,4,3,1,18,1190000,2,0,0,3,0,1,1,2,7,0,1,0,0,0,0,0.0
430,74,1,4,1,1,5,3448000,1,0,0,1,1,0,1,0,5,1,0,0,1,1,0,5.5
431,29,1,3,2,1,24,11328000,2,1,0,2,1,1,1,2,8,1,0,0,1,1,0,2.5
432,36,1,4,2,1,6,1872000,4,0,0,3,0,0,1,2,2,1,0,0,1,0,0,0.0
433,33,1,2,0,1,24,2058000,4,0,0,2,0,0,1,0,7,1,0,0,0,1,0,2.5
434,25,1,2,0,1,9,2136000,3,0,0,1,1,0,1,0,2,1,0,0,1,1,0,2.5
435,25,1,1,0,1,12,1484000,2,0,0,1,1,1,0,0,0,1,0,1,0,1,0,2.5
436,23,1,4,1,1,6,660000,2,0,0,1,1,0,2,0,7,1,0,1,0,0,1,5.5
437,37,1,4,0,1,24,1287000,4,0,0,2,0,0,3,0,3,0,1,0,0,1,0,4.0
438,65,1,4,3,1,42,3394000,4,1,0,2,0,0,1,2,7,1,0,0,1,1,0,0.0
439,26,1,1,3,1,12,609000,4,0,0,1,4,1,1,0,5,0,1,0,0,1,0,0.5
440,39,1,4,2,1,12,1884000,4,0,0,1,1,0,1,2,3,1,0,0,1,1,0,4.0
441,30,1,3,0,1,12,1620000,2,1,0,1,1,0,1,1,2,0,1,0,0,1,0,2.5
442,29,1,3,0,1,20,2629000,2,0,0,2,2,0,1,2,8,1,0,0,1,1,0,2.5
443,41,2,4,1,1,12,719000,4,0,0,1,1,1,1,2,1,1,0,0,1,1,0,4.0
444,30,1,3,2,1,48,5096000,2,0,0,1,0,1,1,2,2,0,1,0,0,1,0,2.5
445,41,1,4,1,1,9,1244000,4,0,0,2,0,0,0,1,1,0,1,0,0,0,1,4.0
446,34,1,4,0,1,36,1842000,4,0,0,1,1,1,1,2,3,0,1,0,0,1,0,0.5
447,35,1,2,0,1,7,2576000,2,0,1,1,1,0,1,0,0,1,0,0,1,1,0,2.5
448,55,1,4,2,1,12,1424000,3,0,0,1,1,0,0,0,2,0,1,0,0,1,0,4.0
449,61,1,3,0,1,15,1512000,3,0,0,2,2,1,3,1,7,1,0,1,0,1,0,2.5
450,30,1,2,2,1,36,11054000,4,0,0,1,0,0,0,2,4,1,0,0,1,1,0,2.5
451,29,1,1,0,1,6,518000,3,0,0,1,1,0,1,0,0,0,1,0,0,1,0,2.5
452,34,1,4,0,1,12,2759000,2,0,0,2,3,0,1,1,2,1,0,0,1,1,0,4.0
453,35,1,4,2,1,24,2670000,4,0,0,1,1,0,1,2,4,1,0,0,1,1,0,4.0
454,31,1,3,0,1,24,4817000,2,1,0,1,1,1,1,1,3,1,0,0,1,1,0,5.5
455,29,1,1,2,1,24,2679000,4,0,0,1,1,0,1,2,4,0,1,0,0,1,0,0.5
456,36,2,2,0,1,11,3905000,2,0,0,2,0,0,1,0,3,1,0,0,1,0,1,2.5
457,35,1,4,0,1,12,3386000,3,0,0,1,1,1,1,2,4,1,0,0,1,0,0,4.0
458,27,1,1,0,1,6,343000,4,0,0,1,1,0,1,0,6,0,1,0,0,1,0,0.5
459,32,1,2,0,1,18,4594000,3,0,0,1,1,0,1,2,0,1,0,0,1,1,0,0.5
460,37,2,2,0,1,36,3620000,1,0,1,1,1,0,1,1,2,1,0,0,1,1,0,2.5
461,36,1,3,0,1,15,1721000,2,0,0,1,1,0,1,0,3,1,0,0,1,1,0,0.5
462,34,1,1,2,1,12,3017000,3,0,0,1,1,0,1,0,2,0,1,0,0,0,1,0.5
463,38,1,4,0,1,12,754000,4,0,0,2,1,0,0,1,8,1,0,0,1,1,0,4.0
464,34,1,1,0,1,18,1950000,4,0,0,2,1,0,1,2,5,1,0,0,1,1,0,5.5
465,63,2,4,0,1,24,2924000,3,0,1,1,1,0,1,2,4,1,0,0,1,1,0,2.5
466,29,1,2,1,1,24,1659000,4,0,0,1,2,1,1,2,0,0,1,0,0,0,1,0.5
467,32,2,3,0,1,48,7238000,3,0,0,2,2,0,0,2,0,1,0,0,1,1,0,4.0
468,26,1,2,0,1,33,2764000,2,0,0,2,2,0,1,2,5,0,1,0,0,1,0,2.5
469,35,1,3,1,1,24,4679000,3,0,0,2,2,0,1,2,4,1,0,0,1,1,0,5.5
470,22,1,2,0,1,24,3092000,3,0,0,1,1,1,0,2,0,1,0,1,0,0,1,0.5
471,23,1,4,0,1,6,448000,4,0,0,1,1,1,1,1,1,0,1,0,0,1,0,0.5
472,28,1,3,1,1,9,654000,4,0,0,1,1,1,1,2,3,1,0,0,1,1,0,2.5
473,36,2,4,2,1,6,1238000,4,0,0,1,1,0,0,1,8,1,0,0,1,1,0,0.0
474,33,1,2,0,1,18,1245000,4,0,0,1,0,1,1,2,0,1,0,1,0,1,0,2.5
475,26,1,4,0,1,18,3114000,1,0,0,1,3,1,1,1,2,0,1,0,0,0,1,0.5
476,24,1,4,0,1,39,2569000,4,0,0,1,1,0,2,2,4,1,0,0,1,1,0,2.5
477,25,1,2,0,1,24,5152000,4,0,0,1,1,0,1,2,0,1,0,0,1,1,0,5.5
478,39,1,4,1,1,12,1037000,3,0,0,1,1,0,0,0,5,1,0,0,1,1,0,5.5
479,44,2,4,0,1,15,1478000,4,0,0,2,0,0,1,2,2,1,0,0,1,1,0,4.0
480,23,1,1,1,1,12,3573000,1,0,0,1,0,0,1,0,0,0,1,0,0,1,0,2.5
481,26,1,1,0,1,24,1201000,4,0,0,1,1,0,1,1,3,1,0,0,1,1,0,0.5
482,57,1,4,0,1,30,3622000,4,0,0,2,1,0,3,1,2,0,1,0,0,0,1,4.0
483,30,1,2,0,1,15,960000,3,0,0,2,2,0,3,1,2,0,1,0,0,1,0,5.5
484,44,1,4,0,1,12,1163000,4,0,0,1,0,0,2,0,3,1,0,0,1,1,0,2.5
485,47,1,4,2,1,6,1209000,4,0,0,1,2,1,1,1,3,1,0,0,1,1,0,0.0
486,52,1,4,0,1,12,3077000,2,0,0,1,1,0,1,2,0,1,0,0,1,1,0,2.5
487,62,1,4,0,1,24,3757000,4,1,0,1,1,0,1,2,3,0,1,0,0,0,0,4.0
488,35,1,2,1,0,10,1418000,3,0,0,1,1,0,0,0,3,1,0,0,1,0,1,2.5
489,26,1,3,0,1,6,3518000,2,0,1,1,1,0,1,1,3,1,0,0,1,0,1,2.5
490,26,1,2,0,1,12,1934000,2,0,0,2,0,0,1,2,0,1,0,0,1,1,0,4.0
491,42,1,4,2,1,27,8318000,2,0,0,2,3,1,1,2,5,0,1,0,0,0,0,4.0
492,27,1,1,0,1,6,1237000,1,0,0,2,0,0,0,1,0,0,1,0,0,1,0,2.5
493,38,1,4,0,1,6,368000,4,0,0,1,1,0,0,1,0,1,0,0,1,1,0,4.0
494,39,2,2,1,0,12,2122000,3,0,0,2,0,0,1,0,3,1,0,0,1,0,1,2.5
495,20,1,4,0,1,24,2996000,2,0,0,1,1,1,0,2,2,1,0,1,0,1,0,2.5
496,29,1,1,2,1,36,9034000,4,1,0,1,1,1,0,2,2,1,0,0,1,0,1,0.5
497,40,1,3,0,1,24,1585000,4,0,0,2,0,0,1,1,2,1,0,0,1,1,0,5.5
498,32,1,2,1,1,18,1301000,4,0,1,1,1,0,1,0,0,1,0,1,0,1,0,4.0
499,28,2,4,0,1,6,1323000,2,0,0,2,0,0,0,2,3,1,0,0,0,1,0,4.0
500,27,1,1,0,1,24,3123000,4,0,0,1,1,1,1,1,3,0,1,0,0,1,0,0.5
501,42,2,4,0,1,36,5493000,2,0,0,1,1,0,1,2,4,1,0,0,1,0,0,4.0
502,49,1,4,0,1,9,1126000,2,0,0,1,1,0,0,0,0,1,0,0,0,1,0,4.0
503,38,2,4,0,1,24,1216000,4,0,0,2,0,1,0,2,0,1,0,0,1,1,0,0.5
504,24,1,4,0,1,24,1207000,4,0,0,1,1,1,1,1,3,0,1,0,0,0,1,0.5
505,27,1,4,1,1,10,1309000,4,0,1,1,1,1,0,1,3,1,0,0,1,1,0,2.5
506,36,1,2,0,1,15,2360000,2,0,0,1,0,0,2,2,4,1,0,0,1,1,0,2.5
507,34,2,2,2,1,15,6850000,1,0,0,1,4,1,0,1,3,1,0,0,1,1,0,0.0
508,28,1,2,0,1,24,1413000,4,0,0,1,1,0,1,1,0,1,0,1,0,1,0,2.5
509,45,1,2,2,1,39,8588000,4,0,0,1,1,0,0,2,4,1,0,0,1,1,0,4.0
510,26,1,2,0,1,12,759000,4,0,0,1,1,1,1,0,3,1,0,0,1,1,0,5.5
511,32,1,2,2,1,36,4686000,2,0,0,1,1,0,1,2,4,1,0,0,1,0,0,2.5
512,26,1,4,0,1,15,2687000,2,0,0,1,1,0,1,1,5,1,0,0,1,0,1,5.5
513,20,1,4,0,1,12,585000,4,1,0,2,2,0,1,0,0,1,0,1,0,0,1,2.5
514,54,1,1,0,1,24,2255000,4,0,0,1,1,0,0,1,3,1,0,0,1,1,0,0.5
515,37,1,3,0,0,6,609000,4,0,0,2,0,0,1,1,3,0,1,0,0,1,0,5.5
516,40,2,4,1,0,6,1361000,2,0,0,1,0,0,1,0,3,1,0,0,1,1,0,0.5
517,23,1,4,0,1,36,7127000,2,0,0,2,0,1,1,1,2,0,1,0,0,0,1,0.5
518,43,1,2,0,1,6,1203000,3,0,0,1,1,0,0,1,3,1,0,0,1,1,0,4.0
519,36,1,4,0,1,6,700000,4,0,0,2,0,0,0,2,0,1,0,0,1,0,0,4.0
520,44,1,4,0,1,24,5507000,3,0,0,2,0,0,1,2,7,1,0,0,1,0,0,4.0
521,24,1,2,0,1,18,3190000,2,0,0,1,1,1,1,0,0,0,1,0,0,1,0,2.5
522,53,2,4,0,1,48,7119000,3,0,0,2,3,1,1,2,2,1,0,0,1,0,0,2.5
523,23,1,4,0,1,24,3488000,3,0,0,1,1,0,0,2,4,0,1,0,0,1,0,5.5
524,26,2,4,1,1,18,1113000,4,0,1,1,1,0,1,0,0,0,1,0,0,1,0,2.5
525,30,1,3,0,1,26,7966000,2,0,0,2,1,0,1,2,4,1,0,0,1,1,0,0.5
526,31,1,3,0,1,15,1532000,4,0,0,1,0,0,0,2,1,0,1,0,0,1,0,2.5
527,42,2,1,1,1,4,1503000,2,0,0,2,0,0,1,0,0,1,0,0,1,1,0,5.5
528,31,1,4,0,1,36,2302000,4,0,0,1,1,1,1,2,0,1,0,0,0,0,1,2.5
529,41,2,4,1,1,6,662000,3,0,0,1,1,0,1,0,3,1,0,0,1,1,0,0.5
530,32,2,1,0,1,36,2273000,3,0,0,2,1,0,1,2,1,1,0,0,1,1,0,5.5
531,28,1,4,0,1,15,2631000,2,0,0,2,1,1,0,2,3,0,1,0,0,0,1,2.5
532,41,1,4,0,1,12,1503000,4,0,0,1,2,0,1,0,4,1,0,1,0,0,1,2.5
533,26,1,3,0,1,24,1311000,4,0,0,1,1,0,0,1,0,1,0,1,0,1,0,5.5
534,25,1,2,0,1,24,3105000,4,0,0,2,1,0,0,2,0,1,0,0,1,1,0,0.5
535,33,1,1,0,1,21,2319000,2,0,0,1,0,1,1,2,1,1,0,0,0,0,1,0.5
536,75,1,3,2,1,6,1374000,4,0,0,1,1,0,0,1,3,0,1,0,0,1,0,0.0
537,37,1,4,0,1,18,3612000,3,0,0,1,0,0,1,1,2,0,1,0,0,1,0,4.0
538,42,1,4,2,1,48,7763000,4,0,0,1,1,1,1,2,3,1,0,0,1,0,0,4.0
539,45,1,1,1,1,18,3049000,1,0,0,1,1,0,1,1,2,0,1,0,0,1,0,0.5
540,23,1,1,0,1,12,1534000,1,0,0,1,1,1,1,0,0,1,0,1,0,0,1,0.5
541,60,1,4,0,1,24,2032000,4,0,0,2,2,0,1,2,3,1,0,0,1,0,0,4.0
542,31,1,4,0,1,30,6350000,4,0,0,1,1,1,0,1,2,1,0,0,1,1,0,4.0
543,34,2,1,1,1,18,2864000,2,0,0,1,1,1,1,0,2,1,0,0,1,1,0,2.5
544,61,1,4,1,1,12,1255000,4,0,0,2,0,0,1,0,3,1,0,0,1,1,0,4.0
545,43,2,2,0,1,24,1333000,4,0,0,2,2,1,1,0,3,1,0,0,1,0,0,0.0
546,37,1,4,0,1,24,2022000,4,0,0,1,0,0,1,2,3,0,1,0,0,1,0,2.5
547,32,2,1,0,1,24,1552000,3,0,0,1,1,0,1,2,0,1,0,0,1,1,0,5.5
548,24,1,4,1,1,12,626000,4,0,0,1,4,1,1,0,0,0,1,0,0,1,0,2.5
549,35,1,1,0,1,48,8858000,2,0,0,2,0,0,0,2,4,1,0,0,1,0,0,5.5
550,23,1,4,0,1,12,996000,4,0,0,2,0,0,0,0,7,0,1,0,0,1,0,5.5
551,45,2,4,1,1,6,1750000,2,0,0,1,4,0,2,1,0,1,0,0,1,1,0,4.0
552,34,1,1,0,1,48,6999000,1,0,1,2,1,1,1,0,0,1,0,1,0,1,0,5.5
553,27,1,1,0,1,12,1995000,4,0,0,1,0,0,0,2,3,1,0,0,1,1,0,0.5
554,67,1,4,2,1,9,1199000,4,0,0,2,1,0,1,1,1,0,1,0,0,1,0,5.5
555,22,1,1,0,1,12,1331000,2,0,0,1,1,1,1,2,0,1,0,0,1,1,0,0.5
556,28,1,3,0,1,18,2278000,3,0,0,2,3,1,0,2,3,0,1,0,0,1,0,0.5
557,29,1,4,0,1,21,5003000,1,0,0,2,3,1,0,1,3,0,1,0,0,1,0,2.5
558,27,1,4,0,1,24,3552000,3,0,0,1,4,1,1,2,2,1,0,0,1,1,0,5.5
559,31,1,2,1,1,18,1928000,2,0,0,2,0,1,1,0,2,1,0,0,1,1,0,0.5
560,49,2,4,0,1,24,2964000,4,0,0,1,1,0,0,2,4,1,0,0,1,0,0,4.0
561,24,1,4,1,1,24,1546000,4,0,1,1,4,1,1,2,0,1,0,0,1,0,1,5.5
562,29,1,1,0,1,6,683000,2,0,0,1,2,0,1,1,0,0,1,0,0,1,0,0.5
563,37,1,4,0,1,36,12389000,1,0,0,1,1,1,0,2,3,1,0,0,1,0,0,2.5
564,37,1,2,2,1,24,4712000,4,0,0,2,2,0,0,1,5,1,0,0,1,1,0,2.5
565,23,1,2,0,1,24,1553000,3,0,0,2,2,0,0,1,0,0,1,0,0,0,1,5.5
566,36,1,3,0,1,12,1372000,2,0,0,1,1,1,1,2,3,1,0,0,0,1,0,5.5
567,34,1,2,0,1,24,2578000,2,0,0,1,0,0,3,2,0,1,0,0,1,1,0,4.0
568,41,2,1,0,1,48,3979000,4,0,0,2,1,0,0,2,0,1,0,0,1,1,0,5.5
569,31,1,2,0,1,48,6758000,3,0,0,1,1,1,1,2,0,0,1,0,0,1,0,2.5
570,23,1,4,1,1,24,3234000,4,0,0,1,1,1,1,0,2,0,1,0,0,0,1,0.5
571,38,1,2,0,1,30,5954000,3,1,0,1,0,0,1,2,0,1,0,0,1,1,0,5.5
572,26,1,4,2,1,24,5433000,2,0,0,1,1,0,0,1,4,0,1,0,0,0,1,0.0
573,22,1,4,1,1,15,806000,4,0,0,1,1,0,1,1,5,0,1,0,0,1,0,2.5
574,27,1,4,1,1,9,1082000,4,0,0,2,1,0,1,2,0,1,0,0,1,1,0,4.0
575,24,1,3,0,1,15,2788000,2,1,0,2,0,0,1,2,2,0,1,0,0,1,0,5.5
576,27,1,1,0,1,12,2930000,2,0,0,1,1,0,1,0,0,0,1,0,0,1,0,5.5
577,33,1,2,0,1,24,1927000,3,0,0,2,0,0,0,2,1,0,1,0,0,1,0,2.5
578,27,1,4,0,1,36,2820000,4,0,0,2,0,1,1,2,3,1,0,0,0,1,0,0.5
579,27,1,3,1,1,24,937000,4,0,0,2,1,0,1,2,8,1,0,1,0,1,0,0.5
580,30,1,3,0,1,18,1056000,3,0,1,2,0,1,1,0,3,1,0,0,1,1,0,4.0
581,49,2,3,1,1,12,3124000,1,0,0,2,0,0,1,0,3,1,0,0,1,1,0,0.5
582,26,1,2,0,1,9,1388000,4,0,0,1,1,0,1,0,2,0,1,0,0,0,1,2.5
583,33,1,1,1,1,36,2384000,4,0,0,1,1,1,1,2,7,1,0,0,1,0,1,0.5
584,52,1,4,2,1,12,2133000,4,0,0,1,1,0,0,2,3,0,1,0,0,0,0,4.0
585,20,1,4,0,1,18,2039000,1,0,0,1,1,1,1,0,2,0,1,0,0,0,1,2.5
586,36,2,2,0,1,9,2799000,2,0,0,2,0,0,1,0,3,1,0,0,1,0,1,2.5
587,21,1,1,1,1,12,1289000,4,0,1,1,1,0,1,1,2,1,0,0,1,1,0,2.5
588,47,1,3,1,1,18,1217000,4,0,0,1,1,1,1,0,6,1,0,1,0,1,0,2.5
589,60,1,3,0,1,12,2246000,3,0,0,2,0,1,1,1,2,1,0,0,1,1,0,4.0
590,58,1,3,1,1,12,385000,4,0,0,4,0,0,1,0,0,0,1,0,0,1,0,5.5
591,42,1,4,0,1,24,1965000,4,0,0,2,2,0,0,2,3,0,1,0,0,0,1,2.5
592,36,1,4,1,1,21,1572000,4,0,0,1,1,0,3,0,5,0,1,0,0,1,0,4.0
593,20,1,4,1,1,24,2718000,3,0,0,1,1,1,1,1,3,0,1,0,0,0,1,2.5
594,40,1,3,2,1,24,1358000,4,0,0,1,4,1,0,2,8,1,0,0,1,1,0,4.0
595,32,1,1,1,1,6,931000,1,0,0,1,4,1,0,1,3,0,1,0,0,1,0,0.5
596,23,1,4,0,1,24,1442000,4,0,0,2,1,1,1,2,3,0,1,0,0,0,1,5.5
597,36,1,4,1,1,24,4241000,1,0,0,3,3,1,1,0,5,1,0,0,1,1,0,2.5
598,31,1,2,0,1,18,2775000,2,0,0,2,0,1,1,1,3,1,0,0,1,1,0,5.5
599,32,1,2,0,1,24,3863000,1,0,0,1,2,0,1,2,5,1,0,0,1,0,0,2.5
600,45,1,1,0,1,7,2329000,1,0,1,1,1,0,1,0,0,0,1,0,0,1,0,0.5
601,30,1,1,0,1,9,918000,4,0,0,1,1,1,1,1,2,0,1,0,0,1,0,2.5
602,34,1,4,1,1,24,1837000,4,0,0,1,4,1,1,2,1,0,1,0,0,0,0,5.5
603,28,1,2,2,1,36,3349000,4,0,0,1,1,1,1,2,2,0,1,0,0,1,0,2.5
604,23,1,2,0,1,10,1275000,4,0,0,1,1,0,1,1,2,0,1,0,0,1,0,0.5
605,22,1,4,0,1,24,2828000,4,0,0,1,4,0,2,0,2,1,0,0,1,1,0,2.5
606,74,1,2,2,1,24,4526000,3,0,0,1,0,0,1,0,5,1,0,0,1,1,0,2.5
607,50,1,4,0,1,36,2671000,4,1,0,1,1,1,0,2,0,0,1,0,0,0,0,2.5
608,33,1,1,0,1,18,2051000,4,0,0,1,1,0,1,0,0,1,0,0,1,1,0,0.5
609,45,2,4,0,1,15,1300000,4,0,0,1,1,0,0,2,4,1,0,0,1,0,0,4.0
610,22,1,3,0,1,12,741000,4,0,0,1,1,1,0,1,6,0,1,0,0,1,0,0.0
611,48,2,4,1,1,10,1240000,1,0,0,1,1,1,0,2,3,0,1,0,0,0,0,4.0
612,29,1,2,0,1,21,3357000,4,0,0,1,1,0,3,2,0,0,1,0,0,1,0,0.5
613,22,1,4,0,0,24,3632000,1,0,1,1,4,0,1,2,4,0,1,0,0,0,1,2.5
614,22,1,1,0,1,18,1808000,4,0,0,1,2,1,1,0,2,0,1,0,0,1,0,5.5
615,48,1,2,2,1,48,12204000,2,0,0,1,3,0,0,2,5,1,0,0,1,1,0,2.5
616,27,1,2,2,1,60,9157000,2,0,0,1,2,0,0,2,0,1,0,0,1,0,0,2.5
617,37,2,3,0,1,6,3676000,1,0,0,3,0,0,1,0,3,1,0,0,1,0,1,2.5
618,21,1,4,0,1,30,3441000,2,1,0,1,1,1,0,2,2,0,1,0,0,0,1,2.5
619,49,1,2,1,1,12,640000,4,0,0,1,1,0,1,0,3,1,0,0,0,1,0,2.5
620,27,1,3,0,1,21,3652000,2,0,0,2,0,0,1,1,5,1,0,0,1,1,0,5.5
621,32,1,2,0,1,18,1530000,3,0,0,2,0,1,1,1,3,1,0,0,1,1,0,2.5
622,38,1,2,0,1,48,3914000,4,0,0,1,1,1,0,0,5,1,0,0,0,1,0,2.5
623,22,1,1,0,1,12,1858000,4,0,0,1,1,0,1,2,2,0,1,0,0,0,1,0.5
624,65,1,4,0,1,18,2600000,4,0,0,2,1,1,1,2,0,1,0,0,1,0,0,2.5
625,35,1,2,0,1,15,1979000,4,0,0,1,1,0,0,2,0,1,0,0,1,1,0,4.0
626,41,1,2,0,1,6,2116000,2,0,0,1,1,0,1,0,2,1,0,0,1,1,0,2.5
627,29,1,3,0,1,9,1437000,2,0,0,1,4,1,0,2,3,1,0,0,1,1,0,5.5
628,36,1,4,0,1,42,4042000,4,0,0,2,0,0,2,0,2,1,0,0,1,1,0,2.5
629,64,1,4,1,1,9,3832000,1,0,0,1,1,0,0,0,1,1,0,0,1,1,0,4.0
630,28,1,4,0,1,24,3660000,2,0,0,1,1,0,1,2,0,0,1,0,0,1,0,2.5
631,44,1,3,0,1,18,1553000,4,0,0,1,4,1,1,2,2,1,0,0,1,1,0,2.5
632,23,1,1,0,1,15,1444000,4,0,0,1,1,0,0,1,0,1,0,0,1,1,0,0.5
633,19,1,2,0,1,9,1980000,2,1,0,2,1,1,1,2,2,0,1,0,0,0,1,0.5
634,25,1,4,1,1,24,1355000,3,0,0,1,1,1,1,2,3,0,1,0,0,1,0,0.5
635,47,2,4,0,1,12,1393000,4,0,0,3,1,0,1,1,1,1,0,0,1,1,0,4.0
636,28,1,1,0,1,24,1376000,4,0,0,1,1,0,2,2,0,0,1,0,0,1,0,5.5
637,21,1,4,0,1,60,15653000,2,0,0,2,2,0,1,2,0,1,0,0,1,1,0,5.5
638,34,2,3,0,1,12,1493000,4,0,0,1,1,0,1,2,0,0,1,0,0,1,0,0.5
639,26,2,2,0,1,42,4370000,3,0,0,2,2,1,1,1,0,1,0,0,1,1,0,5.5
640,27,1,1,3,1,18,750000,4,0,0,1,1,1,1,0,1,0,1,0,0,1,0,0.0
641,38,1,4,1,1,15,1308000,4,0,0,2,1,0,1,2,7,1,0,0,1,1,0,4.0
642,40,1,2,2,1,15,4623000,3,0,0,1,1,1,0,1,1,1,0,0,1,1,0,2.5
643,33,1,2,0,1,24,1851000,4,0,1,2,0,0,1,2,0,1,0,1,0,1,0,5.5
644,32,1,1,2,1,18,1880000,4,0,0,2,0,0,1,1,0,1,0,1,0,1,0,5.5
645,27,1,4,0,1,36,7980000,4,0,0,2,2,1,0,2,5,1,0,0,1,0,1,0.5
646,32,1,2,0,1,30,4583000,2,0,1,2,3,0,1,0,2,1,0,0,0,1,0,2.5
647,26,1,2,0,1,12,1386000,2,0,0,1,1,1,2,1,3,0,1,0,0,1,0,2.5
648,38,2,3,0,1,24,947000,4,0,0,1,1,1,1,2,3,1,0,0,1,0,0,5.5
649,40,2,4,1,1,12,684000,4,0,0,1,1,1,1,2,1,1,0,0,1,0,1,2.5
650,50,1,1,2,1,48,7476000,4,0,0,1,1,0,1,2,1,1,0,0,1,0,0,5.5
651,37,1,2,1,1,12,1922000,4,0,0,1,1,1,1,1,2,1,0,0,1,1,0,2.5
652,45,1,1,0,1,24,2303000,4,1,0,1,1,1,1,0,3,1,0,0,1,1,0,4.0
653,42,1,4,2,1,36,8086000,2,0,0,4,2,1,0,2,3,1,0,0,1,1,0,4.0
654,35,1,3,0,1,24,2346000,4,0,0,2,0,0,1,2,4,1,0,0,1,1,0,5.5
655,22,1,4,0,1,14,3973000,1,0,0,1,1,0,1,2,3,1,0,0,1,0,0,0.0
656,41,2,4,1,1,12,888000,4,0,0,1,1,1,1,2,3,1,0,0,1,1,0,4.0
657,37,1,3,0,1,48,10222000,4,0,0,1,1,0,0,2,0,1,0,0,1,1,0,5.5
658,28,1,1,0,1,30,4221000,2,0,0,2,3,0,1,2,5,0,1,0,0,1,0,2.5
659,41,1,1,0,1,18,6361000,2,0,0,1,0,0,1,2,2,1,0,0,1,1,0,4.0
660,23,1,4,0,1,12,1297000,3,0,0,1,1,0,1,0,0,1,0,1,0,0,1,2.5
661,23,1,2,0,1,12,900000,4,0,0,1,1,1,0,2,3,1,0,1,0,1,0,2.5
662,50,1,2,0,1,21,2241000,4,0,0,2,1,0,1,0,2,1,0,0,1,1,0,4.0
663,35,1,1,2,1,6,1050000,4,0,0,2,2,0,1,1,2,1,0,0,1,1,0,0.0
664,50,1,4,1,1,6,1047000,2,0,0,1,0,0,1,1,1,0,1,0,0,1,0,2.5
665,27,1,2,2,1,24,6314000,4,1,0,2,0,0,1,2,8,1,0,0,1,1,0,0.0
666,34,2,2,0,1,30,3496000,4,0,0,1,4,0,3,2,2,1,0,0,1,1,0,2.5
667,27,1,1,0,1,48,3609000,1,0,0,1,4,0,1,0,5,0,1,0,0,1,0,2.5
668,43,1,4,0,1,12,4843000,3,1,0,2,0,1,1,1,3,1,0,0,1,0,1,4.0
669,47,1,4,0,1,30,3017000,4,0,0,1,0,0,1,1,0,1,0,0,1,1,0,4.0
670,27,1,3,1,1,24,4139000,3,0,0,2,0,0,0,1,5,1,0,0,1,1,0,2.5
671,31,1,2,0,1,36,5742000,2,0,0,2,1,0,0,2,5,1,0,0,1,1,0,5.5
672,42,1,4,2,1,60,10366000,2,0,0,1,1,0,1,1,3,1,0,0,1,1,0,4.0
673,24,1,2,0,1,6,2080000,1,0,0,1,0,0,2,2,3,1,0,1,0,1,0,2.5
674,41,2,2,1,1,21,2580000,4,0,0,1,2,1,2,0,5,1,0,0,1,1,0,0.5
675,26,1,4,2,1,30,4530000,4,0,0,1,0,0,1,2,0,0,1,0,0,0,1,5.5
676,33,1,4,0,1,24,5150000,4,0,0,1,0,0,1,2,2,1,0,0,1,1,0,4.0
677,24,1,2,0,1,72,5595000,2,0,0,1,1,1,0,2,0,1,0,1,0,1,0,2.5
678,64,1,4,1,1,24,2384000,4,0,0,1,1,0,1,0,0,1,0,0,1,0,1,4.0
679,26,1,1,0,1,18,1453000,3,0,0,1,1,0,1,0,0,0,1,0,0,1,0,0.5
680,56,1,2,0,1,6,1538000,1,0,0,1,1,0,1,2,1,0,1,0,0,1,0,0.5
681,37,1,4,0,1,12,2279000,4,0,0,1,1,0,0,2,0,1,0,0,1,0,0,2.5
682,33,1,3,0,1,15,1478000,4,0,0,2,2,0,1,0,0,1,0,1,0,1,0,2.5
683,47,1,3,0,1,24,5103000,3,0,0,3,0,0,1,2,0,1,0,1,0,0,0,0.5
684,31,2,3,1,1,36,9857000,1,0,0,2,2,0,0,1,5,1,0,0,1,1,0,5.5
685,34,2,4,0,1,60,6527000,4,0,0,1,1,0,0,2,3,1,0,0,1,0,0,2.5
686,27,1,2,0,1,10,1347000,4,0,0,2,0,0,0,1,0,1,0,0,1,1,0,5.5
687,30,1,3,0,1,36,2862000,4,0,0,1,2,0,0,2,3,1,0,0,1,0,0,4.0
688,35,1,4,0,1,9,2753000,3,1,0,1,1,0,0,2,0,1,0,0,1,1,0,4.0
689,31,2,3,0,1,12,3651000,1,0,0,1,1,0,3,1,3,1,0,0,1,1,0,2.5
690,25,1,3,0,1,15,975000,2,0,0,2,0,0,1,1,2,1,0,0,0,1,0,2.5
691,25,1,2,1,1,15,2631000,3,0,0,1,1,0,0,0,7,0,1,0,0,1,0,2.5
692,29,1,1,0,1,24,2896000,2,0,0,1,1,0,0,2,0,1,0,0,1,1,0,0.5
693,44,2,3,1,1,6,4716000,1,0,0,2,0,0,0,0,3,1,0,0,1,1,0,0.5
694,28,1,2,0,1,24,2284000,4,0,0,1,1,0,1,2,0,1,0,0,1,1,0,5.5
695,50,1,4,0,1,6,1236000,2,0,0,1,1,0,2,1,4,1,0,0,1,0,1,2.5
696,29,1,3,0,0,12,1103000,4,0,1,2,1,0,1,0,0,1,0,0,1,1,0,5.5
697,38,1,2,3,1,12,926000,1,0,0,1,0,0,1,1,3,0,1,0,0,1,0,0.0
698,24,1,2,0,1,18,1800000,4,0,0,2,0,0,1,2,0,1,0,0,1,1,0,2.5
699,40,1,4,2,1,15,1905000,4,0,0,1,1,0,1,2,1,1,0,0,1,0,1,4.0
700,29,1,4,1,1,12,1123000,4,0,0,1,1,1,2,2,2,0,1,0,0,0,1,2.5
701,46,1,4,0,1,48,6331000,4,0,0,2,0,1,1,2,4,1,0,0,1,0,0,4.0
702,47,1,2,0,1,24,1377000,4,0,0,1,1,0,0,2,0,0,1,0,0,0,0,4.0
703,41,1,2,0,1,30,2503000,4,0,0,2,2,0,0,1,5,1,0,0,1,1,0,4.0
704,32,2,1,0,1,27,2528000,4,0,0,1,1,0,1,1,5,0,1,0,0,1,0,0.5
705,35,1,4,0,1,15,5324000,1,0,0,1,1,0,2,2,3,0,1,0,0,0,0,4.0
706,24,1,2,0,1,48,6560000,3,0,0,1,1,1,0,1,3,1,0,0,1,1,0,5.5
707,25,1,3,0,1,12,2969000,4,0,0,2,3,1,1,1,2,0,1,0,0,0,1,0.5
708,25,1,4,0,1,9,1206000,4,0,0,1,1,0,1,0,0,0,1,0,0,1,0,4.0
709,37,2,2,1,1,9,2118000,2,0,0,1,1,0,1,0,0,1,0,0,1,1,0,2.5
710,32,1,3,2,1,18,629000,4,0,0,2,0,0,2,1,0,1,0,0,1,1,0,4.0
711,35,1,4,0,1,6,1198000,4,0,0,1,4,1,1,2,1,0,1,0,0,0,0,4.0
712,46,1,4,2,1,21,2476000,4,0,0,1,1,0,0,0,4,1,0,0,1,1,0,4.0
713,25,1,4,1,1,9,1138000,4,0,0,2,0,0,1,0,0,1,0,0,1,1,0,2.5
714,27,1,2,2,1,60,14027000,4,0,0,1,1,1,1,2,3,1,0,0,1,1,0,5.5
715,63,1,4,0,1,30,7596000,1,0,0,2,0,0,0,2,4,1,0,0,1,1,0,4.0
716,40,2,2,0,1,30,3077000,3,0,0,2,0,0,0,2,0,1,0,0,1,1,0,4.0
717,32,1,2,2,1,18,1505000,4,0,0,1,1,0,1,2,0,1,0,0,1,0,0,2.5
718,31,1,2,0,1,24,3148000,3,0,0,2,0,0,0,2,0,1,0,0,1,1,0,2.5
719,31,1,4,0,1,20,6148000,3,0,0,2,3,0,0,2,4,1,0,1,0,1,0,4.0
720,34,1,2,2,1,9,1337000,4,0,0,2,3,1,1,2,0,1,0,0,1,1,0,0.5
721,24,2,2,0,1,6,433000,4,0,0,1,4,1,3,1,1,0,1,0,0,0,1,0.5
722,24,1,2,1,1,12,1228000,4,0,0,1,1,1,1,0,3,0,1,0,0,1,0,2.5
723,66,1,3,1,1,9,790000,4,0,0,1,1,0,2,0,0,0,1,0,0,1,0,2.5
724,21,1,3,0,1,27,2570000,3,0,0,1,1,1,1,0,3,0,1,0,0,0,1,2.5
725,41,1,2,1,1,6,250000,2,0,0,2,0,0,3,0,3,0,1,0,0,1,0,2.5
726,47,1,2,1,1,15,1316000,2,0,0,2,0,0,2,1,0,1,0,1,0,1,0,2.5
727,25,1,4,0,1,18,1882000,4,0,0,2,1,1,1,2,0,0,1,0,0,0,1,2.5
728,59,1,3,0,1,48,6416000,4,0,0,1,4,1,1,2,5,0,1,0,0,0,1,4.0
729,36,1,4,0,1,24,1275000,2,0,0,2,0,0,3,0,5,1,0,0,0,1,0,2.5
730,33,1,2,0,1,24,6403000,1,0,0,1,2,0,1,2,0,1,0,0,1,1,0,0.5
731,21,2,4,1,1,24,1987000,2,0,0,1,1,1,1,0,0,1,0,0,1,0,1,2.5
732,44,1,2,1,1,8,760000,4,0,1,1,1,0,1,0,0,0,1,0,0,1,0,5.5
733,28,1,4,0,1,24,2603000,2,0,0,1,1,0,3,2,4,0,1,0,0,0,1,2.5
734,37,2,1,0,1,4,3380000,1,0,0,1,0,0,1,0,3,0,1,0,0,1,0,5.5
735,29,1,2,3,1,36,3990000,3,0,0,1,4,0,0,2,6,0,1,0,0,1,0,0.5
736,23,1,4,2,1,24,11560000,1,0,0,2,1,1,1,2,4,0,1,0,0,0,1,2.5
737,35,2,4,1,1,18,4380000,3,0,0,1,1,0,0,2,3,1,0,0,1,1,0,2.5
738,45,2,3,2,1,6,6761000,1,0,0,2,0,0,1,2,3,1,0,0,1,1,0,5.5
739,26,1,4,1,1,30,4280000,4,0,0,2,3,1,0,2,5,0,1,0,0,0,1,2.5
740,32,1,3,0,1,24,2325000,2,0,0,1,4,0,0,2,3,1,0,0,1,1,0,5.5
741,23,1,4,1,1,10,1048000,4,0,0,1,4,0,1,0,0,1,0,0,1,1,0,2.5
742,41,1,3,0,1,21,3160000,4,0,0,1,1,0,0,1,0,1,0,0,1,1,0,4.0
743,22,1,4,0,1,24,2483000,4,0,0,1,4,0,2,0,2,1,0,0,1,1,0,2.5
744,30,1,4,2,1,39,14179000,4,0,0,2,0,0,0,1,2,1,0,0,1,1,0,5.5
745,28,1,1,1,1,13,1797000,3,0,0,2,0,0,1,1,5,1,0,0,1,1,0,0.5
746,23,1,4,0,1,15,2511000,1,0,0,1,1,0,1,2,3,0,1,0,0,0,1,0.0
747,37,1,1,1,1,12,1274000,3,0,0,1,1,1,1,0,3,0,1,0,0,1,0,0.5
748,26,1,3,0,1,21,5248000,1,0,0,1,1,0,0,2,4,1,0,0,1,1,0,2.5
749,33,1,2,0,1,15,3029000,2,0,0,1,1,0,1,2,4,1,0,0,1,1,0,5.5
750,49,1,1,0,1,6,428000,2,0,0,1,1,0,1,1,2,0,1,0,0,1,0,4.0
751,23,1,2,1,1,18,976000,1,0,0,1,1,1,1,2,3,0,1,0,0,1,0,0.5
752,23,1,4,1,1,12,841000,2,0,0,1,1,0,0,0,5,0,1,0,0,0,1,5.5
753,25,1,2,0,1,30,5771000,4,0,0,2,0,0,1,2,0,0,1,0,0,1,0,5.5
754,55,2,4,0,1,12,1555000,4,0,0,2,2,1,3,2,7,1,0,0,1,0,0,4.0
755,32,1,4,0,1,24,1285000,4,0,0,1,1,1,0,2,3,0,1,0,0,0,1,5.5
756,74,2,1,3,0,6,1299000,1,0,0,3,0,0,1,0,3,1,0,0,1,1,0,2.5
757,39,1,4,0,1,15,1271000,3,0,0,2,0,1,0,2,0,1,0,0,1,0,0,2.5
758,31,1,2,0,1,24,1393000,2,0,1,1,1,0,1,0,3,1,0,0,1,1,0,2.5
759,35,1,3,0,1,12,691000,4,0,0,2,0,1,1,1,3,1,0,0,1,1,0,4.0
760,59,1,4,0,1,15,5045000,1,0,0,1,0,0,0,2,3,0,1,0,0,1,0,4.0
761,24,1,4,0,1,18,2124000,4,0,0,2,0,1,1,0,2,0,1,0,0,0,1,2.5
762,24,1,3,1,1,12,2214000,4,0,0,1,1,0,1,1,0,1,0,0,1,1,0,2.5
763,30,1,4,2,1,21,12680000,4,0,0,1,0,1,0,2,3,1,0,0,1,0,0,4.0
764,27,1,3,0,1,24,2463000,4,0,0,2,0,0,0,1,3,1,0,1,0,1,0,5.5
765,40,1,3,1,1,12,1155000,3,0,1,2,1,0,1,0,0,1,0,1,0,1,0,4.0
766,31,1,4,1,1,30,3108000,2,0,0,1,1,1,1,1,2,1,0,0,0,1,0,0.5
767,31,1,4,0,1,10,2901000,1,0,0,1,1,0,0,0,4,0,1,0,0,0,1,0.5
768,28,1,4,0,1,12,3617000,1,0,0,3,0,0,1,2,2,1,0,0,1,0,1,4.0
769,63,1,4,1,1,12,1655000,2,0,0,2,0,0,1,0,0,1,0,0,1,1,0,4.0
770,26,1,4,0,1,24,2812000,2,0,0,1,1,0,0,0,4,0,1,0,0,0,1,4.0
771,25,1,2,2,1,36,8065000,3,0,0,2,0,1,1,2,1,0,1,0,0,1,0,2.5
772,36,1,4,2,1,21,3275000,1,0,0,1,0,0,1,2,4,1,0,0,1,1,0,4.0
773,52,1,4,0,1,24,2223000,4,0,0,2,0,0,0,1,0,1,0,0,1,1,0,4.0
774,66,1,4,3,1,12,1480000,2,0,0,3,0,0,2,2,3,1,0,0,1,0,0,0.0
775,25,1,4,0,1,24,1371000,4,0,0,1,1,1,0,0,3,0,1,0,0,0,1,2.5
776,37,1,4,0,1,36,3535000,4,0,0,2,0,0,1,2,3,1,0,0,1,1,0,5.5
777,25,1,1,0,1,18,3509000,4,0,1,1,1,0,1,0,0,0,1,0,0,1,0,5.5
778,38,1,2,2,1,36,5711000,4,0,0,2,0,0,3,2,4,1,0,0,1,1,0,4.0
779,67,1,4,0,1,18,3872000,2,0,0,1,1,0,1,2,7,0,1,0,0,1,0,0.0
780,25,1,2,0,1,39,4933000,2,0,1,2,0,1,1,0,0,1,0,0,1,1,0,5.5
781,60,1,4,0,1,24,1940000,4,0,0,1,0,0,3,0,3,1,0,0,1,1,0,4.0
782,31,1,2,1,1,12,1410000,2,0,0,1,3,0,1,0,8,1,0,0,1,1,0,2.5
783,23,1,2,1,1,12,836000,4,0,0,1,1,1,0,1,3,0,1,0,0,1,0,0.5
784,60,1,4,2,1,20,6468000,1,0,0,1,1,0,0,0,4,1,0,0,0,1,0,0.0
785,35,1,2,1,1,18,1941000,4,0,0,1,1,0,3,1,5,1,0,0,1,1,0,2.5
786,40,1,4,0,1,22,2675000,3,0,0,1,1,0,2,2,0,1,0,0,1,1,0,4.0
787,38,2,3,0,1,48,2751000,4,0,0,2,0,0,0,2,4,1,0,0,1,1,0,4.0
788,50,1,4,0,1,48,6224000,4,0,0,1,2,1,1,2,1,1,0,0,1,0,0,4.0
789,27,1,3,0,1,40,5998000,4,0,0,1,0,1,1,2,1,1,0,0,1,1,0,2.5
790,39,2,4,0,1,21,1188000,2,0,0,1,1,1,1,1,5,0,1,0,0,1,0,4.0
791,41,2,4,2,1,24,6313000,3,0,0,1,1,0,0,2,4,1,0,0,1,1,0,4.0
792,27,1,2,0,1,6,1221000,1,0,0,2,0,0,0,1,2,1,0,1,0,1,0,2.5
793,51,1,4,0,1,24,2892000,3,0,0,1,1,0,1,2,2,1,0,0,0,0,0,4.0
794,32,1,3,0,1,24,3062000,4,0,0,1,1,0,2,2,2,1,0,0,1,0,1,4.0
795,22,1,4,0,1,9,2301000,2,0,0,1,1,0,0,1,2,0,1,0,0,0,1,0.5
796,51,2,4,0,1,18,7511000,1,0,0,1,1,1,0,1,4,1,0,0,1,0,0,4.0
797,22,1,4,1,1,12,1258000,2,0,0,2,0,0,1,1,2,0,1,0,0,0,1,0.5
798,54,1,4,0,1,24,717000,4,0,0,2,2,0,0,2,3,1,0,1,0,1,0,4.0
799,35,1,2,3,1,9,1549000,4,0,0,1,1,0,0,0,3,1,0,0,1,1,0,0.5
800,54,2,4,0,1,24,1597000,4,0,0,2,0,0,1,2,1,1,0,0,1,0,0,4.0
801,48,1,4,1,1,18,1795000,3,0,1,2,0,0,1,0,0,0,1,0,0,0,1,4.0
802,24,1,4,0,1,20,4272000,1,0,0,2,0,0,1,1,2,0,1,0,0,1,0,4.0
803,35,1,4,0,1,12,976000,4,0,0,2,0,0,0,2,0,1,0,0,1,1,0,4.0
804,24,1,2,3,1,12,7472000,1,0,0,1,1,0,0,0,3,0,1,0,0,0,1,0.0
805,24,1,1,0,1,36,9271000,2,0,0,1,1,1,1,2,3,1,0,0,1,1,0,5.5
806,26,1,3,1,0,6,590000,3,0,0,1,1,0,1,0,0,1,0,1,0,1,0,0.5
807,65,1,4,0,1,12,930000,4,0,0,4,0,0,0,0,0,1,0,0,1,1,0,4.0
808,55,1,2,2,1,42,9283000,1,0,0,1,4,0,1,2,4,1,0,0,1,0,0,0.0
809,26,1,1,3,1,15,1778000,2,0,0,2,3,1,1,0,3,0,1,0,0,0,1,0.5
810,26,1,2,0,1,8,907000,3,0,0,1,1,0,1,0,5,1,0,1,0,1,0,0.5
811,28,1,3,1,1,6,484000,3,0,1,1,1,0,1,0,0,1,0,1,0,1,0,5.5
812,24,1,4,0,1,36,9629000,4,0,0,2,0,1,1,2,4,1,0,0,1,1,0,5.5
813,54,1,4,0,1,48,3051000,3,0,0,1,1,1,1,2,6,1,0,0,1,1,0,2.5
814,46,2,4,0,1,48,3931000,4,0,0,1,1,1,1,2,3,1,0,0,1,0,0,5.5
815,54,1,2,0,1,36,7432000,2,0,0,1,2,0,1,1,3,0,1,0,0,0,1,2.5
816,62,1,4,0,1,6,1338000,1,0,0,1,1,0,2,0,6,1,0,0,0,1,0,2.5
817,24,1,2,0,1,6,1554000,1,0,0,2,0,0,1,2,0,0,1,0,0,0,1,5.5
818,43,1,3,2,1,36,15857000,2,1,0,1,1,0,1,2,8,1,0,0,0,1,0,0.0
819,26,1,3,0,1,18,1345000,4,0,0,1,1,1,1,0,0,1,0,1,0,1,0,2.5
820,27,1,2,0,1,12,1101000,3,0,0,2,1,0,1,0,3,1,0,1,0,1,0,2.5
821,24,1,1,0,1,12,3016000,3,0,0,1,1,0,1,2,0,1,0,1,0,1,0,2.5
822,41,2,2,0,1,36,2712000,2,0,0,1,1,1,1,1,2,1,0,0,1,1,0,4.0
823,47,1,4,1,1,8,731000,4,0,0,2,0,0,1,0,3,1,0,0,1,1,0,4.0
824,35,1,2,2,1,18,3780000,3,0,0,2,0,0,1,2,2,1,0,0,0,1,0,0.5
825,30,1,3,0,1,21,1602000,4,0,0,2,0,0,1,2,3,1,0,1,0,1,0,4.0
826,33,1,4,0,1,18,3966000,1,0,0,3,0,1,1,0,3,0,1,0,0,0,1,4.0
827,36,2,2,0,1,18,4165000,2,0,0,2,3,1,1,2,5,1,0,0,1,1,0,2.5
828,47,1,4,0,1,36,8335000,3,0,0,1,1,1,0,2,4,1,0,0,1,0,0,4.0
829,38,2,4,0,1,48,6681000,4,0,0,1,2,0,0,2,5,1,0,0,1,0,0,2.5
830,44,2,2,0,1,24,2375000,4,0,0,2,2,0,2,2,5,1,0,0,1,1,0,2.5
831,23,1,3,0,1,18,1216000,4,0,0,1,1,1,1,2,3,0,1,0,0,0,1,0.5
832,29,1,4,0,1,45,11816000,2,0,0,2,3,1,1,2,5,1,0,0,1,0,1,4.0
833,42,1,4,0,1,24,5084000,2,0,0,1,1,0,0,2,0,0,1,0,0,1,0,4.0
834,25,1,3,1,1,15,2327000,2,0,0,1,1,1,1,0,0,0,1,0,0,1,0,0.5
835,48,1,4,0,1,12,1082000,4,0,0,2,3,1,1,2,3,1,0,0,1,1,0,2.5
836,21,1,2,0,1,12,886000,4,0,0,1,1,0,0,2,0,0,1,0,0,1,0,2.5
837,23,2,3,1,1,4,601000,1,0,0,1,1,0,1,0,2,0,1,0,0,0,1,0.5
838,63,1,4,0,1,24,2957000,4,0,0,2,0,0,1,1,4,1,0,0,1,1,0,4.0
839,46,1,3,0,1,24,2611000,4,1,0,2,0,0,1,0,0,1,0,1,0,1,0,4.0
840,29,1,2,0,1,36,5179000,4,0,0,1,1,1,1,1,2,1,0,0,1,1,0,5.5
841,28,1,2,1,1,21,2993000,3,0,0,2,2,0,1,0,4,1,0,0,1,1,0,2.5
842,23,1,4,0,1,18,1943000,4,0,0,1,1,1,1,0,7,0,1,0,0,1,0,0.5
843,50,1,4,0,1,24,1559000,4,0,0,1,4,0,1,2,5,1,0,0,1,1,0,5.5
844,47,2,4,0,1,18,3422000,4,0,0,3,1,0,1,1,2,1,0,0,1,1,0,4.0
845,35,1,3,0,1,21,3976000,2,0,0,1,1,0,0,2,2,1,0,0,1,1,0,5.5
846,68,1,4,0,1,18,6761000,2,0,0,2,1,1,0,2,3,1,0,0,1,0,1,2.5
847,28,1,2,0,1,24,1249000,4,0,0,1,1,0,1,0,3,1,0,1,0,1,0,0.5
848,59,1,4,0,1,9,1364000,3,0,0,1,1,0,1,0,0,1,0,0,1,1,0,5.5
849,57,1,4,1,1,12,709000,4,0,0,1,1,1,1,0,0,1,0,0,1,1,0,4.0
850,33,1,2,0,0,20,2235000,4,0,1,2,0,1,1,1,3,1,0,1,0,0,1,2.5
851,43,1,4,0,1,24,4042000,3,0,0,2,0,0,0,1,4,1,0,0,1,1,0,5.5
852,35,1,4,0,1,15,1471000,4,0,0,2,0,0,1,2,0,1,0,0,1,0,0,2.5
853,32,2,4,1,1,18,1442000,4,0,0,2,4,1,1,2,3,1,0,0,1,0,0,5.5
854,45,2,2,0,1,36,10875000,2,0,0,2,2,0,1,2,3,1,0,0,1,1,0,4.0
855,33,1,3,0,1,24,1474000,4,0,0,1,1,0,0,0,3,1,0,1,0,1,0,0.5
856,40,1,3,0,1,10,894000,4,0,0,1,1,0,0,1,8,0,1,0,0,1,0,5.5
857,28,1,2,0,1,15,3343000,4,0,0,1,0,0,1,2,2,1,0,0,1,0,0,2.5
858,29,1,2,0,1,15,3959000,3,0,0,1,1,1,1,1,3,0,1,0,0,1,0,2.5
859,26,2,2,0,0,9,3577000,1,0,1,1,1,0,0,0,3,1,0,0,1,0,1,2.5
860,27,1,2,0,1,24,5804000,4,0,0,2,0,0,3,0,4,1,0,0,1,1,0,2.5
861,28,1,2,0,1,18,2169000,4,0,0,1,2,1,1,2,5,1,0,1,0,1,0,2.5
862,35,1,4,0,1,24,2439000,4,0,0,1,1,1,1,0,0,0,1,0,0,1,0,0.5
863,32,2,2,1,1,27,4526000,4,0,0,2,0,0,3,0,2,1,0,0,1,1,0,0.5
864,25,1,2,1,1,10,2210000,2,0,0,1,1,1,1,0,2,1,0,0,1,0,1,2.5
865,20,1,4,0,1,15,2221000,2,0,0,1,1,0,2,2,2,0,1,0,0,0,1,2.5
866,27,1,1,0,1,18,2389000,4,0,0,1,1,0,1,2,0,0,1,0,0,1,0,0.5
867,42,1,4,0,1,12,3331000,2,0,0,1,0,0,1,1,2,1,0,0,1,1,0,4.0
868,37,1,2,0,1,36,7409000,3,0,0,2,1,0,0,1,5,1,0,0,1,1,0,4.0
869,24,1,4,0,1,12,652000,4,0,0,1,1,0,1,1,2,0,1,0,0,0,1,4.0
870,40,1,4,0,1,36,7678000,2,0,0,2,2,0,2,2,2,0,1,0,0,1,0,5.5
871,46,2,4,0,0,6,1343000,1,0,0,2,0,0,1,0,3,1,0,0,1,1,0,4.0
872,26,1,1,0,1,24,1382000,4,0,0,2,0,0,0,0,5,1,0,0,1,1,0,5.5
873,24,1,1,0,1,15,874000,4,0,0,1,1,0,0,0,6,0,1,0,0,1,0,0.5
874,29,2,2,1,1,12,3590000,2,1,0,1,1,0,1,1,2,1,0,0,1,1,0,2.5
875,40,1,4,0,1,11,1322000,4,0,0,2,0,0,3,2,3,0,1,0,0,1,0,2.5
876,36,1,4,2,1,18,1940000,3,1,0,1,4,0,1,2,0,1,0,0,1,0,0,0.5
877,28,1,2,0,1,36,3595000,4,0,0,1,1,0,1,2,0,1,0,0,1,1,0,4.0
878,27,1,2,2,1,9,1422000,3,0,0,1,1,1,1,2,3,1,0,0,1,0,0,0.5
879,36,1,3,0,1,30,6742000,2,0,0,2,0,0,0,1,0,1,0,0,1,1,0,5.5
880,38,1,3,2,1,24,7814000,3,0,0,1,1,0,1,2,4,1,0,0,1,1,0,5.5
881,48,1,4,0,1,24,9277000,2,0,0,1,1,0,0,2,4,1,0,0,0,0,0,2.5
882,36,1,4,0,1,30,2181000,4,0,0,2,0,0,0,0,3,1,0,0,1,1,0,4.0
883,65,1,4,3,1,18,1098000,4,0,0,2,0,0,1,2,0,0,1,0,0,1,0,0.0
884,43,1,3,0,1,24,4057000,3,0,0,1,1,1,1,2,2,1,0,0,0,1,0,5.5
885,53,1,4,0,1,12,795000,4,0,0,1,1,1,1,1,1,0,1,0,0,1,0,0.5
886,34,2,3,0,1,24,2825000,4,0,0,2,0,0,0,2,5,1,0,0,1,1,0,5.5
887,23,1,2,0,1,48,15672000,2,0,0,1,1,1,1,2,5,1,0,0,1,1,0,2.5
888,34,1,4,2,1,36,6614000,4,0,0,2,0,0,1,2,3,1,0,0,1,1,0,4.0
889,40,2,4,0,1,28,7824000,3,0,1,2,4,0,0,0,4,1,0,0,1,0,1,0.5
890,43,2,4,2,1,27,2442000,4,0,0,4,0,0,1,2,5,1,0,0,1,1,0,4.0
891,46,1,4,0,1,15,1829000,4,0,0,2,0,0,1,2,0,1,0,0,1,1,0,4.0
892,38,1,4,1,0,12,2171000,4,0,0,2,0,0,1,1,3,1,0,0,1,1,0,2.5
893,34,1,4,0,1,36,5800000,3,0,0,2,0,0,1,2,4,1,0,0,1,1,0,2.5
894,29,1,3,0,1,18,1169000,4,0,0,2,0,0,0,1,0,1,0,0,1,1,0,2.5
895,31,2,2,2,1,36,8947000,3,0,0,1,2,0,0,2,4,1,0,0,1,1,0,5.5
896,28,1,4,2,1,21,2606000,4,0,0,1,1,0,1,1,0,0,1,0,0,0,1,0.5
897,35,1,2,0,0,12,1592000,3,0,0,1,0,0,3,1,2,0,1,0,0,1,0,5.5
898,33,1,4,1,1,15,2186000,1,0,0,1,1,0,0,0,2,0,1,0,0,0,1,5.5
899,42,1,3,0,1,18,4153000,2,1,0,1,1,1,1,2,2,1,0,0,1,1,0,2.5
900,43,1,4,0,1,16,2625000,2,0,1,1,0,1,1,1,3,1,0,0,1,0,1,4.0
901,44,1,4,0,1,20,3485000,2,0,0,2,0,0,0,0,3,1,0,0,0,1,0,0.5
902,42,1,4,0,1,36,10477000,2,0,0,2,0,0,0,2,4,1,0,0,1,0,0,4.0
903,40,1,2,0,1,15,1386000,4,0,0,1,1,0,0,0,0,1,0,1,0,0,1,2.5
904,36,1,1,2,1,24,1278000,4,0,0,1,1,0,1,0,0,1,0,0,1,1,0,4.0
905,20,2,2,2,1,12,1107000,2,0,0,1,1,0,1,0,0,1,0,0,1,0,1,2.5
906,24,1,2,1,0,21,3763000,2,1,0,1,1,0,0,0,3,1,0,0,1,1,0,5.5
907,27,1,2,0,1,36,3711000,2,0,0,1,1,0,0,2,1,1,0,1,0,1,0,2.5
908,46,1,2,1,1,15,3594000,1,0,0,2,2,0,1,1,4,0,1,0,0,1,0,0.5
909,33,1,2,1,1,9,3195000,1,0,0,1,1,0,0,0,3,0,1,0,0,1,0,2.5
910,34,1,4,0,1,36,4454000,4,0,0,2,2,0,1,0,0,0,1,0,0,1,0,2.5
911,25,1,4,1,1,24,4736000,2,0,0,1,0,1,1,2,2,0,1,0,0,1,0,0.5
912,25,1,4,0,1,30,2991000,2,0,0,1,1,0,0,2,0,0,1,0,0,1,0,4.0
913,28,1,2,0,1,11,2142000,1,0,0,1,1,0,3,0,5,1,0,0,0,1,0,4.0
914,31,1,2,0,1,24,3161000,4,0,0,1,4,1,1,1,5,1,0,0,1,0,1,2.5
915,32,1,2,2,0,48,18424000,1,0,0,1,3,1,1,1,8,0,1,0,0,1,0,2.5
916,32,2,2,0,1,10,2848000,1,1,0,1,1,0,0,0,4,1,0,0,1,1,0,2.5
917,68,1,4,2,1,6,14896000,1,0,0,1,1,1,1,2,3,1,0,0,1,1,0,4.0
918,33,1,1,0,1,24,2359000,1,0,0,1,1,1,0,1,2,1,0,0,0,1,0,0.0
919,39,1,2,2,1,24,3345000,4,0,0,1,1,1,1,1,2,1,0,0,1,0,1,4.0
920,28,1,2,0,1,18,1817000,4,0,0,2,0,0,1,2,2,0,1,0,0,1,0,2.5
921,37,1,1,2,1,48,12749000,4,0,0,1,2,0,2,2,0,1,0,0,1,1,0,5.5
922,22,1,4,0,1,9,1366000,3,0,0,1,1,1,1,1,0,0,1,0,0,0,1,0.5
923,30,2,4,0,1,12,2002000,3,0,0,1,1,0,1,1,3,1,0,0,1,0,1,5.5
924,55,1,1,0,1,24,6872000,2,0,0,1,4,1,1,1,2,1,0,0,0,1,0,0.5
925,46,1,2,0,1,12,697000,4,0,0,2,4,1,1,2,3,1,0,0,1,1,0,0.5
926,21,1,4,0,1,18,1049000,4,0,0,1,0,0,1,1,2,0,1,0,0,0,1,0.5
927,39,2,4,0,1,48,10297000,4,0,0,3,1,1,1,2,4,1,0,0,1,0,0,5.5
928,58,1,4,0,1,30,1867000,4,0,0,1,1,0,0,2,0,1,0,0,1,1,0,4.0
929,43,2,2,1,1,12,1344000,4,0,0,2,2,0,1,0,3,1,0,0,1,1,0,2.5
930,24,1,1,1,0,24,1747000,4,1,0,1,1,0,1,1,2,1,0,0,1,1,0,0.5
931,22,1,2,0,1,9,1670000,4,0,0,1,1,1,1,2,0,0,1,0,0,1,0,0.5
932,30,1,1,0,1,9,1224000,3,0,0,2,0,0,1,0,3,1,0,0,1,1,0,2.5
933,42,2,4,0,1,12,522000,4,0,0,2,0,0,2,1,0,1,0,0,1,1,0,4.0
934,23,1,1,0,1,12,1498000,4,0,0,1,1,0,1,2,0,0,1,0,0,1,0,2.5
935,30,1,3,2,1,30,1919000,4,0,0,2,2,1,0,2,0,1,0,0,1,1,0,0.5
936,28,1,2,1,1,9,745000,3,0,0,1,1,1,1,0,0,0,1,0,0,1,0,2.5
937,30,1,3,2,1,6,2063000,4,0,0,1,1,0,1,2,0,1,0,1,0,0,1,0.5
938,42,1,4,0,1,60,6288000,4,0,0,1,1,1,1,2,1,1,0,0,1,0,0,2.5
939,46,2,4,2,1,24,6842000,2,0,0,2,0,0,0,1,4,1,0,0,1,1,0,2.5
940,45,2,3,2,1,12,3527000,2,0,0,1,1,0,0,1,3,1,0,0,1,1,0,0.5
941,31,2,2,1,0,10,1546000,3,0,0,1,1,0,1,0,3,1,0,0,1,1,0,2.5
942,31,1,2,0,1,24,929000,4,0,0,1,1,0,0,2,2,1,0,0,1,1,0,5.5
943,42,2,1,1,1,4,1455000,2,0,0,3,0,0,1,0,3,1,0,0,1,1,0,5.5
944,46,1,1,0,1,15,1845000,4,0,1,1,1,0,1,1,2,0,1,0,0,0,1,0.5
945,30,1,1,0,1,48,8358000,1,0,0,2,3,0,2,2,3,0,1,0,0,1,0,0.5
946,30,2,4,0,1,24,3349000,4,0,0,1,4,1,2,2,2,1,0,0,1,0,0,0.5
947,38,1,4,2,1,12,2859000,4,0,0,1,1,0,0,2,3,1,0,0,1,1,0,0.0
948,43,2,1,1,1,18,1533000,4,1,0,1,1,1,1,1,2,1,0,1,0,1,0,0.5
949,31,1,4,0,1,24,3621000,2,0,0,2,1,1,0,2,0,1,0,0,1,1,0,4.0
950,40,2,3,3,1,18,3590000,3,0,0,3,0,0,1,2,5,1,0,1,0,1,0,0.0
951,24,1,1,0,1,36,2145000,2,0,0,2,2,1,1,2,5,1,0,0,1,1,0,5.5
952,28,1,4,0,1,24,4113000,3,0,0,1,1,1,2,2,4,0,1,0,0,0,1,0.5
953,26,1,2,2,1,36,10974000,4,0,0,2,1,1,1,2,2,0,1,0,0,1,0,0.0
954,29,1,4,0,1,12,1893000,4,0,1,1,1,0,1,1,3,0,1,0,0,1,0,2.5
955,57,1,4,2,1,24,1231000,4,0,0,2,0,0,3,1,0,0,1,0,0,0,1,4.0
956,49,1,4,1,1,30,3656000,4,0,0,2,0,0,0,1,0,1,0,0,1,1,0,4.0
957,37,1,4,1,1,9,1154000,2,0,0,3,0,0,1,0,0,1,0,0,1,1,0,4.0
958,45,1,2,1,1,28,4006000,3,0,0,1,1,1,1,2,3,1,0,0,1,1,0,2.5
959,30,1,4,0,1,24,3069000,4,0,0,1,1,0,0,2,2,1,0,0,1,0,0,4.0
960,30,1,2,0,1,6,1740000,2,0,0,2,0,0,1,0,0,1,0,1,0,0,1,4.0
961,47,1,4,0,1,21,2353000,1,0,0,2,2,0,1,1,3,1,0,0,0,1,0,2.5
962,29,1,2,0,1,15,3556000,3,0,0,1,1,0,0,2,3,1,0,0,1,1,0,2.5
963,35,1,2,0,1,24,2397000,3,0,0,2,1,1,2,2,0,1,0,0,1,1,0,4.0
964,22,1,1,1,1,6,454000,3,0,0,1,1,0,1,1,7,1,0,1,0,1,0,0.5
965,26,1,1,0,1,30,1715000,4,0,0,1,1,0,0,2,0,0,1,0,0,1,0,2.5
966,23,1,2,1,1,27,2520000,4,0,0,2,0,1,2,1,0,1,0,0,1,1,0,2.5
967,54,1,2,2,1,15,3568000,4,0,0,1,1,0,1,2,0,0,1,0,0,0,1,4.0
968,29,1,4,0,1,42,7166000,2,0,0,1,1,0,0,1,0,1,0,1,0,0,1,5.5
969,40,2,2,1,1,11,3939000,1,0,0,2,0,0,1,0,3,1,0,0,1,1,0,2.5
970,22,1,2,0,1,15,1514000,4,0,1,1,1,0,0,0,7,1,0,0,1,1,0,2.5
971,43,2,4,1,1,24,7393000,1,0,0,1,1,0,1,1,3,1,0,0,1,1,0,2.5
972,29,1,4,3,1,24,1193000,1,1,0,2,4,1,1,2,3,0,1,0,0,0,1,0.0
973,36,1,4,0,1,60,7297000,4,1,0,1,1,1,1,2,5,1,0,0,1,0,1,4.0
974,33,1,2,0,1,30,2831000,4,0,0,1,0,0,1,2,0,0,1,0,0,1,0,2.5
975,57,1,3,1,1,24,1258000,3,0,0,1,1,0,2,2,0,0,1,0,0,1,0,2.5
976,64,1,3,0,1,6,753000,2,0,1,1,1,0,1,0,0,0,1,0,0,1,0,2.5
977,42,1,2,0,1,18,2427000,4,0,0,2,2,0,0,1,5,1,0,0,1,1,0,4.0
978,47,2,4,1,1,24,2538000,4,0,0,2,2,1,1,2,3,1,0,0,1,1,0,4.0
979,25,1,2,0,1,15,1264000,2,0,0,1,4,1,0,1,3,1,0,1,0,0,1,2.5
980,49,1,2,0,1,30,8386000,2,0,0,1,0,1,1,1,2,1,0,0,1,1,0,5.5
981,33,1,2,2,1,48,4844000,3,0,0,1,1,1,1,2,5,1,0,0,1,0,1,0.0
982,28,1,1,2,1,21,2923000,1,0,0,1,1,0,0,2,3,0,1,0,0,1,0,2.5
983,26,2,2,0,1,36,8229000,2,0,0,1,1,1,1,1,4,1,0,0,1,1,0,2.5
984,30,1,2,1,1,24,2028000,2,0,0,2,0,0,1,1,2,1,0,0,1,1,0,5.5
985,25,1,3,0,1,15,1433000,4,0,0,2,0,0,1,1,2,0,1,0,0,0,1,2.5
986,33,1,1,0,1,42,6289000,2,0,0,2,3,0,1,1,5,1,0,0,0,1,0,0.5
987,64,1,4,0,1,13,1409000,2,0,0,1,1,0,0,0,0,0,1,0,0,1,0,0.0
988,29,1,2,2,1,24,6579000,4,0,0,1,1,0,1,2,4,1,0,0,1,0,0,0.0
989,48,1,2,1,1,24,1743000,4,0,0,2,0,0,1,1,0,1,0,0,1,1,0,4.0
990,37,2,1,1,1,12,3565000,2,0,0,2,0,0,0,1,1,1,0,0,1,1,0,0.5
991,34,2,4,1,1,15,1569000,4,0,0,1,4,0,0,2,0,1,0,0,1,1,0,4.0
992,23,1,4,1,1,18,1936000,2,0,0,2,1,0,0,2,0,1,0,1,0,0,1,5.5
993,30,1,3,2,1,36,3959000,4,0,0,1,1,0,1,1,2,1,0,0,1,1,0,0.0
994,50,1,3,0,1,12,2390000,4,0,0,1,1,0,0,2,3,1,0,0,1,1,0,4.0
995,31,1,4,1,1,12,1736000,3,0,0,1,1,0,1,0,2,0,1,0,0,1,0,5.5
996,40,1,4,2,1,30,3857000,4,0,0,1,1,0,1,1,4,1,0,0,0,1,0,2.5
997,38,1,4,0,1,12,804000,4,0,0,1,1,0,1,2,0,1,0,0,1,1,0,4.0
998,23,1,4,0,1,45,1845000,4,0,0,1,1,1,1,2,0,1,0,0,1,0,0,2.5
999,27,1,4,0,1,45,4576000,3,0,0,1,0,0,0,2,4,1,0,0,1,1,0,0.0
