Primary_applicant_age_in_years,Number_of_dependents,Years_at_current_residence,Employment_status,Foreign_worker,Has_coapplicant,Has_guarantor,Loan_history,high_risk_applicant,Savings_account_balance,Property,Purpose,Gender_male,Marital_status_divorced/separated/married,Marital_status_married/widowed,Marital_status_single,Housing_own,Housing_rent,average_employed_years,interest_paid,credit_score
4.219507705176107,1,4,0,1,0,0,0,0,0,0,0,1,0,0,1,1,0,1.6094379124341005,0.24641716885999831,5
3.1354942159291497,1,2,0,1,0,0,1,1,1,0,0,0,1,0,0,1,0,1.252762968495368,0.8100078353508715,4
3.912023005428146,2,3,1,1,0,0,0,0,1,0,1,1,0,0,1,1,0,1.8718021769015916,0.2555029610302077,6
3.828641396489095,2,4,0,1,0,1,1,0,1,1,2,1,0,0,1,0,0,1.8718021769015916,0.7474490158363769,3
3.9889840465642745,2,4,0,1,0,0,2,1,1,2,3,1,0,0,1,0,0,1.252762968495368,0.6543628388352055,6
3.58351893845611,2,4,1,1,0,0,1,0,0,2,1,1,0,0,1,0,0,1.252762968495368,0.6735206672027129,5
3.9889840465642745,1,4,0,1,0,0,1,0,2,1,2,1,0,0,1,1,0,1.6094379124341005,0.6373454071173584,4
3.58351893845611,1,2,2,1,0,0,1,0,1,2,4,1,0,0,1,0,1,1.252762968495368,0.6653842693436468,3
4.127134385045092,1,4,1,1,0,0,1,0,3,0,0,1,0,0,0,1,0,1.8718021769015916,0.2613421877101349,4
3.367295829986474,1,2,2,1,0,0,0,1,1,2,3,1,0,1,0,1,0,0.0,0.9349431509984073,6
3.258096538021482,1,1,0,1,0,0,1,1,1,2,3,0,1,0,0,0,1,0.4054651081081644,0.352219495685264,4
3.218875824868201,1,4,0,1,0,0,1,1,1,1,5,0,1,0,0,0,1,0.4054651081081644,1.0413779234472784,3
3.1354942159291497,1,1,0,1,0,0,1,0,1,2,0,0,1,0,0,1,0,1.252762968495368,0.1333472745714595,4
4.110873864173311,1,4,1,1,0,0,0,1,1,2,3,1,0,0,1,1,0,1.6094379124341005,0.7513028471039452,6
3.367295829986474,1,4,0,1,0,0,1,0,1,2,3,0,1,0,0,0,1,1.252762968495368,0.30295467657785996,4
3.49650756146648,1,2,1,1,0,0,1,1,0,2,0,0,1,0,0,1,0,1.252762968495368,0.7538257377310155,5
3.9889840465642745,1,4,0,1,0,0,0,0,0,1,0,1,0,0,1,1,0,1.6094379124341005,0.7775225210088673,6
3.258096538021482,1,3,0,1,0,0,3,0,0,2,5,1,0,0,1,1,0,0.4054651081081644,0.5851139843852519,5
3.80666248977032,1,2,2,1,0,0,1,1,1,2,4,0,1,0,0,0,0,1.6094379124341005,0.8362960553834804,3
3.4657359027997265,2,2,0,1,0,0,1,0,2,2,0,1,0,0,1,1,0,1.6094379124341005,0.6433707701962289,4
3.8918202981106265,1,4,0,1,0,0,0,0,1,2,3,1,0,0,1,1,0,1.252762968495368,0.3627004468484713,7
3.80666248977032,2,3,0,1,0,0,1,0,2,0,0,1,0,0,1,0,1,1.252762968495368,0.1379249331411597,4
3.8918202981106265,2,3,1,0,0,0,0,0,1,0,3,1,0,0,1,0,1,0.4054651081081644,0.11498232621014126,7
3.80666248977032,1,4,0,1,0,0,0,0,0,1,4,1,0,0,1,1,0,0.4054651081081644,0.3591876526529395,4
3.295836866004329,1,1,0,0,0,0,0,0,0,2,2,1,0,1,0,1,0,1.252762968495368,0.21702589576149287,6
3.610917912644224,1,2,1,1,0,0,1,0,1,0,2,1,0,0,1,1,0,1.252762968495368,0.06828105978040658,5
3.688879454113936,1,4,1,1,0,0,3,0,1,2,0,1,0,1,0,1,0,1.6094379124341005,0.23051149280959277,5
3.7612001156935615,1,3,0,1,0,0,4,0,3,0,0,0,1,0,0,0,1,1.252762968495368,0.3276074793656744,6
3.555348061489413,1,2,0,1,0,1,1,0,1,0,0,1,0,0,1,1,0,1.252762968495368,0.22888796416472937,3
4.158883083359672,1,4,0,1,0,0,2,1,1,2,5,1,0,0,1,1,0,1.6094379124341005,1.2121364966525516,3
3.610917912644224,1,3,0,1,0,0,1,0,3,0,5,1,0,1,0,1,0,0.4054651081081644,0.5013134883307572,3
3.332204510175204,1,2,0,1,0,0,1,0,1,2,2,1,0,0,1,1,0,1.252762968495368,0.4751601293519049,4
3.4339872044851463,1,2,0,1,0,0,1,0,0,2,3,1,0,0,1,1,0,1.252762968495368,0.3835878777699625,5
4.060443010546419,1,4,1,1,0,0,0,0,0,2,5,1,0,0,1,0,1,1.6094379124341005,0.4459617414117923,5
3.5263605246161616,1,1,2,1,0,0,1,0,1,1,2,0,1,0,0,1,0,0.4054651081081644,0.4498899748546529,4
3.258096538021482,1,2,1,1,0,0,0,1,1,1,0,1,0,0,1,1,0,0.4054651081081644,1.1957153872030177,7
3.4657359027997265,1,3,0,1,0,0,0,0,1,2,1,1,0,0,1,0,0,1.252762968495368,0.4855185848268255,5
3.6375861597263857,1,2,0,1,1,0,1,1,1,0,0,1,0,0,1,1,0,1.252762968495368,0.6277799976346348,5
3.6375861597263857,1,2,0,1,0,0,1,0,1,2,6,1,0,0,1,1,0,1.252762968495368,0.20996985419963027,3
3.218875824868201,1,3,0,1,0,0,1,0,1,0,0,1,0,0,1,1,0,1.252762968495368,0.33005080571908635,4
3.4339872044851463,1,2,2,1,0,0,1,0,2,2,0,1,0,0,1,1,0,1.6094379124341005,0.9027055083730403,4
3.295836866004329,1,1,0,1,0,0,1,0,2,2,0,1,0,0,0,1,0,1.252762968495368,0.34985808366713167,4
3.80666248977032,2,4,1,1,0,0,2,0,1,0,7,1,0,0,1,1,0,1.252762968495368,0.3847324297236052,5
3.218875824868201,1,4,0,1,0,0,0,0,0,2,4,1,0,1,0,0,1,1.8718021769015916,0.3299862666217848,5
4.07753744390572,1,4,1,1,0,0,0,1,1,2,4,0,1,0,0,0,0,1.6094379124341005,1.2530291704517043,6
3.58351893845611,1,4,2,1,0,0,0,0,1,2,3,0,1,0,0,1,0,0.4054651081081644,0.4178693687949009,6
3.688879454113936,1,4,0,1,0,0,1,0,2,2,0,1,0,0,1,1,0,1.6094379124341005,1.01441811368886,4
3.1780538303479458,1,2,3,1,0,0,1,0,2,1,4,0,1,0,0,0,1,0.0,0.06820567768226513,3
3.688879454113936,1,4,1,1,0,0,0,0,1,1,3,1,0,0,1,1,0,1.252762968495368,0.13520680358074377,7
3.367295829986474,1,2,0,1,1,0,1,0,0,0,0,0,1,0,0,1,0,1.252762968495368,0.45855099431239105,5
3.4011973816621555,1,2,1,1,0,0,2,0,0,1,2,1,0,0,1,1,0,0.4054651081081644,0.7761148118726918,6
3.4339872044851463,1,2,2,1,0,0,2,0,1,2,4,1,0,0,1,1,0,1.6094379124341005,0.3008687042026353,5
3.258096538021482,1,2,0,1,0,0,1,0,1,2,0,1,0,0,1,1,0,1.252762968495368,0.3516748557099997,4
3.4657359027997265,1,1,0,1,0,0,1,0,0,1,4,1,0,0,1,1,0,1.252762968495368,0.37224183681142564,3
4.060443010546419,1,4,0,1,0,0,2,1,1,2,3,1,0,0,1,0,0,1.6094379124341005,1.0129934510135332,6
3.295836866004329,2,2,1,1,0,1,4,0,0,0,3,1,0,0,1,1,0,1.252762968495368,0.0656514449772981,5
3.970291913552122,1,1,2,1,0,0,1,1,0,2,0,1,0,0,1,1,0,0.0,0.272807659643725,4
3.4657359027997265,1,2,0,1,0,0,0,0,1,2,0,0,1,0,0,1,0,1.252762968495368,0.6751988427233783,6
3.1780538303479458,1,2,2,1,0,0,1,0,1,2,3,0,1,0,0,1,0,1.6094379124341005,0.501988765096906,4
3.1780538303479458,1,4,1,1,1,0,0,1,1,2,2,0,1,0,0,0,1,0.4054651081081644,1.0568757034584757,8
3.332204510175204,1,1,0,1,0,0,1,0,1,0,5,1,0,1,0,1,0,1.252762968495368,0.19242287694666532,3
3.9318256327243257,1,4,0,1,0,1,0,0,0,0,0,1,0,0,1,1,0,1.6094379124341005,0.5378183307628105,5
4.127134385045092,1,4,2,1,0,0,3,1,1,2,5,1,0,0,1,0,0,1.6094379124341005,1.0072954114371735,2
3.258096538021482,1,2,0,1,0,0,3,1,1,2,5,1,0,0,1,1,0,1.252762968495368,0.8410220752320816,3
3.295836866004329,1,4,0,1,0,0,1,0,1,1,0,0,1,0,0,1,0,0.4054651081081644,0.7874643760675165,4
3.8918202981106265,2,4,0,1,0,0,1,0,0,1,7,1,0,0,1,1,0,1.6094379124341005,0.8719634344115452,6
3.4011973816621555,1,2,0,1,0,0,1,0,1,2,0,0,1,0,0,1,0,0.4054651081081644,0.25604741526488417,4
3.1354942159291497,1,1,0,1,0,0,1,0,3,0,3,1,0,1,0,1,0,1.252762968495368,0.440123819979232,4
3.6375861597263857,1,4,0,1,0,0,1,1,1,2,1,1,0,0,1,0,0,1.252762968495368,1.004175506326941,4
3.258096538021482,1,4,0,1,0,0,1,0,0,2,0,0,1,0,0,1,0,1.252762968495368,1.01617848764086,4
3.4339872044851463,1,2,0,1,0,0,1,0,1,1,4,0,1,0,0,1,0,1.252762968495368,0.39024535042268965,3
3.8501476017100575,1,2,1,1,0,0,0,0,0,1,0,1,0,0,1,0,1,1.6094379124341005,0.27385088170334704,7
3.951243718581428,2,4,2,1,0,0,0,0,1,2,8,1,0,0,1,0,0,1.6094379124341005,0.24635016304670804,5
3.737669618283368,1,1,1,1,0,0,0,0,1,0,5,0,1,0,0,1,0,1.8718021769015916,0.7381062914145818,6
3.713572066704308,1,4,2,1,0,0,1,1,0,2,1,1,0,0,1,1,0,1.6094379124341005,1.007830537453664,4
4.204692619390966,1,4,2,1,0,0,0,0,1,2,4,1,0,0,1,0,0,1.6094379124341005,0.45077394701160806,4
3.555348061489413,1,3,0,1,0,0,1,1,1,2,0,1,0,0,1,1,0,0.4054651081081644,1.1400812204828514,4
3.951243718581428,1,4,0,1,0,0,2,0,1,1,0,1,0,0,1,1,0,1.8718021769015916,0.2483677086390133,5
3.688879454113936,2,2,1,1,0,0,3,0,0,1,4,1,0,0,1,1,0,1.252762968495368,0.8942102848671427,3
3.1354942159291497,1,1,0,1,0,0,1,0,1,1,2,1,0,1,0,1,0,0.4054651081081644,0.564145447208181,4
3.80666248977032,1,1,0,1,0,0,1,1,0,2,0,0,1,0,0,1,0,0.4054651081081644,0.2715180067285613,5
3.871201010907891,1,3,0,1,0,0,1,0,2,1,0,1,0,0,1,1,0,1.6094379124341005,0.5308813958515054,4
3.218875824868201,1,4,1,1,0,0,1,0,0,1,5,0,1,0,0,0,1,1.252762968495368,0.49587788810862693,4
4.07753744390572,1,4,1,1,0,1,1,0,1,0,8,0,1,0,0,1,0,1.6094379124341005,0.7655787191434664,3
3.970291913552122,1,4,1,1,0,0,1,0,1,0,0,1,0,0,1,1,0,1.6094379124341005,0.31215979629914375,5
3.4011973816621555,1,2,2,1,0,1,0,0,1,0,5,0,1,0,0,1,0,1.252762968495368,0.4487932308385176,4
3.332204510175204,1,1,0,1,0,0,0,0,1,1,2,0,1,0,0,1,0,0.4054651081081644,0.6121764248724818,6
3.871201010907891,2,4,0,1,0,0,1,1,0,2,1,1,0,0,1,0,0,1.252762968495368,0.3991148420262477,4
3.4339872044851463,2,3,2,1,0,0,1,0,0,2,3,1,0,0,1,1,0,1.8718021769015916,0.6299729552993844,4
3.367295829986474,1,3,0,1,0,0,3,1,1,0,7,1,0,0,1,1,0,1.8718021769015916,0.44258279218404223,4
4.04305126783455,1,4,0,1,0,0,0,0,1,0,0,1,0,0,1,1,0,1.6094379124341005,0.42746780640204385,5
4.007333185232471,1,3,0,1,0,0,0,0,1,0,4,1,0,0,1,1,0,1.6094379124341005,0.4487389168893148,4
3.5263605246161616,2,3,1,1,0,0,0,1,0,1,0,0,1,0,0,1,0,1.6094379124341005,0.4340813617589653,6
3.044522437723423,1,4,0,1,1,0,0,0,0,2,2,1,0,0,1,0,1,1.6094379124341005,0.7921290038933636,7
4.007333185232471,1,4,0,1,0,0,1,0,3,0,3,1,0,0,1,1,0,1.6094379124341005,0.4470324696442978,4
4.07753744390572,1,4,0,1,0,0,3,1,1,2,5,1,0,0,1,0,1,0.4054651081081644,1.1752425804689268,2
4.127134385045092,1,2,0,1,0,0,0,0,0,2,1,0,1,0,0,1,0,1.8718021769015916,0.45779541905768484,4
3.555348061489413,1,4,0,1,0,0,1,0,0,2,5,1,0,0,1,1,0,1.252762968495368,0.6348647290695266,3
3.610917912644224,1,4,0,1,0,0,0,0,1,0,0,1,0,0,1,1,0,1.6094379124341005,1.015131212815139,5
3.610917912644224,2,4,2,1,0,0,2,0,0,1,4,1,0,0,1,0,1,1.8718021769015916,0.5813641605838079,5
3.737669618283368,1,4,1,1,0,0,1,0,0,0,3,1,0,1,0,0,1,1.6094379124341005,0.7589384093274816,5
3.218875824868201,1,4,0,1,0,0,1,0,1,2,0,1,0,0,1,0,1,1.8718021769015916,1.0148699092489368,4
3.218875824868201,1,2,0,1,0,0,2,0,1,0,0,0,1,0,0,1,0,1.252762968495368,0.18745530444838437,5
3.58351893845611,1,3,0,1,0,0,0,0,1,2,2,1,0,0,1,0,1,1.8718021769015916,0.3604813117386625,5
3.295836866004329,1,4,0,1,0,0,1,0,0,2,4,1,0,1,0,0,1,0.4054651081081644,0.2578858836250553,3
3.688879454113936,2,3,2,1,1,0,0,1,1,2,8,1,0,0,1,1,0,1.252762968495368,0.5018713471770303,6
3.688879454113936,2,4,2,1,0,0,4,1,1,2,3,1,0,0,1,1,0,1.6094379124341005,0.3855514145013501,6
3.49650756146648,1,2,0,1,0,0,1,0,1,2,3,1,0,0,1,1,0,1.8718021769015916,0.2718603629570173,4
3.4339872044851463,1,2,0,0,0,0,1,0,0,1,2,0,1,0,0,1,0,0.4054651081081644,0.2754999899310858,4
3.58351893845611,1,2,0,1,0,0,1,0,2,0,5,1,0,1,0,1,0,1.6094379124341005,0.1528837444620696,3
3.4657359027997265,2,2,0,1,0,0,2,0,0,2,5,1,0,0,0,1,0,1.6094379124341005,0.06852922694045206,5
3.1780538303479458,1,4,0,1,0,0,1,0,1,1,1,0,1,0,0,0,1,0.4054651081081644,0.49710248079381164,4
3.367295829986474,1,3,1,1,0,0,1,0,1,0,3,1,0,0,1,0,1,1.8718021769015916,0.5331169696472438,5
3.258096538021482,1,2,0,1,0,0,0,1,1,0,3,0,1,0,0,1,0,1.252762968495368,1.0665019989098083,6
3.58351893845611,1,1,0,1,0,0,1,0,2,0,0,1,0,1,0,1,0,1.6094379124341005,0.3576948275595444,4
3.871201010907891,1,1,0,1,0,0,0,0,0,0,0,1,0,0,1,1,0,1.6094379124341005,1.2280165347126586,5
3.4339872044851463,1,3,2,1,0,0,1,1,0,2,0,0,1,0,0,1,0,1.8718021769015916,1.1662822675155313,4
3.332204510175204,1,3,0,0,1,0,0,0,0,0,2,0,1,0,0,0,1,0.4054651081081644,0.21742820356281692,7
3.1780538303479458,1,4,0,1,0,0,0,1,2,2,2,0,1,0,0,1,0,1.252762968495368,0.3505981931414292,6
3.610917912644224,1,3,2,1,0,0,0,0,2,2,3,1,0,0,0,1,0,1.8718021769015916,0.364852364183226,5
3.258096538021482,1,2,0,1,0,0,1,1,1,0,0,0,1,0,0,1,0,1.252762968495368,0.5637126233944951,5
3.737669618283368,1,2,2,1,0,0,0,0,1,2,4,0,1,0,0,0,1,1.6094379124341005,0.7945568440566491,5
3.218875824868201,1,2,1,1,0,0,1,0,1,0,2,1,0,0,1,0,1,1.252762968495368,0.35876531942432494,5
4.158883083359672,1,4,0,1,0,0,0,0,1,2,3,1,0,0,1,0,0,1.6094379124341005,0.3731331678381061,5
3.332204510175204,1,3,0,1,0,0,1,1,0,0,2,0,1,0,0,0,1,0.4054651081081644,0.624972748594349,4
3.4339872044851463,1,2,0,1,0,0,0,0,1,1,3,1,0,0,1,1,0,1.252762968495368,0.4591296892987891,6
3.713572066704308,1,2,1,1,0,0,1,0,1,0,0,1,0,1,0,1,0,1.252762968495368,0.4307497949502353,5
3.4339872044851463,1,2,0,1,0,0,1,1,1,2,7,1,0,0,1,1,0,1.252762968495368,0.42833912622483583,3
3.555348061489413,1,2,2,1,0,0,0,0,1,2,4,1,0,0,1,1,0,0.0,0.4558055007398774,5
3.4011973816621555,1,2,0,1,1,0,0,1,1,0,3,0,1,0,0,1,0,1.252762968495368,0.3729692174861053,7
3.218875824868201,1,2,0,1,0,0,1,0,0,2,3,0,1,0,0,1,0,1.8718021769015916,0.4935747902388765,4
3.4011973816621555,1,3,0,1,0,0,2,1,1,1,1,1,0,0,1,1,0,1.252762968495368,1.0610549432547067,5
3.332204510175204,1,3,1,1,0,0,1,0,1,1,2,1,0,0,1,1,0,0.4054651081081644,0.3150246089809978,6
3.871201010907891,1,4,0,1,0,0,1,0,1,2,2,1,0,0,1,0,0,1.252762968495368,0.6259585184997883,5
3.091042453358316,1,4,0,1,0,0,1,0,0,0,0,0,1,0,0,1,0,1.8718021769015916,0.9605905649795458,3
3.6635616461296463,1,2,0,1,0,0,0,0,0,0,0,0,1,0,0,1,0,1.6094379124341005,0.44547071171926156,6
3.332204510175204,1,2,0,1,0,0,2,0,3,2,4,1,0,0,1,1,0,1.252762968495368,0.5415072428152963,5
4.204692619390966,1,3,1,1,0,0,1,1,2,0,0,1,0,0,1,1,0,1.252762968495368,0.4330527456884031,4
3.58351893845611,1,2,0,1,0,1,0,0,0,0,0,1,0,0,1,1,0,1.8718021769015916,0.554433229205102,6
3.80666248977032,1,2,1,1,0,0,1,0,1,2,0,0,1,0,0,0,1,1.252762968495368,0.25382505730025845,5
3.332204510175204,1,2,3,0,0,0,1,0,3,0,3,1,0,1,0,1,0,0.4054651081081644,0.1263825070151873,4
3.4339872044851463,1,1,2,1,0,0,1,0,1,2,0,0,1,0,0,1,0,0.4054651081081644,1.0459040066337009,4
3.332204510175204,1,2,2,1,0,0,1,0,1,2,0,1,0,0,1,1,0,1.252762968495368,0.7008517867330732,4
3.1354942159291497,1,2,0,1,0,0,1,1,1,2,2,1,0,0,1,1,0,1.252762968495368,0.36568045713669817,4
3.1780538303479458,1,4,0,1,0,0,0,0,1,1,2,0,1,0,0,1,0,0.4054651081081644,0.7055811744670604,5
3.4339872044851463,1,2,0,1,0,0,4,0,0,2,5,1,0,0,1,1,0,1.8718021769015916,1.2278590989302003,4
3.688879454113936,1,4,0,1,0,0,0,0,1,2,3,0,1,0,0,1,0,1.6094379124341005,0.06609054502058731,6
3.951243718581428,1,3,0,1,0,0,0,0,0,2,3,0,1,0,0,1,0,1.8718021769015916,0.4300350830155954,6
3.367295829986474,1,2,0,1,0,1,0,0,1,1,2,1,0,0,1,1,0,1.252762968495368,0.8732526323379923,5
3.8501476017100575,1,4,0,1,0,0,0,0,3,2,0,1,0,0,1,1,0,1.6094379124341005,0.6186671734372367,6
3.7612001156935615,2,4,0,1,0,0,1,0,0,2,0,1,0,0,1,0,0,1.6094379124341005,0.1320159195311671,4
3.6635616461296463,1,4,0,0,0,0,1,0,1,1,0,1,0,0,1,1,0,1.252762968495368,0.11384876901292662,4
3.218875824868201,1,1,0,1,0,0,1,0,1,2,0,1,0,0,1,1,0,1.252762968495368,1.0542399903019217,4
3.4011973816621555,1,4,0,1,0,0,0,0,3,2,4,0,1,0,0,0,1,1.6094379124341005,0.49137941201021834,4
3.610917912644224,1,4,2,1,0,0,2,0,0,2,5,1,0,0,1,0,1,1.8718021769015916,0.8156017911335594,4
3.044522437723423,1,4,0,1,0,0,1,1,1,2,2,0,1,0,0,0,1,1.252762968495368,0.2478585276973375,4
3.8918202981106265,2,4,0,0,0,1,0,0,0,0,7,1,0,0,1,1,0,1.6094379124341005,0.2750097750973122,4
3.828641396489095,1,1,1,1,0,0,4,0,1,2,8,1,0,1,0,1,0,1.6094379124341005,0.4116793154964812,5
3.6635616461296463,1,3,0,1,0,0,1,0,0,2,3,1,0,0,1,1,0,1.8718021769015916,0.47179443775244595,5
3.555348061489413,2,2,1,1,0,0,0,0,0,0,0,1,0,0,1,1,0,1.252762968495368,0.06978867641363334,7
3.610917912644224,2,4,0,1,0,0,0,0,0,0,0,1,0,0,1,1,0,1.6094379124341005,0.6377566478593898,5
3.4339872044851463,1,1,0,1,0,0,0,0,1,1,3,0,1,0,0,1,0,0.4054651081081644,0.6054863944037574,6
3.610917912644224,1,3,0,1,0,0,1,0,2,1,6,1,0,0,1,1,0,1.8718021769015916,0.5320451619013795,4
4.262679877041316,1,4,2,1,0,0,1,0,1,2,3,1,0,0,1,0,0,0.0,0.23381283597914596,3
3.610917912644224,1,4,0,1,0,0,1,0,2,1,3,1,0,0,1,1,0,1.6094379124341005,0.9732048271033824,4
3.49650756146648,1,2,0,1,0,0,1,0,2,2,2,1,0,0,1,1,0,1.252762968495368,0.07188690625637124,4
3.5263605246161616,1,2,0,1,0,0,1,1,1,2,2,0,1,0,0,1,0,0.0,0.60776183632928,4
3.044522437723423,1,1,0,1,0,0,1,0,3,0,2,0,1,0,0,1,0,0.4054651081081644,0.42086019440376987,4
3.258096538021482,1,4,0,1,0,0,1,0,1,1,2,0,1,0,0,0,1,1.8718021769015916,0.47486132540955833,4
3.4657359027997265,1,4,0,1,0,0,0,1,1,0,5,1,0,0,0,1,0,1.6094379124341005,0.7692047915496943,5
3.5263605246161616,2,3,0,1,0,0,3,1,1,2,3,1,0,0,1,0,1,1.6094379124341005,0.5236693384927859,5
3.295836866004329,1,1,0,1,0,0,1,0,1,0,2,0,1,0,0,1,0,1.252762968495368,0.43295094436275366,4
3.555348061489413,1,2,2,1,0,0,2,1,1,1,2,0,1,0,0,1,0,0.0,0.6272260578850907,5
3.5263605246161616,1,2,0,0,0,1,1,0,1,0,0,1,0,0,1,1,0,1.252762968495368,0.320380287839945,3
3.295836866004329,1,1,0,1,0,0,2,1,1,1,1,1,0,0,1,1,0,0.4054651081081644,0.4229898761455635,6
3.9889840465642745,1,1,2,1,0,0,4,1,0,0,4,0,1,0,0,1,0,0.0,0.9488900220735283,4
3.7612001156935615,1,1,0,1,0,0,1,0,1,2,2,1,0,0,0,1,0,1.252762968495368,0.258698119712792,4
3.970291913552122,1,4,0,1,0,0,0,0,2,2,0,1,0,0,1,1,0,1.6094379124341005,0.22682961555324027,6
3.4657359027997265,2,2,2,1,0,0,1,0,1,2,0,1,0,0,1,0,1,1.8718021769015916,0.4571712701487661,5
4.189654742026425,1,4,0,1,0,0,0,0,1,0,3,1,0,0,1,1,0,1.6094379124341005,0.6564107022726147,5
3.367295829986474,1,1,0,1,0,0,2,1,1,2,5,1,0,0,0,1,0,0.4054651081081644,0.39354810517207955,5
3.4339872044851463,1,2,2,1,0,0,2,1,1,0,5,1,0,0,0,1,0,1.252762968495368,0.6515813003634777,5
3.713572066704308,2,2,1,1,0,0,4,1,0,1,3,1,0,0,1,1,0,1.252762968495368,0.6941530061191231,7
3.9318256327243257,1,4,0,1,0,0,0,0,3,0,2,1,0,0,1,1,0,1.252762968495368,0.7936960097916608,5
3.610917912644224,2,4,0,1,0,0,0,1,1,2,3,1,0,0,1,1,0,1.6094379124341005,0.599678349036609,5
3.4657359027997265,1,2,0,1,0,0,0,0,1,1,0,1,0,0,1,1,0,1.252762968495368,0.5342392527470491,6
4.31748811353631,2,4,2,1,0,0,4,1,1,2,4,0,1,0,0,0,0,1.6094379124341005,0.2084410548989227,3
4.23410650459726,1,3,3,1,0,0,0,0,1,2,3,1,0,0,1,0,0,0.0,0.3167898906196404,6
3.044522437723423,1,1,0,1,0,0,1,1,0,1,0,1,0,1,0,1,0,1.8718021769015916,0.4297280185965837,4
3.5263605246161616,1,4,0,1,0,0,3,0,1,2,2,0,1,0,0,1,0,1.252762968495368,0.20284677429650502,5
4.007333185232471,1,3,2,1,0,0,1,1,3,1,5,1,0,0,1,1,0,1.252762968495368,0.4784580060998681,5
3.555348061489413,2,4,1,1,0,0,3,1,0,2,5,1,0,0,1,0,0,1.8718021769015916,1.2313711840903236,4
3.610917912644224,2,2,0,1,0,0,1,1,1,2,5,1,0,0,1,1,0,1.252762968495368,0.861297697821398,3
3.4011973816621555,1,2,0,1,0,0,1,0,1,0,0,1,0,1,0,0,1,1.8718021769015916,0.13593943426509453,4
3.091042453358316,1,4,0,1,0,1,1,1,0,1,0,1,0,0,1,0,1,1.252762968495368,1.1751598254634095,3
3.555348061489413,1,3,2,1,0,0,0,1,1,2,1,0,1,0,0,1,0,1.6094379124341005,0.19336422948172394,6
3.367295829986474,1,1,0,1,0,0,0,0,1,2,0,0,1,0,0,1,0,1.252762968495368,0.06830817116536965,6
3.332204510175204,1,4,0,1,0,0,1,1,0,2,2,0,1,0,0,0,1,0.4054651081081644,0.4386489279635282,7
3.610917912644224,1,4,0,1,0,0,1,0,0,2,4,1,0,0,1,0,0,1.6094379124341005,0.7822834902804817,3
3.713572066704308,1,3,2,1,0,0,2,1,1,2,2,1,0,0,0,1,0,1.6094379124341005,0.650451386640615,5
3.970291913552122,1,2,0,1,0,0,0,0,2,2,1,1,0,0,1,1,0,1.6094379124341005,0.3453478421548064,6
3.332204510175204,1,3,1,1,0,0,1,0,1,0,3,1,0,1,0,1,0,1.252762968495368,0.44393693318486815,5
3.295836866004329,1,4,0,1,0,0,2,0,1,2,5,1,0,0,1,1,0,1.8718021769015916,0.7142946571197328,5
3.091042453358316,1,4,0,1,0,0,1,1,1,1,8,1,0,1,0,0,1,1.8718021769015916,0.43728338578407766,3
3.6635616461296463,2,1,1,1,0,0,0,0,1,0,3,1,0,0,1,1,0,1.6094379124341005,0.4502507552712659,7
3.6635616461296463,2,4,2,1,0,0,0,0,1,2,4,1,0,0,1,0,0,1.6094379124341005,0.7945252355819484,6
3.784189633918261,1,4,0,1,0,0,0,0,1,0,2,1,0,0,1,1,0,1.6094379124341005,0.4568074007934031,7
3.295836866004329,1,3,0,1,0,0,0,0,1,1,6,1,0,0,1,1,0,1.8718021769015916,0.44900930953274915,4
3.091042453358316,1,2,1,1,0,0,1,0,1,2,5,1,0,1,0,1,0,1.252762968495368,0.4872962483790601,4
4.02535169073515,1,2,0,0,0,0,1,0,3,1,4,1,0,0,1,1,0,1.8718021769015916,0.354057274586812,3
3.5263605246161616,2,2,0,1,0,0,0,0,0,0,0,1,0,0,1,1,0,1.252762968495368,0.106194978463506,6
3.828641396489095,1,4,1,1,0,0,1,0,0,0,0,0,1,0,0,1,0,1.6094379124341005,0.6468837494966143,5
3.9318256327243257,1,4,0,1,0,0,3,1,1,1,5,1,0,0,1,1,0,0.0,0.5286765343425094,4
4.204692619390966,1,4,2,1,0,0,2,1,1,0,5,1,0,0,1,1,0,1.6094379124341005,0.8945180848908805,3
3.951243718581428,1,2,0,1,0,0,0,0,0,2,0,1,0,0,1,1,0,1.6094379124341005,1.0305652677531318,5
3.688879454113936,1,3,1,1,0,0,0,0,0,1,8,0,1,0,0,1,0,1.8718021769015916,0.06646676634586357,6
3.4657359027997265,1,1,0,1,0,0,3,0,1,1,5,1,0,0,1,1,0,1.8718021769015916,0.5144206210388567,3
3.1780538303479458,1,2,0,1,0,0,1,0,1,0,0,1,0,0,1,1,0,1.252762968495368,0.6475161983536765,4
3.218875824868201,1,2,1,1,0,0,1,0,1,0,2,1,0,0,0,0,1,1.252762968495368,0.4680291510305541,5
4.174387269895637,1,4,0,1,0,0,1,0,1,2,3,0,1,0,0,1,0,1.252762968495368,0.21142087984659183,3
3.295836866004329,1,1,1,1,0,1,1,0,1,0,0,1,0,1,0,1,0,0.4054651081081644,0.4277615781909808,4
3.1780538303479458,1,4,0,1,0,0,1,0,0,1,1,0,1,0,0,0,1,1.252762968495368,0.4446302542840712,4
3.4339872044851463,1,2,0,1,0,0,1,0,1,0,0,1,0,0,1,1,0,1.252762968495368,0.43097136967588867,5
3.49650756146648,2,4,0,1,0,0,2,0,0,0,5,1,0,0,1,1,0,1.252762968495368,0.7850611571720282,5
3.4339872044851463,1,2,0,1,0,0,1,0,1,2,4,1,0,0,1,1,0,1.252762968495368,0.4547444122329903,3
3.332204510175204,1,2,0,1,0,0,3,0,1,2,7,1,0,0,1,1,0,1.252762968495368,1.0199734697048095,4
3.332204510175204,1,2,0,1,1,0,1,1,3,2,0,1,0,0,1,1,0,1.8718021769015916,0.4998015817097121,6
3.9889840465642745,1,4,2,1,0,0,1,1,1,2,2,1,0,0,1,0,0,1.6094379124341005,0.49171456254811574,4
3.1354942159291497,1,2,0,1,0,0,1,1,1,2,0,1,0,0,1,1,0,1.8718021769015916,0.35500377050464627,4
3.1354942159291497,1,1,0,1,0,0,1,0,1,2,2,1,0,0,1,0,0,0.4054651081081644,0.7870962824321349,4
3.295836866004329,1,2,0,1,0,0,1,1,1,2,0,1,0,0,1,1,0,1.252762968495368,1.0404027861041028,4
3.951243718581428,1,4,1,1,0,0,1,0,2,2,3,1,0,0,1,0,0,1.6094379124341005,0.19968572870190313,5
3.58351893845611,1,1,0,1,0,0,1,0,0,2,0,1,0,0,1,1,0,1.8718021769015916,0.36276880333152467,4
3.258096538021482,1,2,1,1,0,1,1,0,1,0,0,1,0,1,0,1,0,1.252762968495368,0.5990004879370152,4
3.7612001156935615,2,1,1,1,0,0,0,0,1,0,0,1,0,0,1,1,0,1.8718021769015916,0.09075367929401436,8
3.4339872044851463,2,2,2,1,0,0,1,1,1,2,0,1,0,0,1,1,0,0.0,0.7669920604756278,4
3.1780538303479458,1,2,3,1,0,0,1,1,0,1,3,1,0,0,1,1,0,0.0,0.07924290424156387,4
4.127134385045092,1,2,1,1,0,0,1,1,0,2,5,1,0,0,0,0,1,1.6094379124341005,0.7121304641543506,4
3.58351893845611,1,2,0,1,0,0,0,0,1,1,0,0,1,0,0,1,0,1.252762968495368,0.4465028475310129,6
3.688879454113936,2,3,0,1,0,1,1,0,1,1,0,1,0,0,1,1,0,1.6094379124341005,0.31372553793704117,3
3.4011973816621555,1,2,0,1,0,0,1,1,0,2,3,0,1,0,0,1,0,1.6094379124341005,0.7410485856010369,4
3.951243718581428,2,2,0,1,0,0,1,0,1,1,0,1,0,0,1,1,0,1.8718021769015916,0.19411488615070846,4
3.218875824868201,2,4,0,1,0,0,3,1,1,2,4,1,0,0,1,0,0,1.6094379124341005,1.0441977821791744,4
3.332204510175204,1,2,0,1,0,0,0,0,1,0,5,0,1,0,0,1,0,1.252762968495368,0.35034529159334343,5
3.58351893845611,2,3,1,1,0,0,4,0,2,0,8,0,1,0,0,1,0,1.252762968495368,0.4713281300972494,5
3.258096538021482,1,1,0,1,0,0,1,0,1,0,5,1,0,0,1,1,0,1.8718021769015916,0.7531140618265443,3
3.970291913552122,1,4,0,1,0,0,0,0,1,0,0,1,0,0,1,1,0,1.6094379124341005,0.4313364082587046,7
3.58351893845611,1,1,0,0,0,0,3,0,0,2,3,1,0,0,1,0,1,1.252762968495368,0.2468782142579264,4
3.295836866004329,1,2,0,1,0,0,1,0,1,0,2,1,0,0,1,1,0,1.252762968495368,0.45667613759005526,4
3.1354942159291497,1,4,0,1,1,0,1,1,1,0,0,0,1,0,0,0,1,0.0,0.45997367780586274,5
3.688879454113936,1,4,1,1,0,0,0,0,3,0,3,0,1,0,0,1,0,1.8718021769015916,0.18326752319773892,7
3.8501476017100575,1,2,1,1,0,0,1,0,1,2,2,0,1,0,0,1,0,1.252762968495368,0.13651219430393402,5
3.218875824868201,1,2,0,1,0,1,1,1,1,2,3,0,1,0,0,1,0,1.252762968495368,0.8993878339969571,3
3.58351893845611,1,3,0,1,0,0,2,0,0,1,2,1,0,0,1,1,0,1.252762968495368,0.47595737219054096,6
3.218875824868201,1,1,0,1,0,0,1,0,0,2,2,1,0,0,1,1,0,1.8718021769015916,0.19708963875196742,4
3.332204510175204,1,1,1,1,0,0,2,0,0,0,0,1,0,0,1,1,0,1.252762968495368,0.5827579356733799,5
3.58351893845611,1,2,1,1,0,0,0,0,1,0,0,1,0,0,1,1,0,1.252762968495368,0.7812613181061522,7
3.4011973816621555,1,1,0,1,0,0,4,1,1,2,0,1,0,0,0,0,0,1.252762968495368,0.45946109250744294,5
3.1780538303479458,1,4,0,1,0,0,1,0,0,2,4,0,1,0,0,1,0,0.4054651081081644,0.17346647441783536,3
4.060443010546419,1,4,1,1,0,0,0,0,0,0,0,0,1,0,0,1,0,0.0,0.41331466736937345,8
3.332204510175204,1,2,0,1,0,0,1,0,1,0,2,1,0,0,1,1,0,1.252762968495368,0.2518557024308679,4
4.02535169073515,1,4,0,1,0,0,1,0,1,2,0,0,1,0,0,1,0,1.6094379124341005,0.7622025374970547,4
3.610917912644224,1,4,2,1,0,0,0,0,1,2,3,1,0,0,1,0,0,1.6094379124341005,0.38151924448070723,7
4.060443010546419,1,4,1,1,0,0,0,0,1,2,1,0,1,0,0,0,0,1.6094379124341005,0.259689680126087,8
3.49650756146648,2,4,1,0,0,0,0,0,1,0,3,1,0,0,1,1,0,1.6094379124341005,0.3005366882967017,7
3.6375861597263857,2,3,0,1,0,0,1,1,1,2,0,1,0,0,1,1,0,1.6094379124341005,0.5186409583356087,4
3.610917912644224,1,4,0,1,0,0,0,0,0,0,5,1,0,0,1,1,0,1.6094379124341005,1.0573747245808909,5
3.6635616461296463,1,3,0,1,0,0,1,0,1,2,0,0,1,0,0,1,0,0.4054651081081644,0.7605343084433978,4
3.828641396489095,1,4,2,0,0,0,1,1,1,1,3,1,0,0,0,1,0,1.6094379124341005,0.17124939527766145,4
3.258096538021482,1,2,0,1,0,0,1,0,0,2,0,1,0,0,1,1,0,1.6094379124341005,0.7443918939954457,5
3.49650756146648,1,3,0,0,0,0,1,0,0,1,3,1,0,0,1,1,0,1.8718021769015916,0.6353460821802319,4
3.6375861597263857,1,4,0,1,0,0,0,0,2,2,2,0,1,0,0,0,1,1.8718021769015916,0.35389270936780715,5
3.610917912644224,1,4,2,1,1,0,4,0,0,2,3,1,0,0,1,0,0,0.0,1.2837920845575044,6
3.367295829986474,1,4,0,1,0,0,1,1,1,0,0,1,0,0,1,1,0,1.8718021769015916,1.2206612133909152,5
3.555348061489413,1,1,1,1,0,0,1,1,1,2,7,1,0,0,0,1,0,0.4054651081081644,0.3418195323635844,4
3.49650756146648,2,2,0,1,0,0,1,0,1,0,0,1,0,0,1,1,0,1.252762968495368,0.10531215855574347,4
3.295836866004329,1,2,0,1,0,0,0,0,1,2,0,0,1,0,0,1,0,1.252762968495368,0.3651841822660121,6
3.912023005428146,1,4,1,1,0,0,1,0,0,1,2,1,0,0,0,1,0,1.6094379124341005,0.24761306178170564,5
3.49650756146648,1,4,0,1,0,0,1,1,1,1,2,0,1,0,0,1,0,0.4054651081081644,0.07391917642750158,4
3.4011973816621555,1,4,2,1,0,0,1,0,0,2,0,1,0,0,1,0,1,1.252762968495368,0.7685474171448352,4
3.1780538303479458,1,4,0,1,0,0,0,0,3,2,4,1,0,0,1,0,1,1.6094379124341005,0.44700276531093464,5
3.9318256327243257,1,2,0,1,0,0,1,0,1,0,2,1,0,0,1,1,0,1.252762968495368,0.4515629233671406,4
3.912023005428146,1,4,1,1,0,0,4,0,0,2,0,1,0,0,1,1,0,1.8718021769015916,0.6157353443498504,6
4.158883083359672,1,4,0,1,0,0,0,0,0,1,2,1,0,0,1,1,0,1.6094379124341005,0.5374935003558687,4
3.6375861597263857,1,2,0,1,0,0,0,0,0,2,3,1,0,0,0,1,0,0.4054651081081644,0.7946501588939093,5
3.58351893845611,1,1,1,1,0,0,1,0,1,0,3,0,1,0,0,1,0,0.4054651081081644,0.4910447625414884,5
3.295836866004329,2,3,0,1,0,0,1,0,1,1,4,1,0,0,1,1,0,1.8718021769015916,1.2415748337102426,3
3.4657359027997265,1,4,2,1,0,0,2,0,0,2,8,1,0,0,1,0,0,0.0,0.818591026711348,4
3.912023005428146,1,4,0,1,0,1,1,0,1,0,0,0,1,0,0,1,0,1.252762968495368,0.4422089705267566,4
3.8918202981106265,1,4,0,1,0,0,2,1,1,0,0,1,0,1,0,1,0,0.4054651081081644,0.7453307448630638,5
3.295836866004329,1,2,0,0,0,0,1,0,1,0,5,1,0,1,0,1,0,1.252762968495368,0.2451204711469123,3
3.367295829986474,1,4,2,1,0,0,1,1,1,2,4,1,0,1,0,0,1,0.4054651081081644,0.3931767323041453,3
3.80666248977032,2,4,2,1,0,0,0,0,1,2,4,0,1,0,0,0,0,1.6094379124341005,0.4867322487765024,5
4.04305126783455,1,4,0,1,0,0,0,0,1,2,4,1,0,0,1,0,0,1.6094379124341005,1.148564006705631,4
3.8501476017100575,2,2,2,1,0,0,0,0,0,2,5,1,0,0,0,1,0,1.6094379124341005,1.2628815438266576,5
3.295836866004329,1,2,0,1,0,0,1,1,1,2,2,0,1,0,0,1,0,0.4054651081081644,0.49747500505511755,4
3.044522437723423,1,4,0,1,0,0,1,0,0,2,4,0,1,0,0,0,1,0.4054651081081644,0.14286789594374016,3
3.828641396489095,1,2,1,0,1,0,1,0,0,1,3,1,0,0,1,1,0,1.6094379124341005,0.3845325486534663,6
3.784189633918261,1,4,0,1,0,0,1,0,1,0,2,1,0,0,1,1,0,1.252762968495368,0.5087436193947816,4
3.49650756146648,1,2,0,1,0,0,0,0,3,2,2,1,0,0,1,1,0,1.8718021769015916,0.5756735013409583,6
4.007333185232471,1,4,3,1,0,0,1,0,1,0,3,0,1,0,0,1,0,0.0,0.06493538819229486,4
3.7612001156935615,1,1,0,1,0,0,3,1,1,2,0,0,1,0,0,1,0,1.252762968495368,1.0360940102167995,4
3.6375861597263857,2,2,1,1,0,0,0,1,0,0,3,1,0,0,1,1,0,1.8718021769015916,0.755602090390558,7
3.912023005428146,1,3,0,1,1,0,0,0,1,1,3,1,0,0,1,1,0,1.8718021769015916,0.37964135577039654,7
3.80666248977032,1,2,0,1,0,0,0,1,2,2,3,1,0,0,1,0,0,1.252762968495368,0.8287514755741344,5
3.5263605246161616,1,2,0,1,0,0,1,0,3,0,2,1,0,0,0,1,0,1.252762968495368,0.2507468860504616,4
3.218875824868201,1,4,1,1,0,0,1,0,0,1,4,0,1,0,0,0,1,1.8718021769015916,0.5705957364580916,4
3.5263605246161616,1,3,1,1,0,0,1,1,0,2,0,1,0,1,0,1,0,0.4054651081081644,0.4316962602994139,5
3.218875824868201,1,4,0,1,0,0,1,1,1,0,2,0,1,0,0,1,0,1.252762968495368,0.24730061306576243,4
3.1354942159291497,1,4,1,1,0,0,1,0,1,0,3,1,0,1,0,0,1,1.252762968495368,0.3190679373908264,5
3.713572066704308,1,4,3,1,0,0,1,0,0,2,8,1,0,0,1,0,0,0.0,1.0507538592200851,3
3.258096538021482,1,1,0,1,0,0,1,0,0,2,2,1,0,0,1,1,0,1.252762968495368,0.8072704370516627,4
3.295836866004329,1,4,0,1,0,0,1,0,1,2,2,0,1,0,0,1,0,0.4054651081081644,0.4734227763559902,4
3.258096538021482,1,3,1,1,0,0,1,1,1,2,3,1,0,1,0,1,0,1.8718021769015916,0.23802704973927472,5
3.4011973816621555,2,2,1,0,0,0,1,0,0,0,3,1,0,0,1,1,0,0.4054651081081644,0.046301254525758465,5
3.4657359027997265,1,4,0,1,0,0,4,1,1,2,2,1,0,0,1,1,0,1.6094379124341005,1.0221194870041328,5
3.6635616461296463,2,3,1,1,0,1,1,0,1,1,2,1,0,0,1,1,0,1.252762968495368,0.2385475113499247,4
3.8918202981106265,1,4,1,1,0,0,1,0,0,1,2,0,1,0,0,1,0,1.252762968495368,0.2667533336504677,5
3.49650756146648,1,2,0,1,0,0,0,0,1,2,1,1,0,0,1,1,0,1.252762968495368,0.4307497949502353,6
3.332204510175204,1,4,1,1,0,0,2,0,1,1,2,0,1,0,0,1,0,1.6094379124341005,0.17298980056316113,7
3.367295829986474,1,2,2,1,0,0,0,1,1,2,3,1,0,1,0,1,0,0.0,0.9267238948360853,6
3.49650756146648,1,3,0,1,0,0,1,1,1,1,0,1,0,0,0,1,0,0.4054651081081644,0.7692622190266586,4
3.555348061489413,1,1,2,1,0,0,1,0,1,2,4,1,0,0,1,0,0,1.8718021769015916,0.46709099120051134,3
3.367295829986474,1,2,0,1,0,0,1,0,3,2,2,1,0,0,1,1,0,1.252762968495368,0.6353102403969154,4
3.610917912644224,1,3,0,1,0,0,0,0,1,0,3,0,1,0,0,1,0,1.252762968495368,0.6046370092293201,6
3.688879454113936,1,4,1,0,0,0,0,0,1,0,3,1,0,0,1,1,0,1.8718021769015916,0.0955446848846756,7
3.912023005428146,1,4,0,1,0,0,0,0,0,1,2,1,0,0,1,0,1,1.6094379124341005,0.2711492714586406,5
3.555348061489413,2,3,0,1,0,0,1,0,3,2,3,0,1,0,0,1,0,1.8718021769015916,0.7603386404325939,4
3.4657359027997265,1,2,0,1,0,0,1,0,1,2,0,1,0,0,1,1,0,1.6094379124341005,1.0429686373667526,4
3.367295829986474,2,4,0,1,0,0,1,0,1,2,0,1,0,0,1,1,0,1.6094379124341005,0.24500365639110216,4
4.330733340286331,1,4,2,1,0,0,0,0,1,2,4,1,0,0,1,0,0,0.0,0.4874714375481898,4
3.4339872044851463,1,2,0,1,0,0,0,1,0,0,1,0,1,0,0,1,0,1.252762968495368,0.6239547259303675,6
3.218875824868201,1,2,2,1,0,0,1,1,0,1,3,0,1,0,0,1,0,0.4054651081081644,1.4263835043044648,3
3.218875824868201,1,4,1,1,0,0,0,1,0,2,4,0,1,0,0,0,1,1.252762968495368,0.8334534374333364,6
3.1780538303479458,2,4,0,1,0,0,3,1,1,2,2,1,0,0,1,0,1,1.6094379124341005,0.6490573680477016,5
3.80666248977032,1,4,2,1,0,0,0,1,1,0,2,1,0,0,0,0,1,1.252762968495368,0.07248143607432594,5
3.1780538303479458,1,4,1,1,0,1,1,0,1,1,0,0,1,0,0,1,0,0.4054651081081644,0.27415729600340677,4
3.218875824868201,1,2,0,1,0,0,1,1,0,2,6,0,1,0,0,0,1,1.252762968495368,0.5323461135407923,3
3.367295829986474,1,4,0,1,0,0,1,0,1,1,2,1,0,0,1,1,0,1.252762968495368,0.7972616521093802,4
3.4657359027997265,1,2,1,1,0,0,1,0,1,2,2,1,0,0,0,1,0,1.252762968495368,0.3883162190491302,5
3.218875824868201,1,4,0,1,0,0,0,0,1,2,1,0,1,0,0,0,0,0.4054651081081644,0.48399263657497554,6
3.295836866004329,1,4,1,1,0,0,1,0,1,2,2,0,1,0,0,0,1,1.8718021769015916,0.23442600055191049,5
3.258096538021482,1,3,0,1,0,0,1,0,2,0,0,1,0,1,0,0,1,0.4054651081081644,0.20272918016074898,4
3.5263605246161616,1,1,2,1,1,0,1,0,1,0,5,1,0,0,1,1,0,1.6094379124341005,0.20668004742251647,4
3.6375861597263857,2,1,1,1,0,1,1,0,1,1,3,1,0,0,1,1,0,0.4054651081081644,0.11918185828099005,4
3.784189633918261,1,2,1,1,0,0,0,0,1,2,0,0,1,0,0,1,0,1.252762968495368,0.5362963485603993,6
3.1780538303479458,1,4,0,1,0,1,0,0,1,0,0,1,0,0,1,1,0,0.4054651081081644,0.4657640927936196,5
3.1780538303479458,1,4,3,1,0,0,1,0,2,2,0,0,1,0,0,0,1,0.0,0.2645065485229535,4
3.555348061489413,1,2,1,1,0,0,2,0,0,0,5,1,0,0,1,1,0,1.252762968495368,0.06939134694344601,6
3.49650756146648,2,3,0,1,0,0,0,1,3,2,1,1,0,0,1,0,0,1.6094379124341005,0.3494524442974314,6
3.1780538303479458,1,4,0,1,0,0,1,0,1,0,6,0,1,0,0,0,1,0.4054651081081644,0.10003123438207087,3
3.4011973816621555,1,2,0,0,0,0,1,1,1,2,2,0,1,0,0,1,0,1.252762968495368,0.09830782371761364,4
3.6635616461296463,1,4,2,1,0,0,0,0,0,2,4,1,0,0,1,1,0,0.0,0.3713086969123565,4
3.367295829986474,1,2,0,1,0,0,3,1,1,1,0,1,0,0,1,0,1,1.252762968495368,0.48587448597766925,5
3.8501476017100575,1,4,0,1,0,0,1,0,2,2,1,1,0,0,1,0,0,1.6094379124341005,0.3714873036869377,4
3.1780538303479458,1,2,1,1,0,0,1,1,1,0,3,1,0,0,1,1,0,0.4054651081081644,0.7527529223045772,5
3.912023005428146,1,4,0,1,1,0,0,0,0,0,0,1,0,0,1,1,0,1.6094379124341005,0.13681681275290158,6
3.295836866004329,1,2,2,1,0,0,2,1,1,2,0,1,0,0,1,1,0,1.252762968495368,1.0428739846257273,6
3.367295829986474,1,2,0,1,0,0,1,0,1,0,0,1,0,1,0,1,0,1.252762968495368,0.4333891531875998,4
3.1780538303479458,1,4,0,1,0,0,1,1,1,0,2,0,1,0,0,0,1,1.8718021769015916,0.9039540101361649,4
4.127134385045092,1,4,0,1,0,0,1,0,0,2,1,1,0,0,1,0,0,1.252762968495368,0.610737359099194,3
3.6375861597263857,1,3,2,1,0,0,1,0,0,2,0,1,0,0,1,1,0,1.6094379124341005,0.2629639634256948,4
3.610917912644224,1,2,0,1,0,0,2,0,1,2,3,0,1,0,0,1,0,1.252762968495368,0.2565799830463523,6
3.091042453358316,1,2,0,1,0,0,1,0,1,1,2,1,0,1,0,0,1,1.252762968495368,0.06945249756588763,4
3.258096538021482,1,1,3,1,0,0,1,1,1,2,2,1,0,0,1,1,0,0.0,0.6330025001122258,4
3.610917912644224,1,4,0,1,0,0,1,0,1,2,5,1,0,0,1,1,0,1.8718021769015916,0.25073679564172485,3
3.332204510175204,1,1,0,1,0,0,0,0,1,2,4,1,0,0,1,1,0,1.8718021769015916,0.5201983294913395,5
3.1354942159291497,1,4,0,1,0,0,1,0,1,2,2,0,1,0,0,0,1,0.4054651081081644,0.2042897868195673,4
3.7612001156935615,2,2,0,1,0,0,1,1,1,2,2,1,0,0,1,1,0,1.6094379124341005,1.0318765102973102,4
3.713572066704308,1,4,0,1,0,0,1,0,1,0,2,0,1,0,0,0,1,1.8718021769015916,0.3697921219749508,4
3.610917912644224,1,4,0,1,0,0,1,0,0,0,3,1,0,0,1,1,0,1.252762968495368,1.027049650372117,4
3.5263605246161616,1,4,0,1,0,0,0,0,1,2,0,1,0,0,1,1,0,1.6094379124341005,0.5323028010146499,6
3.1780538303479458,1,3,0,1,0,0,0,0,1,0,2,0,1,0,0,0,1,0.4054651081081644,0.11466051133759214,6
4.158883083359672,1,4,2,1,0,0,0,0,0,2,3,1,0,0,1,0,0,1.6094379124341005,0.9721789110740219,3
4.110873864173311,1,4,2,1,0,0,4,1,0,2,8,0,1,0,0,0,0,1.6094379124341005,1.2459794775561754,3
3.6375861597263857,1,4,0,1,0,1,4,1,1,2,5,0,1,0,0,0,1,1.8718021769015916,0.8190670159175037,3
3.555348061489413,1,3,0,1,0,0,2,0,1,0,0,1,0,1,0,1,0,0.0,0.36444333338338597,6
3.610917912644224,1,4,0,1,0,0,2,0,0,2,0,1,0,0,1,0,0,1.6094379124341005,0.2141793541748998,5
4.060443010546419,1,2,2,1,0,0,1,1,1,2,3,1,0,0,1,0,0,1.6094379124341005,1.0909978300437586,4
3.970291913552122,1,4,1,1,0,0,0,0,0,2,3,0,1,0,0,1,0,1.252762968495368,0.22792254974011933,7
3.688879454113936,1,4,0,1,0,0,1,0,0,2,2,1,0,0,1,1,0,1.8718021769015916,0.6800419507305612,4
3.6635616461296463,1,4,2,1,0,0,1,1,1,2,4,0,1,0,0,0,0,0.0,0.5521811024301486,3
3.258096538021482,1,4,0,1,0,0,1,0,0,1,3,0,1,0,0,0,1,1.8718021769015916,0.7087312380500677,4
3.295836866004329,1,1,0,1,0,0,1,0,1,0,3,1,0,0,1,1,0,0.4054651081081644,0.4472642954731127,4
3.295836866004329,1,2,1,1,0,0,2,0,0,1,5,1,0,0,1,1,0,1.252762968495368,0.5672322203838116,6
3.258096538021482,1,1,0,1,0,0,0,0,1,2,0,0,1,0,0,1,0,1.252762968495368,0.36369322400258347,6
3.091042453358316,1,2,0,1,0,0,1,0,0,0,0,0,1,0,0,0,1,0.4054651081081644,0.6076170579058839,4
3.713572066704308,1,4,2,1,0,0,0,0,1,1,2,1,0,0,1,1,0,0.0,0.6672180368266296,6
3.332204510175204,1,4,0,1,0,0,0,0,2,2,5,1,0,0,1,1,0,1.252762968495368,0.3122465251589876,4
3.332204510175204,1,2,0,1,0,0,1,0,1,2,5,0,1,0,0,1,0,1.8718021769015916,0.27702068669322927,4
3.4339872044851463,1,2,2,1,0,0,1,0,1,1,3,1,0,1,0,1,0,1.252762968495368,0.3593726017642535,4
2.995732273553991,1,4,1,1,0,0,1,0,3,0,2,0,1,0,0,0,1,0.4054651081081644,0.12925797194916006,5
3.688879454113936,2,4,2,1,0,0,1,0,1,2,3,1,0,0,1,0,0,1.8718021769015916,0.6416599133326125,4
3.4657359027997265,1,4,0,1,0,0,0,0,1,2,0,0,1,0,0,1,0,1.8718021769015916,0.06993140845767777,5
3.4657359027997265,1,3,2,1,0,0,0,0,1,2,2,1,0,0,1,1,0,0.0,0.19918043464804733,5
3.49650756146648,1,3,0,1,0,0,2,0,0,2,1,1,0,0,1,0,1,1.8718021769015916,0.7218385912191003,5
4.02535169073515,1,4,2,1,0,0,1,0,1,2,2,0,1,0,0,0,0,0.0,0.36663816763745527,4
3.8501476017100575,1,2,0,1,0,0,0,0,1,1,2,1,0,1,0,1,0,1.252762968495368,0.8416606036095403,6
3.8501476017100575,1,1,0,1,0,0,1,1,1,0,3,1,0,0,0,0,1,1.6094379124341005,0.1311757798789427,5
3.784189633918261,1,1,1,1,0,0,0,0,3,0,0,0,1,0,0,1,0,1.252762968495368,0.7601172370485139,7
3.688879454113936,1,4,0,1,0,0,1,0,1,0,0,1,0,1,0,1,0,0.4054651081081644,0.49416351267142666,4
3.367295829986474,1,4,0,1,0,0,0,0,0,0,5,1,0,1,0,1,0,1.252762968495368,0.6243489122388204,5
3.332204510175204,1,2,0,1,0,0,2,1,1,2,5,1,0,0,1,1,0,0.4054651081081644,0.4940335528900602,5
3.332204510175204,1,2,1,1,0,0,2,0,1,2,3,1,0,0,1,1,0,1.252762968495368,0.4912923084214395,7
3.784189633918261,2,4,0,1,0,0,2,0,0,2,3,1,0,0,1,1,0,1.6094379124341005,0.6380533074143072,5
3.1354942159291497,1,1,0,1,0,0,1,1,1,1,0,1,0,1,0,1,0,0.4054651081081644,0.2550757761566574,4
3.784189633918261,2,4,0,1,0,0,0,0,0,2,4,1,0,0,1,1,0,1.8718021769015916,0.7739011603837493,5
3.332204510175204,1,2,0,0,0,0,1,0,1,0,0,1,0,1,0,1,0,0.4054651081081644,0.5267133844557357,4
3.295836866004329,1,2,2,1,0,0,1,0,2,2,0,1,0,0,0,1,0,1.6094379124341005,0.6415235093419615,4
3.367295829986474,1,2,0,1,0,0,0,1,2,0,3,1,0,1,0,1,0,1.8718021769015916,0.4383212983585323,7
3.044522437723423,1,4,0,1,0,0,1,0,1,2,0,0,1,0,0,1,0,1.6094379124341005,0.7698126448975359,4
3.58351893845611,1,2,2,1,0,0,0,0,1,2,4,1,0,0,1,1,0,1.8718021769015916,0.8343195992490721,5
3.7612001156935615,1,2,2,1,0,0,0,1,1,2,5,1,0,0,1,1,0,0.0,0.46108739230930446,5
3.713572066704308,2,2,1,0,0,0,1,0,2,2,3,1,0,0,1,0,1,1.252762968495368,0.3053434024344997,5
3.58351893845611,1,2,0,1,0,0,1,1,0,1,3,0,1,0,0,1,0,1.252762968495368,0.756622104647556,4
3.58351893845611,2,2,0,1,0,0,0,0,1,1,4,1,0,0,1,1,0,1.6094379124341005,0.660022070127238,5
3.5263605246161616,2,1,1,1,0,0,1,1,1,0,3,1,0,0,1,1,0,0.4054651081081644,0.46405881059044213,5
3.1780538303479458,1,2,0,1,0,0,2,0,0,2,1,0,1,0,0,0,1,1.252762968495368,0.21453249324129042,6
3.4657359027997265,1,2,2,1,0,0,1,0,2,2,3,0,1,0,0,1,0,1.8718021769015916,0.23085527355267446,4
3.5263605246161616,1,2,0,1,0,0,1,1,0,1,3,0,1,0,0,1,0,1.252762968495368,0.6050802690493094,4
3.044522437723423,1,3,0,1,0,0,1,0,3,2,3,0,1,0,0,0,1,1.8718021769015916,0.3179859323236523,4
3.4339872044851463,1,2,0,1,0,0,1,0,0,2,4,1,0,0,1,1,0,1.252762968495368,0.4579958520044999,3
3.871201010907891,2,3,1,1,0,0,0,0,1,0,3,1,0,0,1,1,0,1.8718021769015916,0.24330068989393666,7
3.555348061489413,1,3,2,1,0,0,2,0,0,0,2,1,0,0,1,1,0,1.8718021769015916,0.6929427474198483,6
3.258096538021482,1,2,0,1,0,0,1,1,0,1,2,0,1,0,0,1,0,1.6094379124341005,0.13829535419946837,4
3.091042453358316,1,3,0,1,0,0,1,0,1,2,4,1,0,1,0,0,1,1.252762968495368,0.20095031811467887,3
3.4011973816621555,1,2,0,1,0,0,0,0,1,2,0,1,0,0,1,1,0,1.6094379124341005,0.8686228126240356,6
3.8501476017100575,1,3,0,1,0,0,0,0,3,0,0,1,0,0,1,1,0,1.252762968495368,0.6082776204035659,6
3.044522437723423,1,4,0,1,0,0,1,0,1,2,2,1,0,0,1,1,0,1.6094379124341005,0.10044126086539408,4
4.02535169073515,2,4,3,1,0,0,0,1,1,2,7,0,1,0,0,0,0,0.0,0.350434270193329,6
4.31748811353631,1,4,1,1,0,0,1,0,1,0,5,1,0,0,1,1,0,1.8718021769015916,0.06083363997371143,3
3.4011973816621555,1,3,2,1,1,0,1,1,1,2,8,1,0,0,1,1,0,1.252762968495368,0.5006004407050003,5
3.610917912644224,1,4,2,1,0,0,0,0,1,2,2,1,0,0,1,0,0,0.0,0.25375063452238594,7
3.5263605246161616,1,2,0,1,0,0,0,0,1,0,7,1,0,0,0,1,0,1.252762968495368,0.7714867407790984,5
3.258096538021482,1,2,0,1,0,0,1,0,1,0,2,1,0,0,1,1,0,1.252762968495368,0.2836175990185408,4
3.258096538021482,1,1,0,1,0,0,1,1,0,0,0,1,0,1,0,1,0,1.252762968495368,0.250139886856984,4
3.1780538303479458,1,4,1,1,0,0,1,0,2,0,7,1,0,1,0,0,1,1.8718021769015916,0.1257511755802775,4
3.6375861597263857,1,4,0,1,0,0,0,0,3,0,3,0,1,0,0,1,0,1.6094379124341005,0.7539722627940475,6
4.189654742026425,1,4,3,1,1,0,0,0,1,2,7,1,0,0,1,1,0,0.0,1.1330951300157674,5
3.295836866004329,1,1,3,1,0,0,4,1,1,0,5,0,1,0,0,1,0,0.4054651081081644,0.427085042283835,4
3.688879454113936,1,4,2,1,0,0,1,0,1,2,3,1,0,0,1,1,0,1.6094379124341005,0.4561305481473152,4
3.4339872044851463,1,3,0,1,1,0,1,0,1,1,2,0,1,0,0,1,0,1.252762968495368,0.2515045463660871,5
3.4011973816621555,1,3,0,1,0,0,2,0,1,2,8,1,0,0,1,1,0,1.252762968495368,0.4006114477791985,5
3.737669618283368,2,4,1,1,0,0,1,1,1,2,1,1,0,0,1,1,0,1.6094379124341005,0.43140878890878875,5
3.4339872044851463,1,3,2,1,0,0,0,1,1,2,2,0,1,0,0,1,0,1.252762968495368,0.8044726705412003,5
3.737669618283368,1,4,1,1,0,0,0,0,0,1,1,0,1,0,0,0,1,1.6094379124341005,0.35137161660392136,7
3.555348061489413,1,4,0,1,0,0,1,1,1,2,3,0,1,0,0,1,0,0.4054651081081644,1.0047277325480857,4
3.58351893845611,1,2,0,1,0,1,1,0,1,0,0,1,0,0,1,1,0,1.252762968495368,0.1588997299033741,3
4.02535169073515,1,4,2,1,0,0,1,0,0,0,2,0,1,0,0,1,0,1.6094379124341005,0.3542205368817127,4
4.127134385045092,1,3,0,1,0,0,2,1,3,1,7,1,0,1,0,1,0,1.252762968495368,0.42760840477578443,4
3.4339872044851463,1,2,2,1,0,0,0,0,0,2,4,1,0,0,1,1,0,1.252762968495368,1.080514968983112,4
3.4011973816621555,1,1,0,1,0,0,1,0,1,0,0,0,1,0,0,1,0,1.252762968495368,0.18012413320631532,4
3.555348061489413,1,4,0,1,0,0,3,0,1,1,2,1,0,0,1,1,0,1.6094379124341005,0.2597513031269587,5
3.58351893845611,1,4,2,1,0,0,1,0,1,2,4,1,0,0,1,1,0,1.6094379124341005,0.7810697537974548,3
3.4657359027997265,1,3,0,1,1,0,1,1,1,1,3,1,0,0,1,1,0,1.8718021769015916,0.4796485197243262,5
3.4011973816621555,1,1,2,1,0,0,1,0,1,2,4,0,1,0,0,1,0,0.4054651081081644,0.781193021439935,3
3.610917912644224,2,2,0,1,0,0,0,0,1,0,3,1,0,0,1,0,1,1.252762968495368,0.24549906698177854,6
3.58351893845611,1,4,0,1,0,0,1,1,1,2,4,1,0,0,1,0,0,1.6094379124341005,0.3722907430787017,3
3.332204510175204,1,1,0,1,0,0,1,0,1,0,6,0,1,0,0,1,0,0.4054651081081644,0.22706367584140127,3
3.49650756146648,1,2,0,1,0,0,1,0,1,2,0,1,0,0,1,1,0,0.4054651081081644,0.5249129998456787,4
3.6375861597263857,2,2,0,1,0,1,1,0,1,1,2,1,0,0,1,1,0,1.252762968495368,0.3736713650294755,3
3.610917912644224,1,3,0,1,0,0,1,0,1,0,3,1,0,0,1,1,0,0.4054651081081644,0.30672000774427444,4
3.555348061489413,1,1,2,1,0,0,1,0,1,0,2,0,1,0,0,0,1,0.4054651081081644,0.36990232596524825,4
3.6635616461296463,1,4,0,1,0,0,1,0,0,1,8,1,0,0,1,1,0,1.6094379124341005,0.432643058259271,4
3.555348061489413,1,1,0,1,0,0,1,0,1,2,5,1,0,0,1,1,0,1.8718021769015916,0.625403756724667,4
4.158883083359672,2,4,0,1,0,1,1,0,1,2,4,1,0,0,1,1,0,1.252762968495368,0.6383254614974451,1
3.4011973816621555,1,2,1,1,0,0,2,1,1,2,0,0,1,0,0,0,1,0.4054651081081644,0.7634835928442384,6
3.49650756146648,2,3,0,1,0,0,2,0,0,2,0,1,0,0,1,1,0,1.6094379124341005,1.063117286935923,6
3.295836866004329,1,2,0,1,0,0,2,0,1,2,5,0,1,0,0,1,0,1.252762968495368,0.5965098627237337,5
3.58351893845611,1,3,1,1,0,0,2,0,1,2,4,1,0,0,1,1,0,1.8718021769015916,0.6531143074213684,6
3.1354942159291497,1,2,0,1,0,0,1,1,0,2,0,1,0,1,0,0,1,0.4054651081081644,0.6400943078252973,4
3.1780538303479458,1,4,0,1,0,0,1,1,1,1,1,0,1,0,0,1,0,0.4054651081081644,0.23131091927347452,4
3.367295829986474,1,3,1,1,0,0,1,1,1,2,3,1,0,0,1,1,0,1.252762968495368,0.3377042807606889,5
3.610917912644224,2,4,2,1,0,0,1,0,0,1,8,1,0,0,1,1,0,0.0,0.24731323367814936,3
3.5263605246161616,1,2,0,1,0,0,0,1,1,2,0,1,0,1,0,1,0,1.252762968495368,0.6108947238155062,5
3.295836866004329,1,4,0,1,0,0,3,1,1,1,2,0,1,0,0,0,1,0.4054651081081644,0.20234579702204056,4
3.218875824868201,1,4,0,1,0,0,1,0,2,2,4,1,0,0,1,1,0,1.252762968495368,1.0711292653028335,3
3.258096538021482,1,2,0,1,0,0,1,0,1,2,0,1,0,0,1,1,0,1.8718021769015916,0.8048637006289927,4
3.688879454113936,1,4,1,1,0,0,1,0,0,0,5,1,0,0,1,1,0,1.8718021769015916,0.3475218947790117,4
3.80666248977032,2,4,0,1,0,0,0,0,1,2,2,1,0,0,1,1,0,1.6094379124341005,0.5366746715370256,6
3.1780538303479458,1,1,1,1,0,0,0,0,1,0,0,0,1,0,0,1,0,1.252762968495368,0.14053482985442767,6
3.295836866004329,1,1,0,1,0,0,1,0,1,1,3,1,0,0,1,1,0,0.4054651081081644,0.7513657452922323,4
4.060443010546419,1,4,0,1,0,0,1,0,3,1,2,0,1,0,0,0,1,1.6094379124341005,0.9203838314421218,5
3.4339872044851463,1,2,0,1,0,0,2,0,3,1,2,0,1,0,0,1,0,1.8718021769015916,0.41643858546188156,6
3.80666248977032,1,4,0,1,0,0,0,0,2,0,3,1,0,0,1,1,0,1.252762968495368,0.44382684453232996,5
3.871201010907891,1,4,2,1,0,0,2,1,1,1,3,1,0,0,1,1,0,0.0,0.24694296444519453,5
3.970291913552122,1,4,0,1,0,0,1,0,1,2,0,1,0,0,1,1,0,1.252762968495368,0.2614325379188711,4
4.143134726391533,1,4,0,1,1,0,1,0,1,2,3,0,1,0,0,0,0,1.6094379124341005,0.793503935527665,4
3.58351893845611,1,2,1,0,0,0,1,0,0,0,3,1,0,0,1,0,1,1.252762968495368,0.30315103420660855,5
3.295836866004329,1,3,0,1,0,1,1,0,1,1,3,1,0,0,1,0,1,1.252762968495368,0.1404000299585958,3
3.295836866004329,1,2,0,1,0,0,0,0,1,2,0,1,0,0,1,1,0,1.6094379124341005,0.25425612015823834,6
3.7612001156935615,1,4,2,1,0,0,3,1,1,2,5,0,1,0,0,0,0,1.6094379124341005,0.5405942855647662,4
3.332204510175204,1,1,0,1,0,0,0,0,0,1,0,0,1,0,0,1,0,1.252762968495368,0.0677904176413241,6
3.6635616461296463,1,4,0,1,0,0,1,0,0,1,0,1,0,0,1,1,0,1.6094379124341005,0.2281842804183447,4
3.688879454113936,2,2,1,0,0,0,0,0,1,0,3,1,0,0,1,0,1,1.252762968495368,0.3625827300118438,7
3.044522437723423,1,4,0,1,0,0,1,1,0,2,2,1,0,1,0,1,0,1.252762968495368,0.4678209729184329,4
3.4011973816621555,1,1,2,1,1,0,1,1,0,2,2,1,0,0,1,0,1,0.4054651081081644,1.0722617112214141,5
3.713572066704308,1,3,0,1,0,0,0,0,1,1,2,1,0,0,1,1,0,1.8718021769015916,0.7617808898143007,6
3.49650756146648,1,2,1,1,0,1,1,0,1,0,0,1,0,1,0,1,0,1.6094379124341005,0.6123267843310569,4
3.367295829986474,2,4,0,1,0,0,0,0,0,2,3,1,0,0,0,1,0,1.6094379124341005,0.13186487023802723,6
3.332204510175204,1,1,0,1,0,0,1,1,1,1,3,0,1,0,0,1,0,0.4054651081081644,0.7867943403662039,4
3.7612001156935615,2,4,0,1,0,0,1,0,1,2,4,1,0,0,1,0,0,1.6094379124341005,0.6581100452130249,3
3.912023005428146,1,4,0,1,0,0,1,0,0,0,0,1,0,0,0,1,0,1.6094379124341005,0.18980411304666686,4
3.6635616461296463,2,4,0,1,0,0,0,1,0,2,0,1,0,0,1,1,0,0.4054651081081644,0.7518340452477682,6
3.218875824868201,1,4,0,1,0,0,1,1,1,1,3,0,1,0,0,0,1,0.4054651081081644,0.7515537897151419,4
3.332204510175204,1,4,1,1,0,1,1,1,0,1,3,1,0,0,1,1,0,1.252762968495368,0.38491709875068175,4
3.610917912644224,1,2,0,1,0,0,0,0,2,2,4,1,0,0,1,1,0,1.252762968495368,0.31251197928876573,4
3.555348061489413,2,2,2,1,0,0,4,1,0,1,3,1,0,0,1,1,0,0.0,0.17960703577388812,5
3.367295829986474,1,2,0,1,0,0,1,0,1,1,0,1,0,1,0,1,0,1.252762968495368,0.7574816697361799,4
3.828641396489095,1,2,2,1,0,0,1,0,0,2,4,1,0,0,1,1,0,1.6094379124341005,1.123488283491681,3
3.295836866004329,1,2,0,1,0,0,1,1,1,0,3,1,0,0,1,1,0,1.8718021769015916,0.43281456860952233,4
3.49650756146648,1,2,2,1,0,0,1,0,1,2,4,1,0,0,1,0,0,1.252762968495368,0.6531609859777838,3
3.295836866004329,1,4,0,1,0,0,1,0,1,1,5,1,0,0,1,0,1,1.8718021769015916,0.3148825668180753,3
3.044522437723423,1,4,0,1,1,0,2,0,1,0,0,1,0,1,0,0,1,1.252762968495368,0.4260352534827711,7
4.007333185232471,1,1,0,1,0,0,1,0,0,1,3,1,0,0,1,1,0,0.4054651081081644,0.7748621252425075,4
3.6375861597263857,1,3,0,0,0,0,0,0,1,1,3,0,1,0,0,1,0,1.8718021769015916,0.236171520603329,6
3.713572066704308,2,4,1,0,0,0,0,0,1,0,3,1,0,0,1,1,0,0.4054651081081644,0.13211303362217433,6
3.1780538303479458,1,4,0,1,0,0,0,1,1,1,2,0,1,0,0,0,1,0.4054651081081644,0.6661685404175136,6
3.784189633918261,1,2,0,1,0,0,1,0,0,1,3,1,0,0,1,1,0,1.6094379124341005,0.19062444835498082,4
3.610917912644224,1,4,0,1,0,0,0,0,0,2,0,1,0,0,1,0,0,1.6094379124341005,0.23836845472532353,6
3.80666248977032,1,4,0,1,0,0,0,0,1,2,7,1,0,0,1,0,0,1.6094379124341005,0.658189128737872,5
3.218875824868201,1,2,0,1,0,0,1,1,1,0,0,0,1,0,0,1,0,1.252762968495368,0.3710571893863394,4
3.9889840465642745,2,4,0,1,0,0,3,1,1,2,2,1,0,0,1,0,0,1.252762968495368,1.0624299848626897,5
3.1780538303479458,1,4,0,1,0,0,1,0,0,2,4,0,1,0,0,1,0,1.8718021769015916,0.6438993512250953,3
3.295836866004329,2,4,1,1,0,1,1,0,1,0,0,0,1,0,0,1,0,1.252762968495368,0.6072375046876918,4
3.4339872044851463,1,3,0,1,0,0,1,0,1,2,4,1,0,0,1,1,0,0.4054651081081644,0.5238978313135472,4
3.4657359027997265,1,3,0,1,0,0,0,0,0,2,1,0,1,0,0,1,0,1.252762968495368,0.5377231777933735,5
3.7612001156935615,2,1,1,1,0,0,0,0,1,0,0,1,0,0,1,1,0,1.8718021769015916,0.09058980990729407,7
3.4657359027997265,1,4,0,1,0,0,1,1,1,2,0,1,0,0,0,0,1,1.252762968495368,1.0144748566015807,4
3.737669618283368,2,4,1,1,0,0,1,0,1,0,3,1,0,0,1,1,0,0.4054651081081644,0.18319229024751243,5
3.49650756146648,2,1,0,1,0,0,1,0,1,2,1,1,0,0,1,1,0,1.8718021769015916,0.8404005739212519,5
3.367295829986474,1,4,0,1,0,0,1,1,0,2,3,0,1,0,0,0,1,1.252762968495368,0.3144981899084354,5
3.737669618283368,1,4,0,1,0,0,2,0,1,0,4,1,0,1,0,0,1,1.252762968495368,0.4503868302012243,4
3.295836866004329,1,3,0,1,0,0,1,0,0,1,0,1,0,1,0,1,0,1.8718021769015916,0.7546674585879978,4
3.258096538021482,1,2,0,1,0,0,1,0,0,2,0,1,0,0,1,1,0,0.4054651081081644,0.7865837734017039,5
3.5263605246161616,1,1,0,1,0,0,0,1,1,2,1,1,0,0,0,0,1,0.4054651081081644,0.41408296525004556,5
4.330733340286331,1,3,2,1,0,0,1,0,0,1,3,0,1,0,0,1,0,0.0,0.24893974953287487,3
3.6375861597263857,1,4,0,1,0,0,0,0,1,1,2,0,1,0,0,1,0,1.6094379124341005,0.5184900336936791,5
3.7612001156935615,1,4,2,1,0,0,1,1,1,2,3,1,0,0,1,0,0,1.6094379124341005,1.263669200765556,4
3.828641396489095,1,1,1,1,0,0,1,0,1,1,2,0,1,0,0,1,0,0.4054651081081644,0.20208731111393,5
3.1780538303479458,1,1,0,1,0,0,1,1,1,0,0,1,0,1,0,0,1,0.4054651081081644,0.1331609857693693,4
4.110873864173311,1,4,0,1,0,0,2,0,1,2,3,1,0,0,1,0,0,1.6094379124341005,0.7710163862196732,5
3.4657359027997265,1,4,0,1,0,0,1,1,0,1,2,1,0,0,1,1,0,1.6094379124341005,0.9425027954982731,4
3.555348061489413,2,1,1,1,0,0,1,1,1,0,2,1,0,0,1,1,0,1.252762968495368,0.3688231875918771,5
4.127134385045092,1,4,1,1,0,0,0,0,1,0,3,1,0,0,1,1,0,1.6094379124341005,0.4457787347718024,6
3.784189633918261,2,2,0,1,0,0,2,1,1,0,3,1,0,0,1,0,0,0.0,0.7552932175890233,6
3.6375861597263857,1,4,0,1,0,0,0,0,1,2,3,0,1,0,0,1,0,1.252762968495368,0.7708338166521604,5
3.49650756146648,2,1,0,1,0,0,1,0,1,2,0,1,0,0,1,1,0,1.8718021769015916,0.618048206918963,4
3.218875824868201,1,4,1,1,0,0,4,1,1,0,0,0,1,0,0,1,0,1.252762968495368,0.4278032697878011,6
3.58351893845611,1,1,0,1,0,0,0,0,0,2,4,1,0,0,1,0,0,1.8718021769015916,0.8240642675359788,5
3.1780538303479458,1,4,0,1,0,0,0,0,0,0,7,0,1,0,0,1,0,1.8718021769015916,0.4398408608233245,5
3.828641396489095,2,4,1,1,0,0,4,0,2,1,0,1,0,0,1,1,0,1.6094379124341005,0.13431344726667763,6
3.555348061489413,1,1,0,1,0,1,1,1,1,0,0,1,0,1,0,1,0,1.8718021769015916,0.4888567368355581,4
3.332204510175204,1,1,0,1,0,0,0,0,0,2,3,1,0,0,1,1,0,0.4054651081081644,0.4575806604577926,5
4.219507705176107,1,4,2,1,0,0,1,0,1,1,1,0,1,0,0,1,0,1.8718021769015916,0.3505934738578909,4
3.1354942159291497,1,1,0,1,0,0,1,1,1,2,0,1,0,0,1,1,0,0.4054651081081644,0.2484438519848391,4
3.367295829986474,1,3,0,1,0,0,3,1,0,2,3,0,1,0,0,1,0,0.4054651081081644,0.506062135622697,5
3.4011973816621555,1,4,0,1,0,0,3,1,0,1,3,0,1,0,0,1,0,1.252762968495368,0.23897524494239442,5
3.332204510175204,1,4,0,1,0,0,4,1,1,2,2,1,0,0,1,1,0,1.8718021769015916,0.6444721921932351,5
3.4657359027997265,1,2,1,1,0,0,0,1,1,0,2,1,0,0,1,1,0,0.4054651081081644,0.3605791921624229,7
3.912023005428146,2,4,0,1,0,0,1,0,0,2,4,1,0,0,1,0,0,1.6094379124341005,0.7848892058029494,3
3.218875824868201,1,4,1,1,0,1,4,1,1,2,0,1,0,0,1,0,1,1.8718021769015916,0.7608500207660697,5
3.4011973816621555,1,1,0,1,0,0,2,0,1,1,0,0,1,0,0,1,0,0.4054651081081644,0.12605320205163384,5
3.6375861597263857,1,4,0,1,0,0,1,1,0,2,3,1,0,0,1,0,0,1.252762968495368,0.398755709429906,4
3.6375861597263857,1,2,2,1,0,0,2,0,0,1,5,1,0,0,1,1,0,1.252762968495368,0.801665142030612,5
3.1780538303479458,1,2,0,1,0,0,2,0,0,1,0,0,1,0,0,0,1,1.8718021769015916,0.6180690374301454,6
3.610917912644224,1,3,0,1,0,0,1,1,1,2,3,1,0,0,0,1,0,1.8718021769015916,0.2489170361936504,4
3.555348061489413,1,2,0,1,0,0,0,0,3,2,0,1,0,0,1,1,0,1.6094379124341005,0.46404905717709694,5
3.737669618283368,2,1,0,1,0,0,1,0,0,2,0,1,0,0,1,1,0,1.8718021769015916,1.2329819257682069,5
3.4657359027997265,1,2,0,1,0,0,1,1,1,2,0,0,1,0,0,1,0,1.252762968495368,1.0602693449091303,4
3.1780538303479458,1,4,1,1,0,0,1,1,1,0,2,0,1,0,0,0,1,0.4054651081081644,0.7880656701485353,5
3.6635616461296463,1,2,0,1,1,0,0,0,1,2,0,1,0,0,1,1,0,1.8718021769015916,0.7747124435446212,6
3.295836866004329,1,4,2,1,0,0,1,0,0,1,4,0,1,0,0,0,1,0.0,0.48262371514893854,3
3.1354942159291497,1,4,1,1,0,0,1,0,1,1,5,0,1,0,0,1,0,1.252762968495368,0.5187890393021639,4
3.332204510175204,1,4,1,1,0,0,1,0,1,2,0,1,0,0,1,1,0,1.6094379124341005,0.34842175579761475,6
3.218875824868201,1,3,0,1,1,0,0,0,1,2,2,0,1,0,0,1,0,1.8718021769015916,0.31555563404442727,7
3.332204510175204,1,1,0,1,0,0,1,0,1,0,0,0,1,0,0,1,0,1.8718021769015916,0.26067843382690314,4
3.5263605246161616,1,2,0,1,0,0,0,0,0,2,1,0,1,0,0,1,0,1.252762968495368,0.6250227861127521,6
3.332204510175204,1,4,0,1,0,0,0,1,1,2,3,1,0,0,0,1,0,0.4054651081081644,1.0232670462788565,6
3.332204510175204,1,3,1,1,0,0,1,0,1,2,8,1,0,1,0,1,0,0.4054651081081644,0.7419540923398343,5
3.4339872044851463,1,3,0,1,0,1,0,1,1,0,3,1,0,0,1,1,0,1.6094379124341005,0.48498459342308575,5
3.912023005428146,2,3,1,1,0,0,0,0,1,0,3,1,0,0,1,1,0,0.4054651081081644,0.1393673002537133,7
3.295836866004329,1,2,0,1,0,0,1,0,1,0,2,0,1,0,0,0,1,1.252762968495368,0.353681345541665,4
3.5263605246161616,1,1,1,1,0,0,1,1,1,2,7,1,0,0,1,0,1,0.4054651081081644,1.0159966497757706,4
3.970291913552122,1,4,2,1,0,0,1,0,0,2,3,0,1,0,0,0,0,1.6094379124341005,0.4592722652390502,4
3.044522437723423,1,4,0,1,0,0,1,1,1,0,2,0,1,0,0,0,1,1.252762968495368,0.19714412285372732,4
3.610917912644224,2,2,0,1,0,0,0,0,1,0,3,1,0,0,1,0,1,1.252762968495368,0.20103829806791312,6
3.091042453358316,1,1,1,1,0,1,1,0,1,1,2,1,0,0,1,1,0,1.252762968495368,0.4464631654059941,4
3.871201010907891,1,3,1,1,0,0,1,1,1,0,6,1,0,1,0,1,0,1.252762968495368,0.6101535461423718,4
4.110873864173311,1,3,0,1,0,0,0,1,1,1,2,1,0,0,1,1,0,1.6094379124341005,0.3637676303152793,5
4.07753744390572,1,3,1,1,0,0,0,0,1,0,0,0,1,0,0,1,0,1.8718021769015916,0.41504576564173545,9
3.7612001156935615,1,4,0,1,0,0,2,0,0,2,3,0,1,0,0,0,1,1.252762968495368,0.7697749555094822,6
3.610917912644224,1,4,1,1,0,0,1,0,3,0,5,0,1,0,0,1,0,1.6094379124341005,0.6925220813097313,4
3.044522437723423,1,4,1,1,0,0,1,1,1,1,3,0,1,0,0,0,1,1.252762968495368,0.636007584805865,5
3.713572066704308,1,3,2,1,0,0,4,1,0,2,8,1,0,0,1,1,0,1.6094379124341005,0.7559914293587866,4
3.49650756146648,1,1,1,1,0,0,4,1,0,1,3,0,1,0,0,1,0,0.4054651081081644,0.0664617438260192,6
3.1780538303479458,1,4,0,1,0,0,1,1,1,2,3,0,1,0,0,0,1,1.8718021769015916,0.7582433820514694,5
3.610917912644224,1,4,1,1,0,0,3,1,1,0,5,1,0,0,1,1,0,1.252762968495368,0.26636103418193213,6
3.4657359027997265,1,2,0,1,0,0,0,1,1,1,3,1,0,0,1,1,0,1.8718021769015916,0.36816803953990024,6
3.49650756146648,1,2,0,1,0,0,2,0,1,2,5,1,0,0,1,0,0,1.252762968495368,0.2649295083451819,4
3.828641396489095,1,1,0,1,0,1,1,0,1,0,0,0,1,0,0,1,0,0.4054651081081644,0.08206116909180296,3
3.4339872044851463,1,1,0,1,0,0,1,1,1,1,2,0,1,0,0,1,0,1.252762968495368,0.34493533250420993,4
3.555348061489413,1,4,1,1,0,0,4,1,1,2,1,0,1,0,0,0,0,1.8718021769015916,0.767276249094903,6
3.367295829986474,1,2,2,1,0,0,1,1,1,2,2,0,1,0,0,1,0,1.252762968495368,1.030654851664074,4
3.1780538303479458,1,2,0,1,0,0,1,0,1,1,2,0,1,0,0,1,0,0.4054651081081644,0.38431995049477957,4
3.1354942159291497,1,4,0,1,0,0,4,0,2,0,2,1,0,0,1,1,0,1.252762968495368,0.7831736318270334,5
4.31748811353631,1,2,2,1,0,0,0,0,1,0,5,1,0,0,1,1,0,1.252762968495368,0.652075654683953,3
3.9318256327243257,1,4,0,1,1,0,1,1,0,2,0,0,1,0,0,0,0,1.252762968495368,1.0209230214718301,5
3.5263605246161616,1,1,0,1,0,0,1,0,1,0,0,1,0,0,1,1,0,0.4054651081081644,0.6270235699527759,4
3.828641396489095,2,4,0,1,0,0,1,0,0,2,4,1,0,0,1,0,0,1.6094379124341005,0.5329160905387557,3
3.1354942159291497,1,3,0,1,0,0,1,1,0,1,6,0,1,0,0,1,0,0.0,0.43219161201321266,3
3.8918202981106265,2,4,1,1,0,0,1,1,0,2,3,0,1,0,0,0,0,1.6094379124341005,0.11057655900087428,5
3.4011973816621555,1,2,0,1,0,0,1,0,3,2,0,0,1,0,0,1,0,0.4054651081081644,0.7187462603161551,4
3.1354942159291497,1,4,0,0,0,1,4,0,1,2,4,0,1,0,0,0,1,1.252762968495368,0.2639828660408266,3
3.1354942159291497,1,1,0,1,0,0,2,1,1,0,2,0,1,0,0,1,0,1.8718021769015916,0.6229735814215188,5
3.8918202981106265,1,2,2,1,0,0,3,0,0,2,5,1,0,0,1,1,0,1.252762968495368,0.8352463688122941,3
3.332204510175204,1,2,2,1,0,0,2,0,0,2,0,1,0,0,1,0,0,1.252762968495368,0.9566657509175174,4
3.6375861597263857,2,3,0,1,0,0,0,0,1,0,3,1,0,0,1,0,1,1.252762968495368,0.07286626171044158,7
3.091042453358316,1,4,0,1,1,0,1,1,0,2,2,0,1,0,0,0,1,1.252762968495368,0.5610796581085434,5
3.912023005428146,1,2,1,1,0,0,1,0,1,0,3,1,0,0,0,1,0,1.252762968495368,0.42837988158008256,5
3.332204510175204,1,3,0,1,0,0,0,0,1,1,5,1,0,0,1,1,0,1.8718021769015916,0.42453380785008776,5
3.49650756146648,1,2,0,1,0,0,0,1,1,1,3,1,0,0,1,1,0,1.252762968495368,0.4952052906715309,6
3.6635616461296463,1,2,0,1,0,0,1,1,0,0,5,1,0,0,0,1,0,1.252762968495368,1.2322136440253073,3
3.1354942159291497,1,1,0,1,0,0,1,0,1,2,2,0,1,0,0,0,1,0.4054651081081644,0.45577821959978726,4
4.189654742026425,1,4,0,1,0,0,1,1,1,2,0,1,0,0,1,0,0,1.252762968495368,0.6345967447366687,4
3.58351893845611,1,2,0,1,0,0,1,0,0,2,0,1,0,0,1,1,0,1.6094379124341005,0.5451720556346207,4
3.737669618283368,1,2,0,1,0,0,1,0,1,0,2,1,0,0,1,1,0,1.252762968495368,0.13597249796578878,4
3.4011973816621555,1,3,0,1,0,0,4,1,0,2,3,1,0,0,1,1,0,1.8718021769015916,0.19282539195541848,5
3.610917912644224,1,4,0,1,0,0,0,0,2,0,2,1,0,0,1,1,0,1.252762968495368,1.1409419650754147,6
4.174387269895637,1,4,1,1,0,0,1,0,0,0,1,1,0,0,1,1,0,1.6094379124341005,0.10768038201929038,4
3.367295829986474,1,4,0,1,0,0,1,0,1,2,0,0,1,0,0,1,0,1.252762968495368,0.47282399772985007,4
3.80666248977032,1,3,0,1,0,0,4,1,1,2,2,1,0,0,1,1,0,1.252762968495368,0.6180690374301454,5
3.1780538303479458,1,1,0,1,0,0,1,0,0,1,0,1,0,0,1,1,0,0.4054651081081644,0.5359940731072804,4
2.995732273553991,1,2,0,1,1,0,1,1,1,2,2,0,1,0,0,0,1,0.4054651081081644,0.19678242479329014,6
3.258096538021482,1,4,1,1,0,0,1,1,1,2,3,0,1,0,0,1,0,0.4054651081081644,0.6136486558435168,5
3.871201010907891,2,4,0,1,0,0,1,0,1,1,1,1,0,0,1,1,0,1.6094379124341005,0.4484472247321609,6
3.367295829986474,1,1,0,1,0,0,1,0,2,2,0,0,1,0,0,1,0,1.8718021769015916,0.7564859331712307,4
3.091042453358316,1,4,0,1,0,0,2,0,1,2,0,1,0,0,1,1,0,1.8718021769015916,0.9770536298243435,5
3.555348061489413,2,3,0,1,0,0,1,0,1,2,0,0,1,0,0,1,0,0.4054651081081644,0.45021661985858913,4
3.295836866004329,2,2,0,1,0,0,2,1,1,1,0,1,0,0,1,1,0,1.8718021769015916,0.9576164389608094,6
3.332204510175204,1,1,3,1,0,0,1,1,1,0,1,0,1,0,0,1,0,0.0,0.5942489554347808,4
3.6635616461296463,1,4,1,1,0,0,1,0,1,2,7,1,0,0,1,1,0,1.6094379124341005,0.533096102689953,5
3.713572066704308,1,2,2,1,0,0,1,1,0,1,1,1,0,0,1,1,0,1.252762968495368,0.4545700152633678,4
3.5263605246161616,1,2,0,1,0,1,0,0,1,2,0,1,0,1,0,1,0,1.8718021769015916,0.7675582002571273,5
3.49650756146648,1,1,2,1,0,0,0,0,1,1,0,1,0,1,0,1,0,1.8718021769015916,0.6242294698215254,6
3.332204510175204,1,4,0,1,0,0,2,1,0,2,5,1,0,0,1,0,1,0.4054651081081644,1.0671539194276076,5
3.49650756146648,1,2,0,1,0,1,3,0,1,0,2,1,0,0,0,1,0,1.252762968495368,0.56922276654554,4
3.295836866004329,1,2,0,1,0,0,1,1,2,1,3,0,1,0,0,1,0,1.252762968495368,0.24907532839252225,4
3.6635616461296463,2,3,0,1,0,0,1,1,1,2,3,1,0,0,1,0,0,1.8718021769015916,0.7423584152337531,4
3.713572066704308,2,4,1,1,0,0,1,1,1,2,1,1,0,0,1,0,1,1.252762968495368,0.4301112717132469,5
3.9318256327243257,1,1,2,1,0,0,1,0,1,2,1,1,0,0,1,0,0,1.8718021769015916,1.2619643267210188,4
3.6375861597263857,1,2,1,1,0,0,1,1,1,1,2,1,0,0,1,1,0,1.252762968495368,0.45663662226382806,5
3.828641396489095,1,1,0,1,1,0,1,1,1,0,3,1,0,0,1,1,0,1.6094379124341005,0.7756382220205712,5
3.7612001156935615,1,4,2,1,0,0,2,1,0,2,3,1,0,0,1,1,0,1.6094379124341005,0.6700518708271148,8
3.58351893845611,1,3,0,1,0,0,0,0,1,2,4,1,0,0,1,1,0,1.8718021769015916,0.7763193641989168,5
3.1354942159291497,1,4,0,1,0,0,1,0,1,2,3,1,0,0,1,0,0,0.0,0.16320276580283788,4
3.737669618283368,2,4,1,1,0,0,1,1,1,2,3,1,0,0,1,1,0,1.6094379124341005,0.4368792276167426,5
3.6375861597263857,1,3,0,1,0,0,1,0,0,2,0,1,0,0,1,1,0,1.8718021769015916,1.276035330242257,4
3.367295829986474,1,1,0,1,0,0,3,0,1,2,5,0,1,0,0,1,0,1.252762968495368,0.5668916222182664,4
3.737669618283368,1,1,0,1,0,0,0,0,1,2,2,1,0,0,1,1,0,1.6094379124341005,0.38524259745583056,5
3.1780538303479458,1,4,0,1,0,0,1,0,1,0,0,1,0,1,0,0,1,1.252762968495368,0.3522520472558712,4
3.1780538303479458,1,2,0,1,0,0,1,1,0,2,3,1,0,1,0,1,0,1.252762968495368,0.43722604447779695,4
3.9318256327243257,1,2,0,1,0,0,1,0,1,0,2,1,0,0,1,1,0,1.6094379124341005,0.7048634383403984,5
3.58351893845611,1,1,2,1,0,0,2,0,1,1,2,1,0,0,1,1,0,0.0,0.2447375406063466,6
3.9318256327243257,1,4,1,1,0,0,0,0,1,1,1,0,1,0,0,1,0,1.252762968495368,0.12981208847328277,6
3.332204510175204,1,2,2,1,1,0,0,0,1,2,8,1,0,0,1,1,0,0.0,0.8121128093521198,6
3.555348061489413,2,2,0,1,0,0,4,0,3,2,2,1,0,0,1,1,0,1.252762968495368,0.9189723452049837,5
3.332204510175204,1,1,0,1,0,0,4,0,1,0,5,0,1,0,0,1,0,1.252762968495368,0.4724741141012045,4
3.784189633918261,1,4,0,1,1,0,0,1,1,1,3,1,0,0,1,0,1,1.6094379124341005,0.37966263830871433,7
3.871201010907891,1,4,0,1,0,0,0,0,1,1,0,1,0,0,1,1,0,1.6094379124341005,0.9130765258276972,5
3.332204510175204,1,3,1,1,0,0,0,0,0,1,5,1,0,0,1,1,0,1.252762968495368,0.6492777874023581,6
3.4657359027997265,1,2,0,1,0,0,1,0,0,2,5,1,0,0,1,1,0,1.8718021769015916,0.6594865130568119,4
3.7612001156935615,1,4,2,1,0,0,1,0,1,1,3,1,0,0,1,1,0,1.6094379124341005,0.9614186505519567,3
3.218875824868201,1,2,0,1,0,0,0,0,2,2,3,1,0,1,0,1,0,1.252762968495368,0.07021555871826414,5
3.737669618283368,2,2,1,1,0,0,2,1,2,0,5,1,0,0,1,1,0,0.4054651081081644,0.709724526003585,5
3.295836866004329,1,4,2,1,0,0,0,0,1,2,0,0,1,0,0,0,1,1.8718021769015916,0.9292556318972209,5
3.5263605246161616,1,4,0,1,0,0,0,0,1,2,2,1,0,0,1,1,0,1.6094379124341005,0.8048498112283281,5
3.218875824868201,1,2,0,1,0,0,1,1,0,2,0,1,0,1,0,1,0,1.252762968495368,1.0523889586547037,3
4.174387269895637,1,4,1,1,0,0,1,0,1,0,0,1,0,0,1,0,1,1.6094379124341005,0.7769106153342312,4
3.295836866004329,1,1,0,1,0,0,1,0,1,0,0,0,1,0,0,1,0,0.4054651081081644,0.49378813047243636,4
4.04305126783455,1,2,0,1,0,0,1,0,1,2,1,0,1,0,0,1,0,0.4054651081081644,0.06880749334195016,4
3.6375861597263857,1,4,0,1,0,0,1,0,0,2,0,1,0,0,1,0,0,1.252762968495368,0.46094390729486756,4
3.5263605246161616,1,3,0,1,0,0,2,0,1,0,0,1,0,1,0,1,0,1.252762968495368,0.5366746715370256,6
3.871201010907891,1,3,0,1,0,0,0,0,1,2,0,1,0,1,0,0,0,0.4054651081081644,0.655819262846118,7
3.4657359027997265,2,3,1,1,0,0,2,0,0,1,5,1,0,0,1,1,0,1.8718021769015916,0.3941417573741702,6
3.555348061489413,2,4,0,1,0,0,1,0,0,2,3,1,0,0,1,0,0,1.252762968495368,1.420283051988818,3
3.332204510175204,1,2,0,1,0,0,0,0,0,1,0,1,0,0,1,1,0,1.8718021769015916,0.3855660099752315,6
3.4339872044851463,1,3,0,1,0,0,2,0,0,2,3,1,0,0,1,0,0,1.6094379124341005,1.0239044717380286,5
3.58351893845611,1,4,0,1,1,0,1,0,0,2,0,1,0,0,1,1,0,1.6094379124341005,0.2879079581744607,5
3.4657359027997265,2,3,0,1,0,0,1,0,3,1,3,1,0,0,1,1,0,1.252762968495368,0.14072245427965707,4
3.258096538021482,1,3,0,1,0,0,0,0,1,1,2,1,0,0,0,1,0,1.252762968495368,0.29621172461165834,6
3.258096538021482,1,2,1,1,0,0,1,0,0,0,7,0,1,0,0,1,0,1.252762968495368,0.4410624765704163,4
3.4011973816621555,1,1,0,1,0,0,1,0,0,2,0,1,0,0,1,1,0,0.4054651081081644,0.46697006709004735,4
3.80666248977032,2,3,1,1,0,0,0,0,0,0,3,1,0,0,1,1,0,0.4054651081081644,0.07402373031436535,7
3.367295829986474,1,2,0,1,0,0,1,0,1,2,0,1,0,0,1,1,0,1.8718021769015916,0.7753330406593938,4
3.9318256327243257,1,4,0,1,0,0,1,0,2,1,4,1,0,0,1,0,1,1.252762968495368,0.131268511842977,3
3.4011973816621555,1,3,0,0,0,1,1,0,1,0,0,1,0,0,1,1,0,1.8718021769015916,0.44246657092693326,4
3.6635616461296463,1,2,3,1,0,0,0,0,1,1,3,0,1,0,0,1,0,0.0,0.12873291602154155,5
3.218875824868201,1,2,0,1,0,0,0,0,1,2,0,1,0,0,1,1,0,1.252762968495368,0.6228308622956478,6
3.713572066704308,1,4,2,1,0,0,1,0,1,2,1,1,0,0,1,0,1,1.6094379124341005,0.5440667570662944,4
3.4011973816621555,1,4,1,1,0,0,1,1,2,2,2,0,1,0,0,0,1,1.252762968495368,0.4429282551900534,5
3.8501476017100575,1,4,0,1,0,0,0,1,1,2,4,1,0,0,1,0,0,1.6094379124341005,1.254405911495568,5
3.871201010907891,1,2,0,1,0,0,1,0,0,2,0,0,1,0,0,0,0,1.6094379124341005,0.7565132084931866,4
3.737669618283368,1,2,0,1,0,0,2,0,0,1,5,1,0,0,1,1,0,1.6094379124341005,0.9055533305476184,5
3.49650756146648,2,1,0,1,0,0,1,0,1,1,5,0,1,0,0,1,0,0.4054651081081644,0.8445216740671647,3
3.58351893845611,1,4,0,1,0,0,1,0,2,2,3,0,1,0,0,0,0,1.6094379124341005,0.17697118201435894,4
3.218875824868201,1,2,0,1,0,0,1,1,0,1,3,1,0,0,1,1,0,1.8718021769015916,1.0590326324048702,4
3.258096538021482,1,3,0,1,0,0,3,1,1,1,2,0,1,0,0,0,1,0.4054651081081644,0.4675941309988839,5
3.258096538021482,1,4,0,1,0,0,1,0,1,0,0,0,1,0,0,1,0,1.6094379124341005,0.3507164575587998,4
3.6375861597263857,2,2,1,1,0,0,1,0,1,0,0,1,0,0,1,1,0,1.252762968495368,0.19761218137584846,5
3.49650756146648,1,3,2,1,0,0,0,0,2,1,0,1,0,0,1,1,0,1.6094379124341005,0.5884049667865435,6
3.58351893845611,1,4,0,1,0,0,4,1,1,2,1,0,1,0,0,0,0,1.6094379124341005,0.2468001525795022,5
3.8501476017100575,1,4,2,1,0,0,1,0,0,0,4,1,0,0,1,1,0,1.6094379124341005,0.7083071218399546,3
3.258096538021482,1,4,1,1,0,0,0,0,1,0,0,1,0,0,1,1,0,1.252762968495368,0.3494896506560863,7
3.332204510175204,1,2,2,1,0,0,1,1,1,2,3,1,0,0,1,1,0,1.8718021769015916,1.4565894690684296,3
4.158883083359672,1,4,0,1,0,0,0,0,0,2,4,1,0,0,1,1,0,1.6094379124341005,0.3336671002338709,4
3.713572066704308,2,2,0,1,0,0,0,0,0,2,0,1,0,0,1,1,0,1.6094379124341005,0.7516330219669117,6
3.49650756146648,1,2,2,1,0,0,1,0,1,2,0,1,0,0,1,0,0,1.252762968495368,0.6170532169114422,4
3.4657359027997265,1,2,0,1,0,0,0,0,0,2,0,1,0,0,1,1,0,1.252762968495368,0.640661961570767,6
3.4657359027997265,1,4,0,1,0,0,3,0,0,2,4,1,0,1,0,1,0,1.6094379124341005,0.5775016647689366,4
3.555348061489413,1,2,2,1,0,0,3,1,1,2,0,1,0,0,1,1,0,0.4054651081081644,0.35289253131107295,5
3.218875824868201,2,2,0,1,0,0,4,1,3,1,1,0,1,0,0,0,1,0.4054651081081644,0.23077031850887925,5
3.218875824868201,1,2,1,1,0,0,1,1,1,0,3,0,1,0,0,1,0,1.252762968495368,0.44522152907826196,5
4.204692619390966,1,3,1,1,0,0,1,0,2,0,0,0,1,0,0,1,0,1.252762968495368,0.34173954333543766,4
3.091042453358316,1,3,0,1,0,0,1,1,1,0,3,0,1,0,0,0,1,1.252762968495368,0.691275749075609,4
3.737669618283368,1,2,1,1,0,0,0,0,3,0,3,0,1,0,0,1,0,1.252762968495368,0.11715368385017612,7
3.871201010907891,1,2,1,1,0,0,0,0,2,1,0,1,0,1,0,1,0,1.252762968495368,0.30177187122655236,7
3.258096538021482,1,4,0,1,0,0,1,1,1,2,0,0,1,0,0,0,1,1.252762968495368,0.6242636430040094,5
4.0943445622221,1,3,0,1,0,0,4,1,1,2,5,0,1,0,0,0,1,1.6094379124341005,1.255014401688578,4
3.610917912644224,1,4,0,1,0,0,0,0,3,0,5,1,0,0,0,1,0,1.252762968495368,0.4461836098079572,5
3.5263605246161616,1,2,0,1,0,0,2,0,1,2,0,1,0,0,1,1,0,0.4054651081081644,0.27265387278891295,5
3.091042453358316,2,4,1,1,0,0,1,1,1,0,0,1,0,0,1,0,1,1.252762968495368,0.4574789474692205,5
3.80666248977032,1,2,1,1,0,1,1,0,1,0,0,0,1,0,0,1,0,1.8718021769015916,0.30828976830017546,4
3.367295829986474,1,4,0,1,0,0,1,0,3,2,4,0,1,0,0,0,1,1.252762968495368,0.4642917366054855,3
3.6375861597263857,2,1,0,1,0,0,0,0,1,0,3,0,1,0,0,1,0,1.8718021769015916,0.048896147642880965,5
3.4011973816621555,1,2,3,1,0,0,4,0,0,2,6,0,1,0,0,1,0,0.4054651081081644,0.862019189454675,4
3.1780538303479458,1,4,2,1,0,0,1,1,1,2,4,0,1,0,0,0,1,1.252762968495368,0.2816095948391397,4
3.58351893845611,2,4,1,1,0,0,1,0,0,2,3,1,0,0,1,1,0,1.252762968495368,0.5236422456398098,5
3.828641396489095,2,3,2,1,0,0,0,0,1,2,3,1,0,0,1,1,0,1.8718021769015916,0.07569487652672158,6
3.295836866004329,1,4,1,1,0,0,3,1,0,2,5,0,1,0,0,0,1,1.252762968495368,0.9270116093919688,5
3.49650756146648,1,3,0,1,0,0,4,0,0,2,3,1,0,0,1,1,0,1.8718021769015916,0.46144790890564974,5
3.1780538303479458,1,4,1,1,0,0,4,0,1,0,0,1,0,0,1,1,0,1.252762968495368,0.3798599676355669,6
3.737669618283368,1,3,0,1,0,0,1,0,0,1,0,1,0,0,1,1,0,1.6094379124341005,0.7166809771732447,4
3.1354942159291497,1,4,0,1,0,0,4,0,2,0,2,1,0,0,1,1,0,1.252762968495368,0.7784062335914054,5
3.4339872044851463,1,4,2,1,0,0,0,0,0,1,2,1,0,0,1,1,0,1.8718021769015916,1.1444601734270228,6
3.367295829986474,1,1,1,1,0,0,0,0,1,1,5,1,0,0,1,1,0,0.4054651081081644,0.38393700990457563,6
3.1780538303479458,1,4,0,1,0,0,1,0,1,2,3,0,1,0,0,0,1,0.0,0.169069468182258,4
3.6375861597263857,1,1,1,1,0,0,1,1,1,0,3,0,1,0,0,1,0,0.4054651081081644,0.35187457146588963,5
3.295836866004329,1,3,0,1,0,0,1,0,0,2,4,1,0,0,1,1,0,1.252762968495368,0.23963384516248384,3
3.5263605246161616,1,2,0,1,0,0,1,0,1,2,4,1,0,0,1,1,0,1.8718021769015916,0.3170662857912752,3
3.912023005428146,1,1,0,1,0,0,1,0,1,1,2,0,1,0,0,1,0,1.6094379124341005,0.12192449959687689,4
3.1780538303479458,1,2,1,1,0,0,1,1,1,2,3,0,1,0,0,1,0,0.4054651081081644,0.1880288088613008,5
3.1780538303479458,1,4,1,1,0,0,1,0,0,0,5,0,1,0,0,0,1,1.8718021769015916,0.2412560944068799,4
3.258096538021482,1,2,0,1,0,0,0,0,1,2,0,0,1,0,0,1,0,1.8718021769015916,0.9387704043312689,6
4.02535169073515,2,4,0,1,0,0,2,1,3,2,7,1,0,0,1,0,0,1.6094379124341005,0.4512536098038715,5
3.49650756146648,1,4,0,1,0,0,1,1,0,2,3,0,1,0,0,0,1,1.8718021769015916,0.753913723769393,4
4.31748811353631,2,1,3,0,0,0,0,0,1,0,3,1,0,0,1,1,0,1.252762968495368,0.06801889229539149,6
3.688879454113936,1,4,0,1,0,0,0,1,0,2,0,1,0,0,1,0,0,1.252762968495368,0.4233536990111908,6
3.4657359027997265,1,2,0,1,0,1,1,0,1,0,3,1,0,0,1,1,0,1.252762968495368,0.4484472247321609,3
3.58351893845611,1,3,0,1,0,0,0,1,1,1,3,1,0,0,1,1,0,1.6094379124341005,0.43037614366986476,6
4.0943445622221,1,4,0,1,0,0,0,0,0,2,3,0,1,0,0,1,0,1.6094379124341005,0.17640731469557297,5
3.218875824868201,1,4,0,1,0,0,0,1,1,0,2,0,1,0,0,0,1,1.252762968495368,0.6281438729881419,6
3.218875824868201,1,3,1,1,0,0,1,0,1,1,0,1,0,0,1,1,0,1.252762968495368,0.4602136595930483,5
3.4339872044851463,1,4,2,1,0,0,0,1,0,2,3,1,0,0,1,0,0,1.6094379124341005,0.7630871318958593,5
3.332204510175204,1,3,0,1,0,0,0,0,0,1,3,1,0,1,0,1,0,1.8718021769015916,0.7781091319582832,6
3.713572066704308,1,3,1,1,0,1,1,0,1,0,0,1,0,1,0,1,0,1.6094379124341005,0.34980323485639814,5
3.4657359027997265,1,4,1,1,0,0,1,1,1,1,2,1,0,0,0,1,0,0.4054651081081644,0.5581716116781439,5
3.4657359027997265,1,4,0,1,0,0,1,0,0,0,4,0,1,0,0,0,1,0.4054651081081644,0.116897950808858,3
3.367295829986474,1,4,0,1,0,0,0,0,1,2,2,1,0,0,1,0,1,1.6094379124341005,0.1406411712827819,7
4.158883083359672,1,4,1,1,0,0,0,0,1,0,0,1,0,0,1,1,0,1.6094379124341005,0.2518369255269076,6
3.295836866004329,1,4,0,1,0,0,1,0,0,0,4,0,1,0,0,0,1,1.6094379124341005,0.46623169663195135,3
3.258096538021482,1,2,2,1,0,0,0,1,1,2,1,0,1,0,0,1,0,1.252762968495368,0.8884153979166083,6
3.610917912644224,1,4,2,1,0,0,0,0,1,2,4,1,0,0,1,1,0,1.6094379124341005,0.23311923061197393,4
3.970291913552122,1,4,0,1,0,0,0,0,0,1,0,1,0,0,1,1,0,1.6094379124341005,0.7743351512876739,6
4.204692619390966,1,4,3,1,0,0,0,0,2,2,3,1,0,0,1,0,0,0.0,0.25009785132875384,6
3.258096538021482,1,4,0,1,0,0,1,1,0,0,3,0,1,0,0,0,1,1.252762968495368,0.7563492473378028,4
3.6375861597263857,1,4,0,1,0,0,0,0,1,2,3,1,0,0,1,1,0,1.8718021769015916,1.0329662733558795,6
3.258096538021482,1,1,0,1,0,1,1,0,1,0,0,0,1,0,0,1,0,1.8718021769015916,0.6440885014393241,3
3.6635616461296463,1,2,2,1,0,0,0,0,3,2,4,1,0,0,1,1,0,1.6094379124341005,1.0532482532663139,5
4.219507705176107,1,4,0,1,0,0,1,0,1,2,7,0,1,0,0,1,0,0.0,0.3750598232722092,2
3.258096538021482,1,2,0,1,0,1,0,1,1,0,0,1,0,0,1,1,0,1.8718021769015916,0.6940191879462666,5
4.110873864173311,1,4,0,1,0,0,0,0,3,0,3,1,0,0,1,1,0,1.6094379124341005,0.7693004528165179,4
3.4657359027997265,1,2,1,1,0,0,3,0,1,0,8,1,0,0,1,1,0,1.252762968495368,0.24934294574350413,4
3.1780538303479458,1,2,1,1,0,0,1,1,0,1,3,0,1,0,0,1,0,0.4054651081081644,0.4353186264826846,5
4.110873864173311,1,4,2,1,0,0,1,0,0,0,4,1,0,0,0,1,0,0.0,0.23220077923581356,2
3.58351893845611,1,2,1,1,0,0,1,0,3,1,5,1,0,0,1,1,0,1.252762968495368,0.6252552363877198,4
3.713572066704308,1,4,0,1,0,0,1,0,2,2,0,1,0,0,1,1,0,1.6094379124341005,0.595517988366077,4
3.6635616461296463,2,3,0,1,0,0,0,0,0,2,4,1,0,0,1,1,0,1.6094379124341005,1.2156234901061878,5
3.9318256327243257,1,4,0,1,0,0,2,1,1,2,1,1,0,0,1,0,0,1.6094379124341005,1.2536276690715864,5
3.332204510175204,1,3,0,1,0,0,0,1,1,2,1,1,0,0,1,1,0,1.252762968495368,1.1252298464954085,5
3.688879454113936,2,4,0,1,0,0,1,1,1,1,5,0,1,0,0,1,0,1.6094379124341005,0.3984890933483208,3
3.737669618283368,2,4,2,1,0,0,1,0,0,2,4,1,0,0,1,1,0,1.6094379124341005,0.6624236613155808,3
3.332204510175204,1,2,0,1,0,0,0,0,0,1,2,1,0,1,0,1,0,1.252762968495368,0.06772958788322515,6
3.951243718581428,1,4,0,1,0,0,1,0,1,2,2,1,0,0,0,0,0,1.6094379124341005,0.6379766702558718,4
3.49650756146648,1,3,0,1,0,0,1,0,2,2,2,1,0,0,1,0,1,1.6094379124341005,0.7860755873492552,4
3.1354942159291497,1,4,0,1,0,0,1,0,0,1,2,0,1,0,0,0,1,0.4054651081081644,0.19863183644527488,4
3.951243718581428,2,4,0,1,0,0,1,1,0,1,4,1,0,0,1,0,0,1.6094379124341005,0.21307559070506438,3
3.1354942159291497,1,4,1,1,0,0,0,0,1,1,2,0,1,0,0,0,1,0.4054651081081644,0.24756349471271694,7
4.007333185232471,1,4,0,1,0,0,2,0,0,2,3,1,0,1,0,1,0,1.6094379124341005,0.7317073877148859,6
3.58351893845611,1,2,3,1,0,0,1,0,0,0,3,1,0,0,1,1,0,0.4054651081081644,0.355990245650858,4
4.007333185232471,2,4,0,1,0,0,0,0,1,2,1,1,0,0,1,0,0,1.6094379124341005,0.762062536368486,6
3.8918202981106265,1,4,1,1,0,1,0,0,1,0,0,0,1,0,0,0,1,1.6094379124341005,0.4995765249348929,6
3.218875824868201,1,4,0,1,0,0,0,0,1,1,2,0,1,0,0,1,0,1.6094379124341005,0.2267051066890209,6
3.58351893845611,1,4,0,1,0,0,0,0,0,2,0,1,0,0,1,1,0,1.6094379124341005,0.43931807887897817,6
3.218875824868201,1,2,3,1,0,0,1,0,0,0,3,0,1,0,0,0,1,0.0,0.14692469280553933,4
3.218875824868201,1,1,0,1,0,0,1,1,1,2,3,1,0,0,1,1,0,1.8718021769015916,0.6742416493349721,4
3.295836866004329,1,3,1,0,0,0,1,0,1,0,0,1,0,1,0,1,0,0.4054651081081644,0.18175322254091422,5
4.189654742026425,1,4,0,1,0,0,0,0,0,0,0,1,0,0,1,1,0,1.6094379124341005,0.43807274505625654,7
4.02535169073515,1,2,2,1,0,0,4,0,1,2,4,1,0,0,1,0,0,0.0,0.44566568735870976,4
3.295836866004329,1,1,3,1,0,0,3,1,1,0,3,0,1,0,0,0,1,0.4054651081081644,0.307319249618562,5
3.295836866004329,1,2,0,1,0,0,1,0,1,0,5,1,0,1,0,1,0,0.4054651081081644,0.2424425040485526,3
3.367295829986474,1,3,1,1,0,1,1,0,1,0,0,1,0,1,0,1,0,1.8718021769015916,0.17927327698723106,4
3.218875824868201,1,4,0,1,0,0,0,1,1,2,4,1,0,0,1,1,0,1.8718021769015916,1.0748777752638525,5
4.007333185232471,1,4,0,1,0,0,1,1,1,2,6,1,0,0,1,1,0,1.252762968495368,1.0266570461809135,3
3.8501476017100575,2,4,0,1,0,0,1,1,1,2,3,1,0,0,1,0,0,1.8718021769015916,1.2324158616584964,4
4.007333185232471,1,2,0,1,0,0,2,0,1,1,3,0,1,0,0,0,1,1.252762968495368,0.667459222869343,5
4.143134726391533,1,4,0,1,0,0,1,0,2,0,6,1,0,0,0,1,0,1.252762968495368,0.06815706287581275,2
3.218875824868201,1,2,0,1,0,0,0,0,1,2,0,0,1,0,0,0,1,1.8718021769015916,0.068855798208753,6
3.784189633918261,1,3,2,1,1,0,1,0,1,2,8,1,0,0,0,1,0,0.0,0.6905173755791284,4
3.295836866004329,1,3,0,1,0,0,1,1,1,0,0,1,0,1,0,1,0,1.252762968495368,0.6134080162007892,4
3.332204510175204,1,2,0,1,0,0,1,0,1,0,3,1,0,1,0,1,0,1.252762968495368,0.34879027830078735,5
3.218875824868201,1,1,0,1,0,0,1,0,1,2,0,1,0,1,0,1,0,1.252762968495368,0.36989545571212984,4
3.737669618283368,2,2,0,1,0,0,1,1,1,1,2,1,0,0,1,1,0,1.6094379124341005,0.6359373854151715,4
3.871201010907891,1,4,1,1,0,0,0,0,1,0,3,1,0,0,1,1,0,1.6094379124341005,0.3075272499548453,7
3.58351893845611,1,2,2,1,0,0,0,0,1,2,2,1,0,0,0,1,0,0.4054651081081644,0.5197074041877264,6
3.4339872044851463,1,3,0,1,0,0,0,0,1,2,3,1,0,1,0,1,0,1.6094379124341005,0.6931839209640573,6
3.5263605246161616,1,4,0,1,0,0,0,1,1,0,3,0,1,0,0,0,1,1.6094379124341005,0.20530460533735131,7
3.610917912644224,2,2,0,1,0,0,3,1,1,2,5,1,0,0,1,1,0,1.252762968495368,0.37656263482009966,4
3.871201010907891,1,4,0,1,0,0,1,1,0,2,4,1,0,0,1,0,0,1.6094379124341005,0.8896336387186442,3
3.6635616461296463,2,4,0,1,0,0,2,0,0,2,5,1,0,0,1,0,0,1.252762968495368,1.2568587241491709,4
3.80666248977032,2,2,0,1,0,0,2,0,2,2,5,1,0,0,1,1,0,1.252762968495368,0.7767714697770813,5
3.1780538303479458,1,3,0,1,0,0,1,1,1,2,3,0,1,0,0,0,1,0.4054651081081644,0.610126750862047,4
3.4011973816621555,1,4,0,1,0,0,3,1,1,2,5,1,0,0,1,0,1,1.6094379124341005,0.798125198163789,4
3.7612001156935615,1,4,0,1,0,0,1,0,0,2,0,0,1,0,0,1,0,1.6094379124341005,0.4809833585020376,4
3.258096538021482,1,3,1,1,0,0,1,1,1,0,0,0,1,0,0,1,0,0.4054651081081644,0.31225438888043605,5
3.8918202981106265,1,4,0,1,0,0,3,1,1,2,3,1,0,0,1,1,0,1.252762968495368,0.4419724681281054,5
3.091042453358316,1,2,0,1,0,0,1,0,0,2,0,0,1,0,0,1,0,1.252762968495368,0.4368209576893659,4
3.1780538303479458,2,3,1,1,0,0,1,0,1,0,2,0,1,0,0,0,1,0.4054651081081644,0.04339899720242703,5
4.158883083359672,1,4,0,1,0,0,0,0,1,1,4,1,0,0,1,1,0,1.6094379124341005,0.7848029141666999,4
3.8501476017100575,1,3,0,1,1,0,0,0,1,0,0,1,0,1,0,1,0,1.6094379124341005,0.780250841749385,7
3.4011973816621555,1,2,0,1,0,0,1,1,1,1,2,1,0,0,1,1,0,1.8718021769015916,1.0491470517050312,4
3.367295829986474,1,2,1,1,0,0,2,0,1,0,4,1,0,0,1,1,0,1.252762968495368,0.5782237657033099,6
3.1780538303479458,1,4,0,1,0,0,1,1,1,0,7,0,1,0,0,1,0,0.4054651081081644,0.6252883022426555,3
3.9318256327243257,1,4,0,1,0,0,4,0,1,2,5,1,0,0,1,1,0,1.8718021769015916,0.7611629910186475,4
3.871201010907891,2,4,0,1,0,0,1,0,1,1,2,1,0,0,1,1,0,1.6094379124341005,0.6432971397279459,6
3.58351893845611,1,3,0,1,0,0,1,0,0,2,2,1,0,0,1,1,0,1.8718021769015916,0.42647781893130465,4
4.23410650459726,1,4,0,1,0,0,1,1,0,2,3,1,0,0,1,0,1,1.252762968495368,0.3864864441461342,4
3.367295829986474,1,2,0,1,0,0,1,0,1,0,3,1,0,1,0,1,0,0.4054651081081644,0.7528435444687948,4
4.0943445622221,1,4,0,1,0,0,1,0,1,0,0,1,0,0,1,1,0,1.8718021769015916,0.27598909208769384,4
4.060443010546419,1,4,1,1,0,0,1,1,1,0,0,1,0,0,1,1,0,1.6094379124341005,0.43104479941273705,5
3.5263605246161616,1,2,0,0,0,1,0,1,1,1,3,1,0,1,0,0,1,1.252762968495368,0.6803912428630581,5
3.784189633918261,1,4,0,1,0,0,0,0,0,1,4,1,0,0,1,1,0,1.8718021769015916,0.6485341682981737,5
3.58351893845611,1,4,0,1,0,0,0,0,1,2,0,1,0,0,1,0,0,1.252762968495368,0.5365358748566553,6
3.49650756146648,2,4,1,1,0,0,4,1,1,2,3,1,0,0,1,0,0,1.8718021769015916,0.615667975406008,7
3.828641396489095,2,2,0,1,0,0,2,0,1,2,3,1,0,0,1,1,0,1.6094379124341005,0.6791084134042185,6
3.5263605246161616,1,3,0,1,0,0,1,0,0,0,3,1,0,1,0,1,0,0.4054651081081644,0.759065662744042,4
3.713572066704308,1,3,0,1,0,0,1,0,0,1,8,0,1,0,0,1,0,1.8718021769015916,0.3762299432216223,3
3.367295829986474,1,2,0,1,0,0,0,0,1,2,2,1,0,0,1,0,0,1.252762968495368,0.5602549968702759,5
3.4011973816621555,1,2,0,1,0,0,1,1,1,1,3,0,1,0,0,1,0,1.252762968495368,0.45087262770810316,4
3.295836866004329,2,2,0,0,0,1,1,0,0,0,3,1,0,0,1,0,1,1.252762968495368,0.10721653045645188,3
3.332204510175204,1,2,0,1,0,0,0,0,3,0,4,1,0,0,1,1,0,1.252762968495368,0.8091173050955766,5
3.367295829986474,1,2,0,1,0,0,2,1,1,2,5,1,0,1,0,1,0,1.252762968495368,0.6288148435255319,4
3.58351893845611,1,4,0,1,0,0,1,1,1,0,0,0,1,0,0,1,0,0.4054651081081644,0.777749290793221,4
3.49650756146648,2,2,1,1,0,0,0,0,3,0,2,1,0,0,1,1,0,0.4054651081081644,0.8667985258583875,7
3.258096538021482,1,2,1,1,0,0,1,1,1,0,2,1,0,0,1,0,1,1.252762968495368,0.2179099267753917,5
3.044522437723423,1,4,0,1,0,0,1,0,2,2,2,0,1,0,0,0,1,1.252762968495368,0.31140107501434916,4
3.332204510175204,1,1,0,1,0,0,1,0,1,2,0,0,1,0,0,1,0,0.4054651081081644,0.6319009143686437,4
3.7612001156935615,1,4,0,1,0,0,0,0,1,1,2,1,0,0,1,1,0,1.6094379124341005,0.26265319837416046,5
3.6375861597263857,1,2,0,1,0,0,1,0,0,1,5,1,0,0,1,1,0,1.6094379124341005,0.8852699462528362,4
3.218875824868201,1,4,0,1,0,0,1,0,1,1,2,0,1,0,0,0,1,1.6094379124341005,0.4288639117217143,4
3.713572066704308,1,4,0,1,0,0,2,0,2,2,2,0,1,0,0,1,0,1.8718021769015916,0.6684610638306182,6
3.8501476017100575,2,4,0,0,0,0,0,0,1,0,3,1,0,0,1,1,0,1.6094379124341005,0.06817448372618774,6
3.295836866004329,1,1,0,1,0,0,0,0,0,0,5,1,0,0,1,1,0,1.8718021769015916,0.7566492775542096,5
3.218875824868201,1,1,0,1,0,0,1,0,0,0,6,0,1,0,0,1,0,0.4054651081081644,0.521196761081613,3
3.4011973816621555,2,2,1,1,1,0,1,0,1,1,2,1,0,0,1,1,0,1.252762968495368,0.26380419709774255,6
3.713572066704308,1,4,0,1,0,0,0,0,3,2,3,0,1,0,0,1,0,1.252762968495368,0.41660555033067753,6
3.610917912644224,1,4,2,1,1,0,4,0,1,2,0,1,0,0,1,0,0,0.4054651081081644,0.5016954444946944,6
3.367295829986474,1,2,0,1,0,0,1,0,1,2,0,1,0,0,1,1,0,1.6094379124341005,1.0336849201262652,4
3.332204510175204,1,2,2,1,0,0,1,1,1,2,3,1,0,0,1,0,0,0.4054651081081644,0.2766998258626965,4
3.610917912644224,1,3,0,1,0,0,0,0,0,1,0,1,0,0,1,1,0,1.8718021769015916,0.5800867443177464,6
3.6635616461296463,1,3,2,1,0,0,1,0,1,2,4,1,0,0,1,1,0,1.8718021769015916,0.6690008199858779,3
3.8918202981106265,1,4,0,1,0,0,1,0,0,2,4,1,0,0,0,0,0,1.252762968495368,0.49574566379116564,3
3.610917912644224,1,4,0,1,0,0,0,0,0,0,3,1,0,0,1,1,0,1.6094379124341005,0.8999700513100061,6
4.189654742026425,1,4,3,1,0,0,0,0,1,2,0,0,1,0,0,1,0,0.0,0.6067938281380443,5
3.784189633918261,1,3,0,1,0,0,1,1,1,2,2,1,0,0,0,1,0,1.8718021769015916,0.6486503563459652,4
3.9889840465642745,1,4,0,1,0,0,1,1,1,1,1,0,1,0,0,1,0,0.4054651081081644,0.4340162481748725,4
3.555348061489413,2,3,0,1,0,0,0,0,0,2,5,1,0,0,1,1,0,1.8718021769015916,0.7831348308574768,5
3.1780538303479458,1,2,0,1,0,0,1,1,1,2,5,1,0,0,1,1,0,1.252762968495368,0.843888155742685,3
3.555348061489413,1,4,2,1,0,0,0,0,1,2,3,1,0,0,1,1,0,1.6094379124341005,1.0593737338890155,6
3.713572066704308,2,4,0,1,0,1,4,0,0,0,4,1,0,0,1,0,1,0.4054651081081644,0.7472041475492486,4
3.784189633918261,2,4,2,1,0,0,0,0,1,2,5,1,0,0,1,1,0,1.6094379124341005,0.8431820667813217,7
3.8501476017100575,1,4,0,1,0,0,0,0,1,2,0,1,0,0,1,1,0,1.6094379124341005,0.5428846127145568,6
3.6635616461296463,1,4,1,0,0,0,0,0,1,1,3,1,0,0,1,1,0,1.252762968495368,0.4597183897812469,7
3.555348061489413,1,4,0,1,0,0,0,0,1,2,4,1,0,0,1,1,0,1.252762968495368,0.8761365053112989,5
3.4011973816621555,1,3,0,1,0,0,0,0,0,1,0,1,0,0,1,1,0,1.252762968495368,0.6088410170439287,6
3.4657359027997265,2,2,2,1,0,0,2,0,0,2,4,1,0,0,1,1,0,1.8718021769015916,0.8922498950978075,4
3.367295829986474,1,4,2,1,0,0,1,0,1,1,0,0,1,0,0,0,1,0.4054651081081644,0.7100696442757769,4
3.58351893845611,1,2,0,0,0,0,0,0,3,1,2,0,1,0,0,1,0,1.8718021769015916,0.3565654856924635,5
3.5263605246161616,1,4,1,1,0,0,1,0,0,0,2,0,1,0,0,0,1,1.8718021769015916,0.16760530622891534,5
3.7612001156935615,1,3,0,1,1,0,1,1,1,2,2,1,0,0,1,1,0,1.252762968495368,0.3765032346619327,5
3.784189633918261,1,4,0,1,0,1,0,1,1,1,3,1,0,0,1,0,1,1.6094379124341005,0.3322842762006634,4
3.80666248977032,1,4,0,1,0,0,0,0,0,0,3,1,0,0,0,1,0,0.4054651081081644,0.4068858514657587,6
3.7612001156935615,1,4,0,1,0,0,0,0,0,2,4,1,0,0,1,0,0,1.6094379124341005,0.6779734302360372,5
3.713572066704308,1,2,0,1,0,0,1,0,0,0,0,1,0,1,0,0,1,1.252762968495368,0.5347940672892008,4
3.610917912644224,1,1,2,1,0,0,1,0,1,0,0,1,0,0,1,1,0,1.6094379124341005,0.7537080900933153,4
3.044522437723423,2,2,2,1,0,0,1,0,1,0,0,1,0,0,1,0,1,1.252762968495368,0.2455649445306017,4
3.218875824868201,1,2,1,0,1,0,1,0,0,0,3,1,0,0,1,1,0,1.8718021769015916,0.42521901313000426,6
3.332204510175204,1,2,0,1,0,0,1,0,0,2,1,1,0,1,0,1,0,1.252762968495368,0.6458504852101871,4
3.8501476017100575,1,2,1,1,0,0,2,0,1,1,4,0,1,0,0,1,0,0.4054651081081644,0.17284740828560913,6
3.5263605246161616,1,2,1,1,0,0,1,0,0,0,3,0,1,0,0,1,0,1.252762968495368,0.10645532735451532,5
3.555348061489413,1,4,0,1,0,0,2,0,1,0,0,0,1,0,0,1,0,1.252762968495368,1.042788607966507,6
3.258096538021482,1,4,1,1,0,0,0,1,1,2,2,0,1,0,0,1,0,0.4054651081081644,0.4792285402805741,6
3.258096538021482,1,4,0,1,0,0,1,0,0,2,0,0,1,0,0,1,0,1.6094379124341005,0.5570730915052376,4
3.367295829986474,1,2,0,1,0,0,1,0,3,0,5,1,0,0,0,1,0,1.6094379124341005,0.1254202870699726,3
3.4657359027997265,1,2,0,1,0,0,4,1,1,1,5,1,0,0,1,0,1,1.252762968495368,0.787234769943383,4
3.49650756146648,1,2,2,0,0,0,3,1,1,1,8,0,1,0,0,1,0,1.252762968495368,0.5123244545519647,3
3.49650756146648,2,2,0,1,1,0,1,0,0,0,4,1,0,0,1,1,0,1.252762968495368,0.11676123900466608,4
4.23410650459726,1,4,2,1,0,0,1,1,1,2,3,1,0,0,1,1,0,1.6094379124341005,0.07934986777215161,3
3.5263605246161616,1,1,0,1,0,0,1,1,0,1,2,1,0,0,0,1,0,0.0,0.2573323762225293,4
3.688879454113936,1,2,2,1,0,0,1,1,1,1,2,1,0,0,1,0,1,1.6094379124341005,0.789292558779793,4
3.367295829986474,1,2,0,1,0,0,0,0,1,2,2,0,1,0,0,1,0,1.252762968495368,0.6231333633696122,6
3.6375861597263857,1,1,2,1,0,0,2,0,2,2,0,1,0,0,1,1,0,1.8718021769015916,1.2858534343518404,5
3.1354942159291497,1,4,0,1,0,0,1,1,1,1,0,0,1,0,0,0,1,0.4054651081081644,0.27601410784472186,4
3.4339872044851463,2,4,0,1,0,0,1,0,1,1,3,1,0,0,1,0,1,1.8718021769015916,0.36136673276951875,4
4.02535169073515,1,1,0,1,0,0,4,1,1,1,2,1,0,0,0,1,0,0.4054651081081644,0.4884073836774051,5
3.8501476017100575,1,2,0,1,0,0,4,1,1,2,3,1,0,0,1,1,0,0.4054651081081644,0.4306009947817844,6
3.091042453358316,1,4,0,1,0,0,0,0,1,1,2,0,1,0,0,0,1,0.4054651081081644,0.6052995979241741,5
3.688879454113936,2,4,0,1,0,0,1,1,1,2,4,1,0,0,1,0,0,1.8718021769015916,1.2763617759409538,5
4.07753744390572,1,4,0,1,0,0,1,0,0,2,0,1,0,0,1,1,0,1.6094379124341005,0.8936296565975737,4
3.784189633918261,2,2,1,1,0,0,2,0,1,0,3,1,0,0,1,1,0,1.252762968495368,0.4475320628729967,7
3.218875824868201,1,1,1,0,1,0,1,0,1,1,2,1,0,0,1,1,0,0.4054651081081644,0.7654087208208104,6
3.1354942159291497,1,2,0,1,0,0,1,1,1,2,0,0,1,0,0,1,0,0.4054651081081644,0.35756957408491646,4
3.4339872044851463,1,1,0,1,0,0,0,0,1,0,3,1,0,0,1,1,0,1.252762968495368,0.2741383692218001,6
3.7612001156935615,2,4,0,1,0,0,0,0,2,1,0,1,0,0,1,1,0,1.6094379124341005,0.42305417048069544,6
3.1780538303479458,1,1,0,1,0,0,1,0,1,2,0,0,1,0,0,1,0,1.252762968495368,0.45030187068283756,4
3.4339872044851463,1,3,2,1,0,0,2,1,0,2,0,1,0,0,1,1,0,0.4054651081081644,0.894753064346466,6
3.367295829986474,1,2,1,1,0,0,1,1,1,0,0,0,1,0,0,1,0,1.252762968495368,0.2656095074977129,5
3.4339872044851463,1,3,2,1,0,0,1,0,1,2,0,1,0,1,0,0,1,0.4054651081081644,0.2552571033517308,4
3.7612001156935615,1,4,0,1,0,0,1,1,1,2,1,1,0,0,1,0,0,1.252762968495368,1.4184785379372102,3
3.8501476017100575,2,4,2,1,0,0,0,0,0,1,4,1,0,0,1,1,0,1.252762968495368,0.4882999950198727,5
3.828641396489095,2,3,2,1,0,0,1,0,0,1,3,1,0,0,1,1,0,0.4054651081081644,0.2635321743911915,4
3.4657359027997265,2,2,1,0,0,0,1,0,1,0,3,1,0,0,1,1,0,1.252762968495368,0.30474532894405054,5
3.4657359027997265,1,2,0,1,0,0,1,0,0,2,2,1,0,0,1,1,0,1.8718021769015916,0.7416273955275776,4
3.7612001156935615,2,1,1,1,0,0,0,0,1,0,3,1,0,0,1,1,0,1.8718021769015916,0.09039214940219377,8
3.8501476017100575,1,1,0,1,0,1,1,0,1,1,2,0,1,0,0,0,1,0.4054651081081644,0.5431376337357552,3
3.4339872044851463,1,1,0,1,0,0,3,0,2,2,3,0,1,0,0,1,0,0.4054651081081644,0.4932007300091093,5
3.4339872044851463,2,4,0,1,0,0,4,1,2,2,2,1,0,0,1,0,0,0.4054651081081644,0.7893359797333077,5
3.6635616461296463,1,4,2,1,0,0,1,0,0,2,3,1,0,0,1,1,0,0.0,0.4666475745156355,4
3.784189633918261,2,1,1,1,1,0,1,1,1,1,2,1,0,1,0,1,0,0.4054651081081644,0.6176497728391575,6
3.4657359027997265,1,4,0,1,0,0,1,1,0,2,0,1,0,0,1,1,0,1.6094379124341005,0.47255689351342806,5
3.713572066704308,2,3,3,1,0,0,0,0,1,2,5,1,0,1,0,1,0,0.0,0.5183263250948987,6
3.218875824868201,1,1,0,1,0,0,2,1,1,2,5,1,0,0,1,1,0,1.8718021769015916,0.6284587999767692,5
3.367295829986474,1,4,0,1,0,0,1,1,2,2,4,0,1,0,0,0,1,0.4054651081081644,0.6490802443129355,3
3.295836866004329,1,2,2,1,0,0,1,1,1,2,2,0,1,0,0,1,0,0.0,1.0802190787756336,5
3.4011973816621555,1,4,0,1,0,1,1,0,1,1,3,0,1,0,0,1,0,1.252762968495368,0.45625134757924696,3
4.060443010546419,1,4,2,1,0,0,0,0,3,1,0,0,1,0,0,0,1,1.6094379124341005,0.7522963885596221,6
3.912023005428146,1,4,1,1,0,0,0,0,0,1,0,1,0,0,1,1,0,1.6094379124341005,0.9207559672589992,7
3.6375861597263857,1,4,1,1,0,0,0,0,1,0,0,1,0,0,1,1,0,1.6094379124341005,0.19010881051617828,8
3.828641396489095,1,2,1,1,0,0,1,1,1,2,3,1,0,0,1,1,0,1.252762968495368,0.7247578971256153,5
3.4339872044851463,1,4,0,1,0,0,1,0,0,2,2,1,0,0,1,0,0,1.6094379124341005,0.7861588174442521,4
3.4339872044851463,1,2,0,1,0,0,0,0,1,0,0,1,0,1,0,0,1,1.6094379124341005,0.13426334183598257,6
3.871201010907891,1,4,0,1,0,0,2,0,1,1,3,1,0,0,0,1,0,1.252762968495368,0.2285258699131886,6
3.4011973816621555,1,2,0,1,0,0,1,0,0,2,3,1,0,0,1,1,0,1.252762968495368,0.44830459787949184,4
3.58351893845611,1,2,0,1,0,0,1,1,2,2,0,1,0,0,1,1,0,1.6094379124341005,0.6320075358049834,5
3.1354942159291497,1,1,1,1,0,0,1,0,1,1,7,1,0,1,0,1,0,0.4054651081081644,0.17847066846114845,4
3.295836866004329,1,1,0,1,0,0,1,0,0,2,0,0,1,0,0,1,0,1.252762968495368,0.8901489628522039,4
3.1780538303479458,1,2,1,1,0,0,0,1,2,1,0,1,0,0,1,1,0,1.252762968495368,0.8443990716995758,7
4.007333185232471,1,2,2,1,0,0,1,0,1,2,0,0,1,0,0,0,1,1.6094379124341005,0.5621131256458698,4
3.4011973816621555,1,4,0,1,0,0,1,0,0,1,0,1,0,1,0,0,1,1.8718021769015916,0.744287002191285,4
3.713572066704308,2,2,1,1,0,0,0,0,1,0,3,1,0,0,1,1,0,1.252762968495368,0.13033417264474334,7
3.1354942159291497,1,2,0,1,0,1,1,0,0,0,7,1,0,0,1,1,0,1.252762968495368,0.5373779608299042,2
3.784189633918261,2,4,1,1,0,0,1,0,1,1,3,1,0,0,1,1,0,1.252762968495368,0.2748406375238637,5
3.4011973816621555,1,4,3,1,1,0,4,1,1,2,3,0,1,0,0,0,1,0.0,0.24673479726083447,7
3.610917912644224,1,4,0,1,1,0,1,1,1,2,5,1,0,0,1,0,1,1.6094379124341005,1.4256580448115497,3
3.5263605246161616,1,2,0,1,0,0,0,0,1,2,0,0,1,0,0,1,0,1.252762968495368,0.9105197484291191,5
4.060443010546419,1,3,1,1,0,0,1,0,2,2,0,0,1,0,0,1,0,1.252762968495368,0.6112330110728598,5
4.174387269895637,1,3,0,1,0,1,1,0,1,0,0,0,1,0,0,1,0,1.252762968495368,0.12691298022600536,2
3.7612001156935615,1,2,0,1,0,0,2,0,0,1,5,1,0,0,1,1,0,1.6094379124341005,0.632404121563691,5
3.871201010907891,2,4,1,1,0,0,2,1,1,2,3,1,0,0,1,1,0,1.6094379124341005,0.7792106435341466,7
3.258096538021482,1,2,0,1,0,0,4,1,0,1,3,1,0,1,0,0,1,1.252762968495368,0.3010262536055109,5
3.912023005428146,1,2,0,1,0,0,0,1,1,1,2,1,0,0,1,1,0,1.8718021769015916,0.5861763224953628,5
3.5263605246161616,1,2,2,1,0,0,1,1,1,2,5,1,0,0,1,0,1,0.0,1.0463326100026311,3
3.367295829986474,1,1,2,1,0,0,1,0,0,2,3,0,1,0,0,1,0,1.252762968495368,0.23154188577735652,4
3.295836866004329,2,2,0,1,0,0,1,1,1,1,4,1,0,0,1,1,0,1.252762968495368,0.6705899232631747,3
3.4339872044851463,1,2,1,1,0,0,0,0,1,1,2,1,0,0,1,1,0,1.8718021769015916,0.4579958520044999,7
3.258096538021482,1,3,0,1,0,0,0,0,1,1,2,0,1,0,0,0,1,1.252762968495368,0.5357703432473376,6
3.5263605246161616,1,1,0,1,0,0,3,0,1,1,5,1,0,0,0,1,0,0.4054651081081644,0.7399362464753863,4
4.174387269895637,1,4,0,1,0,0,1,0,0,0,0,0,1,0,0,1,0,0.0,0.26755473156435633,3
3.4011973816621555,1,2,2,1,0,0,1,0,1,2,4,1,0,0,1,0,0,0.0,0.8135718251799295,3
3.8918202981106265,1,2,1,1,0,0,0,0,1,1,0,1,0,0,1,1,0,1.6094379124341005,0.765323418621712,7
3.6375861597263857,2,1,1,1,0,0,0,0,0,1,1,1,0,0,1,1,0,0.4054651081081644,0.26369683608150446,7
3.555348061489413,2,4,1,1,0,0,4,0,0,2,0,1,0,0,1,1,0,1.6094379124341005,0.5384198665254887,6
3.1780538303479458,1,4,1,1,0,0,1,0,0,2,0,1,0,1,0,0,1,1.8718021769015916,0.36066580617402894,6
3.4339872044851463,1,3,2,1,0,0,1,0,1,1,2,1,0,0,1,1,0,0.0,1.0377931614471758,4
3.9318256327243257,1,3,0,1,0,0,1,0,0,2,3,1,0,0,1,1,0,1.6094379124341005,0.46214292324853834,4
3.4657359027997265,1,4,1,1,0,0,1,0,1,0,2,0,1,0,0,1,0,1.8718021769015916,0.3583824750324178,5
3.713572066704308,1,4,2,1,0,0,1,0,1,1,4,1,0,0,0,1,0,1.252762968495368,0.9228849619281904,3
3.6635616461296463,1,4,0,1,0,0,1,0,1,2,0,1,0,0,1,1,0,1.6094379124341005,0.4343079464567155,4
3.1780538303479458,1,4,0,1,0,0,1,1,1,2,0,1,0,0,1,0,0,1.252762968495368,1.1518998028729681,4
3.332204510175204,1,4,0,1,0,0,0,0,0,2,4,1,0,0,1,1,0,0.0,1.002592384997185,4
